scenario,variant,seed,sep,side,commit,coll
head_on,full,300,15.909627455737574,1,19.49999999999967,0
head_on,full,301,18.71017357430926,1,14.75000000000021,0
head_on,full,302,18.755710425102734,1,20.249999999999705,0
head_on,full,303,12.939792424691065,1,20.14999999999988,0
head_on,full,304,17.668112245130654,1,15.550000000000203,0
head_on,full,305,13.091733434920226,1,21.299999999999937,0
head_on,full,306,15.584356255149217,1,17.000000000000064,0
head_on,full,307,19.282048988251905,1,20.949999999999555,0
head_on,full,308,21.503797106567397,1,12.250000000000174,0
head_on,full,309,15.42296364101309,1,18.14999999999989,0
head_on,full,310,22.176246271021697,1,5.44999999999969,0
head_on,full,311,15.41335189748231,1,20.249999999999577,0
head_on,full,312,15.806165856568434,1,22.099999999999298,0
head_on,full,313,17.890627589010936,1,23.44999999999927,0
head_on,full,314,18.065813115747716,1,16.05000000000011,0
head_on,full,315,14.249508639000632,1,18.00000000000001,0
head_on,full,316,13.999456861767712,1,18.44999999999996,0
head_on,full,317,22.81462828243458,1,5.9999999999999325,0
head_on,full,318,29.440621357933264,1,18.84999999999976,0
head_on,full,319,31.10493537070548,1,12.600000000000179,0
head_on,full,320,22.013928529968226,1,16.800000000000065,0
head_on,full,321,35.37391147835719,0,19.349999999999824,0
head_on,full,322,21.00247846675754,1,24.249999999999137,0
head_on,full,323,16.411246035008183,1,13.249999999999247,0
head_on,full,324,19.566594701867352,1,7.099999999999596,0
head_on,full,325,19.879054264225736,1,19.099999999999792,0
head_on,full,326,15.575628540514817,1,17.000000000000068,0
head_on,full,327,17.701783126020075,1,25.44999999999901,0
head_on,full,328,17.998820664180105,1,24.49999999999912,0
head_on,full,329,16.39043507013505,1,20.04999999999957,0
head_on,full,330,16.67326151797707,0,25.04999999999937,0
head_on,full,331,25.23405422356008,1,20.99999999999951,0
head_on,full,332,20.206674934645243,1,14.1000000000002,0
head_on,full,333,26.042840194301363,1,18.94999999999975,0
head_on,full,334,21.457625547207257,1,20.19999999999962,0
head_on,full,335,19.740099282462396,1,14.0500000000002,0
head_on,full,336,24.934797356148994,1,0.0,0
head_on,full,337,26.47105072554116,1,12.050000000000171,0
head_on,full,338,22.717129594942172,1,6.399999999999995,0
head_on,full,339,31.351443954948053,1,0.0,0
head_on,full,340,15.503590761353617,1,17.599999999999977,0
head_on,full,341,16.382552255774723,1,19.649999999999626,0
head_on,full,342,18.299753173499447,1,15.150000000000215,0
head_on,full,343,14.477585915242772,0,16.900000000000237,0
head_on,full,344,18.44107895633887,0,20.84999999999978,0
head_on,full,345,22.18208601650296,1,5.599999999999724,0
head_on,full,346,15.602086470539266,1,19.499999999999673,0
head_on,full,347,20.267298753306925,1,15.400000000000219,0
head_on,full,348,17.07497246582311,1,25.199999999999115,0
head_on,full,349,24.038576327426437,1,16.100000000000122,0
head_on,full,350,18.341357632887465,1,8.649999999999508,0
head_on,full,351,14.976433450485414,1,21.79999999999938,0
head_on,full,352,22.942481577348946,0,23.899999999999405,0
head_on,full,353,21.914927789833445,1,16.650000000000098,0
head_on,full,354,18.872934324870577,1,15.95000000000011,0
head_on,full,355,32.7898002982712,1,14.250000000000203,0
head_on,full,356,28.053911260941906,1,21.8499999999994,0
head_on,full,357,20.281122170124,1,12.800000000000182,0
head_on,full,358,17.952080027172713,1,22.29999999999945,0
head_on,full,359,21.913440183526195,1,15.050000000000207,0
head_on,full,360,18.008368862702472,1,18.39999999999977,0
head_on,full,361,18.585360278441566,0,23.149999999999494,0
head_on,full,362,17.707363913332866,1,24.249999999999172,0
head_on,full,363,14.340624817043462,0,40.14999999999797,0
head_on,full,364,16.446977931685524,1,18.899999999999736,0
head_on,full,365,15.49083338203723,1,33.099999999998275,0
head_on,full,366,21.340680756736454,1,15.250000000000199,0
head_on,full,367,19.07090296784977,0,20.749999999999773,0
head_on,full,368,12.428459813888951,1,23.499999999999307,0
head_on,full,369,37.047453900797066,0,21.199999999998795,0
head_on,full,370,22.650654382179567,1,13.750000000000195,0
head_on,full,371,13.267867705248706,1,19.69999999999999,0
head_on,full,372,28.144651749344682,1,4.350000000000062,0
head_on,full,373,15.47656865660379,1,17.25000000000004,0
head_on,full,374,14.5749634345767,0,16.750000000000213,0
head_on,full,375,20.606640173337972,1,15.450000000000202,0
head_on,full,376,24.013850272689336,1,24.999999999999037,0
head_on,full,377,12.743350674943999,1,20.799999999999827,0
head_on,full,378,20.28091446324639,1,18.04999999999995,0
head_on,full,379,24.37273706055163,0,20.799999999999738,0
head_on,full,380,15.867541095477838,1,19.14999999999972,0
head_on,full,381,19.46255502789186,1,16.75000000000004,0
head_on,full,382,26.760573455213496,1,17.14999999999998,0
head_on,full,383,13.331362489075367,1,20.149999999999732,0
head_on,full,384,20.770888328051118,0,26.499999999999133,0
head_on,full,385,16.068665133409887,1,20.599999999999515,0
head_on,full,386,17.601402162951725,1,23.79999999999925,0
head_on,full,387,17.031812261866147,1,17.249999999999964,0
head_on,full,388,17.88060601316824,1,22.94999999999936,0
head_on,full,389,17.37857739815283,1,24.799999999999127,0
head_on,full,390,12.872130338542364,1,21.049999999999667,0
head_on,full,391,17.625569318449866,0,22.09999999999966,0
head_on,full,392,16.73535971511289,1,19.849999999999586,0
head_on,full,393,21.86606680848196,1,16.850000000000055,0
head_on,full,394,20.67864396020526,1,18.64999999999984,0
head_on,full,395,21.321181877682243,1,6.9999999999998295,0
head_on,full,396,27.308381601436654,1,16.350000000000087,0
head_on,full,397,21.298452567962727,1,15.250000000000203,0
head_on,full,398,20.264420826113003,1,19.899999999999675,0
head_on,full,399,16.99005006131591,1,16.650000000000055,0
head_on,full,400,17.410901869957097,1,15.800000000000175,0
head_on,full,401,16.958425300902,1,17.44999999999993,0
head_on,full,402,27.999606833486176,1,19.349999999999703,0
head_on,full,403,21.594980323607903,0,17.95000000000005,0
head_on,full,404,24.84346997126769,1,16.150000000000116,0
head_on,full,405,13.59499927852509,1,18.8,0
head_on,full,406,17.805826927617257,1,16.10000000000011,0
head_on,full,407,28.658120669924074,1,19.24999999999971,0
head_on,full,408,24.468760742091984,1,22.449999999999335,0
head_on,full,409,20.861559139965834,1,22.949999999999278,0
head_on,full,410,23.838685533834706,0,14.900000000000212,0
head_on,full,411,13.171230417201883,1,19.849999999999966,0
head_on,full,412,13.780858104341645,1,18.65000000000014,0
head_on,full,413,18.224784749253917,1,24.199999999999147,0
head_on,full,414,17.961409125115445,1,16.150000000000098,0
head_on,full,415,19.43586130138292,1,7.649999999999565,0
head_on,full,416,20.06332510956619,1,16.94999999999999,0
head_on,full,417,28.023439656349,1,20.99999999999951,0
head_on,full,418,17.30904967930545,1,16.350000000000087,0
head_on,full,419,17.817606317154357,1,23.699999999999232,0
head_on,full,420,25.30644384485168,1,16.900000000000023,0
head_on,full,421,23.16179079084299,1,23.09999999999926,0
head_on,full,422,22.281274335963886,1,17.69999999999993,0
head_on,full,423,24.242117799560564,1,13.600000000000193,0
head_on,full,424,20.178350940337,1,20.74999999999955,0
head_on,full,425,19.450187970853964,1,16.900000000000027,0
head_on,full,426,13.012313754300383,1,22.69999999999989,0
head_on,full,427,22.763739791683854,1,13.40000000000019,0
head_on,full,428,19.816119881425898,1,16.60000000000005,0
head_on,full,429,22.745024296312753,1,18.899999999999768,0
head_on,full,430,25.554706364750093,1,16.100000000000115,0
head_on,full,431,11.747123928790948,1,25.299999999999383,0
head_on,full,432,27.13562578879335,1,20.899999999999512,0
head_on,full,433,26.499770928869083,0,17.4000000000001,0
head_on,full,434,12.913256666655043,0,21.399999999999878,0
head_on,full,435,16.70008102243343,0,24.299999999999475,0
head_on,full,436,18.474934418102794,1,14.600000000000207,0
head_on,full,437,11.685892904521038,1,25.94999999999941,0
head_on,full,438,21.392090431193594,1,14.350000000000204,0
head_on,full,439,17.761790840110883,1,16.10000000000011,0
head_on,full,440,18.526311330457347,1,16.30000000000006,0
head_on,full,441,33.237304097889115,1,0.0,0
head_on,full,442,23.815714129289354,1,15.5500000000002,0
head_on,full,443,19.97872599368969,1,19.299999999999773,0
head_on,full,444,20.11156812942099,1,16.8,0
head_on,full,445,14.728207963106124,1,19.24999999999976,0
head_on,full,446,16.698184462617387,1,27.59999999999879,0
head_on,full,447,24.59629562016435,1,15.85000000000015,0
head_on,full,448,26.160184937975654,1,16.2000000000001,0
head_on,full,449,24.213275745865623,1,16.00000000000014,0
head_on,full,450,42.93485408861764,0,15.900000000000158,0
head_on,full,451,18.09128652502459,0,21.649999999999693,0
head_on,full,452,27.290840518162035,1,14.350000000000204,0
head_on,full,453,25.002801896031627,1,13.250000000000188,0
head_on,full,454,20.749621885907384,1,14.250000000000203,0
head_on,full,455,21.49372386622053,1,21.74999999999943,0
head_on,full,456,9.991623843440887,0,47.5999999999973,0
head_on,full,457,54.65017283718739,0,15.249999999999133,0
head_on,full,458,21.889322186895562,1,6.999999999999989,0
head_on,full,459,18.81007173826697,1,20.549999999999645,0
head_on,full,460,19.588125426313464,1,13.700000000000195,0
head_on,full,461,14.483855797976274,0,39.34999999999812,0
head_on,full,462,17.551314538585945,1,17.89999999999985,0
head_on,full,463,13.308069105570498,0,19.500000000000014,0
head_on,full,464,20.582613288988792,1,14.75000000000021,0
head_on,full,465,17.69400855958876,1,15.750000000000167,0
head_on,full,466,16.45112995908866,1,18.49999999999979,0
head_on,full,467,24.928117839816842,1,14.900000000000212,0
head_on,full,468,23.591250976604297,1,17.99999999999989,0
head_on,full,469,21.020577474432688,1,15.100000000000215,0
head_on,full,470,26.267211384121413,1,17.0,0
head_on,full,471,25.37334884602551,1,18.79999999999978,0
head_on,full,472,16.882925389419174,1,26.899999999998858,0
head_on,full,473,16.055468872257716,1,17.250000000000004,0
head_on,full,474,12.915482829117781,1,20.399999999999785,0
head_on,full,475,39.062584123423974,1,0.0,0
head_on,full,476,11.620442695079236,1,24.699999999999495,0
head_on,full,477,24.291019874099117,1,25.149999999999014,0
head_on,full,478,19.869499164385452,1,19.94999999999968,0
head_on,full,479,26.660516719180468,1,22.449999999999342,0
head_on,full,480,26.59414701199427,1,4.0500000000000576,0
head_on,full,481,22.965867745113393,1,22.449999999999342,0
head_on,full,482,21.576693318390237,1,6.3999999999997215,0
head_on,full,483,29.850370437868147,0,24.399999999999334,0
head_on,full,484,18.371028302979067,1,20.999999999999602,0
head_on,full,485,36.79465108145281,1,0.0,0
head_on,full,486,21.235017986154183,1,14.75000000000021,0
head_on,full,487,16.254553956141173,1,29.599999999998634,0
head_on,full,488,25.788590931246887,1,14.80000000000021,0
head_on,full,489,12.921958672321116,1,21.049999999999656,0
head_on,full,490,13.830817615963857,1,21.19999999999953,0
head_on,full,491,29.794203114609008,1,17.59999999999991,0
head_on,full,492,14.529853775826657,0,37.8999999999982,0
head_on,full,493,17.97186733694969,1,22.74999999999937,0
head_on,full,494,21.66310459356984,0,29.099999999998857,0
head_on,full,495,17.65283991498055,1,19.14999999999967,0
head_on,full,496,24.975635214586944,1,22.849999999999287,0
head_on,full,497,22.778314467599365,1,12.500000000000178,0
head_on,full,498,28.66628399286512,1,17.199999999999964,0
head_on,full,499,20.418567191756463,1,15.050000000000214,0
head_on,no_direction,300,16.53128081187386,1,19.799999999999653,0
head_on,no_direction,301,19.061213252911244,1,14.900000000000212,0
head_on,no_direction,302,18.97252083825226,1,20.299999999999702,0
head_on,no_direction,303,13.190717441796188,1,20.049999999999887,0
head_on,no_direction,304,18.058200332418597,1,15.700000000000195,0
head_on,no_direction,305,13.223711726971544,1,20.69999999999997,0
head_on,no_direction,306,15.980711472501183,1,17.150000000000055,0
head_on,no_direction,307,19.666766840959593,1,21.04999999999955,0
head_on,no_direction,308,21.72195802198664,1,13.100000000000186,0
head_on,no_direction,309,15.921832796609362,1,18.349999999999877,0
head_on,no_direction,310,21.74878926821381,1,5.049999999999713,0
head_on,no_direction,311,16.078777663900087,1,20.599999999999557,0
head_on,no_direction,312,16.50491160952677,1,26.399999999999054,0
head_on,no_direction,313,18.06019751206615,1,23.499999999999268,0
head_on,no_direction,314,18.51032194893567,1,16.2500000000001,0
head_on,no_direction,315,14.590110052827223,1,18.100000000000005,0
head_on,no_direction,316,14.357940606639836,1,18.59999999999995,0
head_on,no_direction,317,22.34543935169972,1,5.8499999999999375,0
head_on,no_direction,318,29.440621357933264,1,18.84999999999976,0
head_on,no_direction,319,31.10493537070548,1,12.600000000000179,0
head_on,no_direction,320,22.307711191398536,1,16.850000000000062,0
head_on,no_direction,321,35.37391147835719,0,19.349999999999824,0
head_on,no_direction,322,21.00247846675754,1,24.249999999999137,0
head_on,no_direction,323,15.42625765097624,1,12.949999999999264,0
head_on,no_direction,324,18.90165425215694,1,6.899999999999608,0
head_on,no_direction,325,20.18555220226316,1,19.199999999999786,0
head_on,no_direction,326,15.968489149769672,1,17.15000000000006,0
head_on,no_direction,327,17.965964721806685,1,25.599999999999003,0
head_on,no_direction,328,18.27764048859721,1,24.599999999999113,0
head_on,no_direction,329,17.027261547100174,1,20.39999999999955,0
head_on,no_direction,330,18.30086870477012,0,25.599999999999337,0
head_on,no_direction,331,25.23405422356008,1,20.99999999999951,0
head_on,no_direction,332,20.460747697191078,1,15.000000000000213,0
head_on,no_direction,333,26.042840194301363,1,18.94999999999975,0
head_on,no_direction,334,21.657963861923918,1,20.249999999999616,0
head_on,no_direction,335,20.058038697024408,1,14.150000000000201,0
head_on,no_direction,336,24.934797356148994,1,0.0,0
head_on,no_direction,337,26.765572076367086,1,12.100000000000172,0
head_on,no_direction,338,22.208913150753435,1,6.300000000000001,0
head_on,no_direction,339,31.351443954948053,1,0.0,0
head_on,no_direction,340,15.932517629995118,1,17.749999999999968,0
head_on,no_direction,341,17.009365228419494,1,19.94999999999961,0
head_on,no_direction,342,18.68073394167974,1,15.300000000000217,0
head_on,no_direction,343,15.083172921010002,0,16.400000000000233,0
head_on,no_direction,344,20.223547994719933,0,21.349999999999753,0
head_on,no_direction,345,21.735733737611472,1,5.349999999999728,0
head_on,no_direction,346,16.214935710188023,1,19.799999999999656,0
head_on,no_direction,347,20.548399936211105,1,15.45000000000022,0
head_on,no_direction,348,17.03584134780456,1,25.149999999999118,0
head_on,no_direction,349,24.336551347180144,1,16.200000000000117,0
head_on,no_direction,350,17.543820653916526,1,8.349999999999525,0
head_on,no_direction,351,15.709422986945208,1,22.199999999999356,0
head_on,no_direction,352,22.97111447015189,0,23.899999999999405,0
head_on,no_direction,353,22.202845111252532,1,16.700000000000095,0
head_on,no_direction,354,19.31815943362046,1,16.150000000000098,0
head_on,no_direction,355,32.7898002982712,1,14.250000000000203,0
head_on,no_direction,356,28.053911260941906,1,21.8499999999994,0
head_on,no_direction,357,20.53716987451293,1,12.900000000000183,0
head_on,no_direction,358,18.185639405787025,1,22.29999999999945,0
head_on,no_direction,359,22.1949244535207,1,15.100000000000204,0
head_on,no_direction,360,18.306599525012686,1,21.299999999999606,0
head_on,no_direction,361,20.547573587455926,0,23.849999999999454,0
head_on,no_direction,362,17.918695514517676,1,24.29999999999917,0
head_on,no_direction,363,15.230715423568604,0,40.499999999997954,0
head_on,no_direction,364,17.052753385087378,1,19.19999999999972,0
head_on,no_direction,365,14.760896820373562,1,32.79999999999829,0
head_on,no_direction,366,21.60897178940319,1,16.65000000000012,0
head_on,no_direction,367,21.057440779053703,0,21.34999999999974,0
head_on,no_direction,368,13.129442665314327,1,23.749999999999293,0
head_on,no_direction,369,37.047453900797066,0,21.199999999998795,0
head_on,no_direction,370,22.887424406302603,1,13.800000000000196,0
head_on,no_direction,371,13.456583325668534,1,19.5,0
head_on,no_direction,372,27.948215810890247,1,0.0,0
head_on,no_direction,373,15.88089248379991,1,17.40000000000003,0
head_on,no_direction,374,15.363584390633848,0,16.350000000000232,0
head_on,no_direction,375,20.879655533603543,1,15.500000000000199,0
head_on,no_direction,376,24.013850272689336,1,24.999999999999037,0
head_on,no_direction,377,12.987772947923307,1,20.599999999999838,0
head_on,no_direction,378,20.555520502620297,1,18.099999999999948,0
head_on,no_direction,379,24.49838547277112,0,20.799999999999738,0
head_on,no_direction,380,16.442374420937696,1,19.449999999999704,0
head_on,no_direction,381,19.754831864178087,1,18.349999999999948,0
head_on,no_direction,382,26.760573455213496,1,17.14999999999998,0
head_on,no_direction,383,13.78807644445631,1,20.249999999999726,0
head_on,no_direction,384,21.07500908507946,0,26.599999999999127,0
head_on,no_direction,385,16.729962350536667,1,20.949999999999495,0
head_on,no_direction,386,17.694890137859403,1,23.79999999999925,0
head_on,no_direction,387,17.522318597146445,1,17.449999999999953,0
head_on,no_direction,388,18.114807209649236,1,22.999999999999357,0
head_on,no_direction,389,17.40669000208239,1,24.849999999999124,0
head_on,no_direction,390,13.284806481593668,1,21.099999999999664,0
head_on,no_direction,391,19.206497900348012,0,22.599999999999632,0
head_on,no_direction,392,17.34136520989896,1,20.199999999999566,0
head_on,no_direction,393,22.178742417149813,1,16.900000000000052,0
head_on,no_direction,394,20.992506848913997,1,18.749999999999833,0
head_on,no_direction,395,20.736590135123542,1,6.849999999999838,0
head_on,no_direction,396,27.308381601436654,1,16.350000000000087,0
head_on,no_direction,397,21.56655577638507,1,15.3000000000002,0
head_on,no_direction,398,20.656542354340584,1,19.99999999999967,0
head_on,no_direction,399,17.442754597024543,1,16.850000000000044,0
head_on,no_direction,400,17.807846924627977,1,15.950000000000166,0
head_on,no_direction,401,17.46807228519388,1,17.699999999999914,0
head_on,no_direction,402,27.999606833486176,1,19.349999999999703,0
head_on,no_direction,403,23.540246112097417,0,18.45000000000002,0
head_on,no_direction,404,24.937598028714536,1,16.200000000000113,0
head_on,no_direction,405,13.85769991084883,1,18.8,0
head_on,no_direction,406,18.22899553593122,1,16.250000000000103,0
head_on,no_direction,407,28.658120669924074,1,19.24999999999971,0
head_on,no_direction,408,24.468760742091984,1,22.449999999999335,0
head_on,no_direction,409,20.861559139965834,1,22.949999999999278,0
head_on,no_direction,410,25.759853184166897,0,15.300000000000217,0
head_on,no_direction,411,13.369587639093124,1,19.649999999999977,0
head_on,no_direction,412,13.933499950467388,1,18.50000000000015,0
head_on,no_direction,413,18.598567983915242,1,24.349999999999138,0
head_on,no_direction,414,18.410828792670458,1,16.350000000000087,0
head_on,no_direction,415,18.730324505110396,1,7.4499999999995765,0
head_on,no_direction,416,20.344942106751837,1,18.4999999999999,0
head_on,no_direction,417,28.023439656349,1,20.99999999999951,0
head_on,no_direction,418,17.750766808267976,1,16.500000000000078,0
head_on,no_direction,419,18.084660790412997,1,23.74999999999923,0
head_on,no_direction,420,25.30644384485168,1,16.900000000000023,0
head_on,no_direction,421,23.16179079084299,1,23.09999999999926,0
head_on,no_direction,422,22.611890616206576,1,17.749999999999925,0
head_on,no_direction,423,24.5615273172335,1,13.650000000000194,0
head_on,no_direction,424,20.513892606320024,1,20.849999999999543,0
head_on,no_direction,425,19.74133844004969,1,18.44999999999994,0
head_on,no_direction,426,12.93324959715887,1,31.749999999999375,0
head_on,no_direction,427,22.988220363242203,1,13.40000000000019,0
head_on,no_direction,428,20.103689206763974,1,16.700000000000045,0
head_on,no_direction,429,22.802389178516894,1,18.949999999999765,0
head_on,no_direction,430,25.554706364750093,1,16.100000000000115,0
head_on,no_direction,431,12.32520579437214,1,22.999999999999513,0
head_on,no_direction,432,27.13562578879335,1,20.899999999999512,0
head_on,no_direction,433,26.74224312901006,0,17.4500000000001,0
head_on,no_direction,434,13.091471537924464,0,20.64999999999992,0
head_on,no_direction,435,18.018656279207303,0,24.699999999999452,0
head_on,no_direction,436,18.818526878430106,1,14.75000000000021,0
head_on,no_direction,437,12.258997422949747,1,22.999999999999577,0
head_on,no_direction,438,21.657611263361474,1,14.400000000000205,0
head_on,no_direction,439,18.188636354121222,1,16.3000000000001,0
head_on,no_direction,440,18.97501288154362,1,16.50000000000005,0
head_on,no_direction,441,33.237304097889115,1,0.0,0
head_on,no_direction,442,24.1201807278551,1,15.650000000000194,0
head_on,no_direction,443,20.27794142651662,1,19.34999999999977,0
head_on,no_direction,444,20.39516379026862,1,16.899999999999995,0
head_on,no_direction,445,15.246869921905379,1,19.499999999999744,0
head_on,no_direction,446,16.57566893244198,1,27.649999999998787,0
head_on,no_direction,447,24.85849516320469,1,15.900000000000148,0
head_on,no_direction,448,26.160184937975654,1,16.2000000000001,0
head_on,no_direction,449,24.49653520637715,1,16.050000000000136,0
head_on,no_direction,450,42.93485408861764,0,15.900000000000158,0
head_on,no_direction,451,19.900323143023627,0,22.199999999999662,0
head_on,no_direction,452,27.314589464925056,1,14.350000000000204,0
head_on,no_direction,453,25.318724795460742,1,13.300000000000189,0
head_on,no_direction,454,20.97259210487001,1,14.300000000000203,0
head_on,no_direction,455,21.49372386622053,1,21.74999999999943,0
head_on,no_direction,456,11.683651411375244,0,65.74999999999628,0
head_on,no_direction,457,54.65017283718739,0,15.249999999999133,0
head_on,no_direction,458,21.326784974720038,1,6.949999999999996,0
head_on,no_direction,459,19.098089332865264,1,20.64999999999964,0
head_on,no_direction,460,19.888382483959507,1,13.800000000000196,0
head_on,no_direction,461,15.206034381792554,0,39.249999999998124,0
head_on,no_direction,462,18.085953260214044,1,18.149999999999835,0
head_on,no_direction,463,13.669770483645962,0,18.750000000000057,0
head_on,no_direction,464,20.83136558866014,1,14.80000000000021,0
head_on,no_direction,465,18.098924259063722,1,15.950000000000156,0
head_on,no_direction,466,17.02342567460696,1,18.799999999999773,0
head_on,no_direction,467,25.24299748365163,1,15.000000000000213,0
head_on,no_direction,468,23.62943991160906,1,17.99999999999989,0
head_on,no_direction,469,21.283220619183005,1,15.150000000000215,0
head_on,no_direction,470,26.267211384121413,1,17.0,0
head_on,no_direction,471,25.37334884602551,1,18.79999999999978,0
head_on,no_direction,472,16.923166830454523,1,26.949999999998855,0
head_on,no_direction,473,16.500658102970213,1,17.399999999999995,0
head_on,no_direction,474,13.261530822071318,1,20.399999999999785,0
head_on,no_direction,475,39.062584123423974,1,0.0,0
head_on,no_direction,476,11.760124026719222,0,25.749999999999435,0
head_on,no_direction,477,24.291019874099117,1,25.149999999999014,0
head_on,no_direction,478,20.19219141645806,1,20.049999999999674,0
head_on,no_direction,479,26.660516719180468,1,22.449999999999342,0
head_on,no_direction,480,26.398042752371442,1,0.0,0
head_on,no_direction,481,22.965867745113393,1,22.449999999999342,0
head_on,no_direction,482,21.03297718619959,1,6.249999999999726,0
head_on,no_direction,483,29.850370437868147,0,24.399999999999334,0
head_on,no_direction,484,18.660975188104135,1,21.0499999999996,0
head_on,no_direction,485,36.79465108145281,1,0.0,0
head_on,no_direction,486,21.499624793817013,1,14.80000000000021,0
head_on,no_direction,487,15.828362873449029,1,29.49999999999864,0
head_on,no_direction,488,26.04412759809116,1,14.850000000000211,0
head_on,no_direction,489,13.363133759506395,1,21.14999999999965,0
head_on,no_direction,490,14.450897172871349,1,21.499999999999513,0
head_on,no_direction,491,29.794203114609008,1,17.59999999999991,0
head_on,no_direction,492,15.444675725577126,0,38.14999999999819,0
head_on,no_direction,493,18.219467446430812,1,22.79999999999937,0
head_on,no_direction,494,21.66310459356984,0,29.099999999998857,0
head_on,no_direction,495,18.11742426151982,1,22.1499999999995,0
head_on,no_direction,496,24.975635214586944,1,22.849999999999287,0
head_on,no_direction,497,22.95517930522885,1,12.550000000000178,0
head_on,no_direction,498,28.66628399286512,1,17.199999999999964,0
head_on,no_direction,499,20.67595689929649,1,15.100000000000215,0
head_on,mirrored,300,19.192549440772495,1,20.19999999999963,0
head_on,mirrored,301,20.80317889528087,1,15.200000000000216,0
head_on,mirrored,302,21.492666554910272,1,20.999999999999662,0
head_on,mirrored,303,13.722904056865273,1,19.99999999999989,0
head_on,mirrored,304,19.90343224054591,1,16.000000000000178,0
head_on,mirrored,305,13.417607279239808,1,20.34999999999999,0
head_on,mirrored,306,17.766284209194133,1,17.40000000000004,0
head_on,mirrored,307,22.338780068706736,1,21.849999999999504,0
head_on,mirrored,308,22.83532696802521,1,13.200000000000188,0
head_on,mirrored,309,18.14657279020326,1,18.699999999999857,0
head_on,mirrored,310,21.594118738917253,1,4.549999999999741,0
head_on,mirrored,311,18.84407876466854,1,21.04999999999953,0
head_on,mirrored,312,19.019413488120943,1,27.349999999999,0
head_on,mirrored,313,20.959827541489748,1,24.49999999999921,0
head_on,mirrored,314,20.61089586667627,1,16.60000000000008,0
head_on,mirrored,315,15.932972792721252,1,18.100000000000005,0
head_on,mirrored,316,15.825226554041066,1,18.59999999999995,0
head_on,mirrored,317,22.181250023092076,1,5.549999999999933,0
head_on,mirrored,318,29.440621357933264,1,18.84999999999976,0
head_on,mirrored,319,31.877061195027437,1,12.750000000000181,0
head_on,mirrored,320,24.53947103544045,1,17.350000000000033,0
head_on,mirrored,321,35.37391147835719,0,19.349999999999824,0
head_on,mirrored,322,22.62959797036513,1,24.849999999999103,0
head_on,mirrored,323,15.401517130048797,1,12.599999999999284,0
head_on,mirrored,324,18.741793895175114,1,6.4999999999996305,0
head_on,mirrored,325,22.722955747648864,1,19.84999999999975,0
head_on,mirrored,326,17.74811101218513,1,17.350000000000048,0
head_on,mirrored,327,20.790624862400126,1,26.799999999998935,0
head_on,mirrored,328,21.16590267277996,1,25.69999999999905,0
head_on,mirrored,329,19.6836949170382,1,24.44999999999932,0
head_on,mirrored,330,23.445811796066828,0,26.499999999999286,0
head_on,mirrored,331,25.61097191488726,1,21.099999999999504,0
head_on,mirrored,332,22.229137136531254,1,15.200000000000216,0
head_on,mirrored,333,26.542926398095606,1,19.099999999999742,0
head_on,mirrored,334,23.882703556886185,1,20.849999999999582,0
head_on,mirrored,335,21.697461833378714,1,14.450000000000205,0
head_on,mirrored,336,24.934797356148994,1,0.0,0
head_on,mirrored,337,28.61415734194157,1,13.600000000000193,0
head_on,mirrored,338,22.05273242784754,1,5.949999999999999,0
head_on,mirrored,339,31.351443954948053,1,0.0,0
head_on,mirrored,340,17.93734853905057,1,18.04999999999995,0
head_on,mirrored,341,19.65089160887147,1,23.899999999999384,0
head_on,mirrored,342,20.497993710118756,1,15.600000000000222,0
head_on,mirrored,343,14.136322569922207,0,18.25000000000016,0
head_on,mirrored,344,24.70151861894176,0,21.849999999999724,0
head_on,mirrored,345,21.573795703453662,1,4.8999999999997215,0
head_on,mirrored,346,18.846047140593402,1,20.24999999999963,0
head_on,mirrored,347,22.595549531041563,1,15.750000000000213,0
head_on,mirrored,348,19.995780329976174,1,26.34999999999905,0
head_on,mirrored,349,26.32160635268157,1,16.600000000000094,0
head_on,mirrored,350,17.42037088045711,1,7.999999999999545,0
head_on,mirrored,351,18.697525253457247,1,22.699999999999328,0
head_on,mirrored,352,24.558162294162905,0,24.49999999999937,0
head_on,mirrored,353,24.498989662266524,1,17.200000000000067,0
head_on,mirrored,354,21.48800885952382,1,18.89999999999994,0
head_on,mirrored,355,32.7898002982712,1,14.250000000000203,0
head_on,mirrored,356,28.053911260941906,1,21.8499999999994,0
head_on,mirrored,357,21.736743417731727,1,13.100000000000186,0
head_on,mirrored,358,20.881974399836057,1,23.1999999999994,0
head_on,mirrored,359,24.52895964637796,1,16.9500000000001,0
head_on,mirrored,360,20.802789033608523,1,21.999999999999567,0
head_on,mirrored,361,24.249216089740102,0,24.749999999999403,0
head_on,mirrored,362,20.85991625728218,1,25.449999999999104,0
head_on,mirrored,363,21.42849584959195,0,43.74999999999777,0
head_on,mirrored,364,19.66454359149763,1,19.649999999999693,0
head_on,mirrored,365,18.35819383092801,1,35.34999999999815,0
head_on,mirrored,366,23.88563742102749,1,17.15000000000009,0
head_on,mirrored,367,24.9688831195579,0,21.949999999999704,0
head_on,mirrored,368,15.909756827621523,1,24.049999999999276,0
head_on,mirrored,369,37.047453900797066,0,21.199999999998795,0
head_on,mirrored,370,25.048725549111797,1,14.150000000000201,0
head_on,mirrored,371,13.805829806547175,1,19.400000000000006,0
head_on,mirrored,372,27.83586318539789,1,0.0,0
head_on,mirrored,373,17.724834321191178,1,17.60000000000002,0
head_on,mirrored,374,14.232105855381858,0,17.950000000000145,0
head_on,mirrored,375,23.109948307703906,1,15.850000000000179,0
head_on,mirrored,376,24.12343325965774,1,25.049999999999034,0
head_on,mirrored,377,13.502463532358755,1,20.499999999999844,0
head_on,mirrored,378,22.94624884077386,1,18.699999999999914,0
head_on,mirrored,379,25.867271380633927,0,21.249999999999712,0
head_on,mirrored,380,19.0175300187186,1,19.89999999999968,0
head_on,mirrored,381,21.90837847036937,1,18.799999999999923,0
head_on,mirrored,382,27.431574817308153,1,17.299999999999972,0
head_on,mirrored,383,15.769214865791968,1,20.399999999999718,0
head_on,mirrored,384,23.652893040823045,0,27.699999999999065,0
head_on,mirrored,385,19.456079010143803,1,25.199999999999253,0
head_on,mirrored,386,20.580277457860603,1,24.89999999999919,0
head_on,mirrored,387,19.79318092897824,1,17.84999999999993,0
head_on,mirrored,388,20.88830668552521,1,23.949999999999303,0
head_on,mirrored,389,20.388913645219354,1,25.99999999999906,0
head_on,mirrored,390,15.149957816159196,1,21.14999999999966,0
head_on,mirrored,391,24.13854224038649,0,23.099999999999604,0
head_on,mirrored,392,19.959727873904708,1,24.049999999999347,0
head_on,mirrored,393,24.498073822091396,1,17.45000000000002,0
head_on,mirrored,394,23.491773855393873,1,19.3499999999998,0
head_on,mirrored,395,20.577237676300285,1,6.499999999999837,0
head_on,mirrored,396,28.020663415155934,1,16.500000000000078,0
head_on,mirrored,397,23.886952558523667,1,17.150000000000095,0
head_on,mirrored,398,23.151851638138737,1,20.69999999999963,0
head_on,mirrored,399,19.544316186293837,1,17.200000000000024,0
head_on,mirrored,400,19.679041706299852,1,16.25000000000015,0
head_on,mirrored,401,19.797584566489057,1,18.049999999999894,0
head_on,mirrored,402,27.999606833486176,1,19.349999999999703,0
head_on,mirrored,403,26.64046115914495,0,18.8,0
head_on,mirrored,404,26.71941302843859,1,16.550000000000093,0
head_on,mirrored,405,14.529385387419115,1,18.750000000000004,0
head_on,mirrored,406,20.281102873494188,1,16.600000000000083,0
head_on,mirrored,407,28.658120669924074,1,19.24999999999971,0
head_on,mirrored,408,24.836884228370476,1,22.599999999999326,0
head_on,mirrored,409,22.85575599687624,1,23.64999999999924,0
head_on,mirrored,410,28.850216129444068,0,15.45000000000022,0
head_on,mirrored,411,13.733672902742988,1,19.549999999999983,0
head_on,mirrored,412,14.14789917811401,1,18.400000000000155,0
head_on,mirrored,413,21.34995051629562,1,25.39999999999908,0
head_on,mirrored,414,20.52228476564552,1,16.700000000000067,0
head_on,mirrored,415,18.584304960908085,1,7.049999999999599,0
head_on,mirrored,416,22.737120495480266,1,19.099999999999866,0
head_on,mirrored,417,28.023439656349,1,20.99999999999951,0
head_on,mirrored,418,19.81161767150775,1,16.85000000000006,0
head_on,mirrored,419,20.997175479814704,1,24.849999999999167,0
head_on,mirrored,420,26.724266975614288,1,17.200000000000006,0
head_on,mirrored,421,23.946292745874057,1,23.349999999999245,0
head_on,mirrored,422,24.85487529076278,1,18.299999999999894,0
head_on,mirrored,423,26.537769044905918,1,15.300000000000217,0
head_on,mirrored,424,23.038060401202163,1,21.5999999999995,0
head_on,mirrored,425,21.972520017258375,1,18.94999999999991,0
head_on,mirrored,426,13.048746558729153,1,26.949999999999648,0
head_on,mirrored,427,25.01208706810944,1,13.700000000000195,0
head_on,mirrored,428,22.521986990551028,1,17.100000000000023,0
head_on,mirrored,429,24.79756698251253,1,19.449999999999736,0
head_on,mirrored,430,27.11194206885101,1,16.400000000000098,0
head_on,mirrored,431,13.926426817102216,1,22.749999999999527,0
head_on,mirrored,432,27.13562578879335,1,20.899999999999512,0
head_on,mirrored,433,27.904115422876952,0,17.75000000000008,0
head_on,mirrored,434,12.614076223982112,1,23.249999999999773,0
head_on,mirrored,435,23.410947288863273,0,25.299999999999418,0
head_on,mirrored,436,20.471617328932513,1,15.000000000000213,0
head_on,mirrored,437,12.996961563015653,1,22.5999999999996,0
head_on,mirrored,438,23.65828830269458,1,14.700000000000209,0
head_on,mirrored,439,20.241838438754726,1,16.65000000000008,0
head_on,mirrored,440,21.20076214760163,1,16.900000000000027,0
head_on,mirrored,441,33.237304097889115,1,0.0,0
head_on,mirrored,442,26.237865063086257,1,16.05000000000017,0
head_on,mirrored,443,22.801720443060375,1,20.04999999999973,0
head_on,mirrored,444,22.797361205731868,1,18.94999999999988,0
head_on,mirrored,445,17.602936904240533,1,19.849999999999724,0
head_on,mirrored,446,19.63551583185086,1,29.149999999998702,0
head_on,mirrored,447,26.77367605519265,1,16.300000000000125,0
head_on,mirrored,448,27.4121764029584,1,16.450000000000085,0
head_on,mirrored,449,26.453397092024794,1,16.450000000000113,0
head_on,mirrored,450,42.93485408861764,0,15.900000000000158,0
head_on,mirrored,451,24.422099046154287,0,22.799999999999628,0
head_on,mirrored,452,28.773900429546543,1,14.600000000000207,0
head_on,mirrored,453,27.234423381956734,1,14.950000000000212,0
head_on,mirrored,454,22.5892957964441,1,14.500000000000206,0
head_on,mirrored,455,23.50389523388504,1,22.349999999999397,0
head_on,mirrored,456,12.980314825322287,1,95.14999999999532,0
head_on,mirrored,457,54.65017283718739,0,15.249999999999133,0
head_on,mirrored,458,21.16987337593388,1,6.599999999999994,0
head_on,mirrored,459,21.752851209482365,1,21.399999999999597,0
head_on,mirrored,460,21.36171060877166,1,14.0500000000002,0
head_on,mirrored,461,21.515736726187725,0,41.74999999999798,0
head_on,mirrored,462,20.551181064827734,1,21.499999999999645,0
head_on,mirrored,463,13.058959029965557,0,21.899999999999878,0
head_on,mirrored,464,22.67109847808579,1,15.050000000000214,0
head_on,mirrored,465,20.032577654115247,1,16.25000000000014,0
head_on,mirrored,466,19.546972479032352,1,19.19999999999975,0
head_on,mirrored,467,27.1417547502073,1,15.350000000000218,0
head_on,mirrored,468,25.49807239692582,1,18.399999999999867,0
head_on,mirrored,469,23.544090725787687,1,15.500000000000213,0
head_on,mirrored,470,27.200516940842604,1,17.19999999999999,0
head_on,mirrored,471,26.179265259205234,1,18.99999999999977,0
head_on,mirrored,472,19.939202243852527,1,28.399999999998773,0
head_on,mirrored,473,18.560719737270595,1,17.749999999999975,0
head_on,mirrored,474,14.571605933208351,1,20.29999999999979,0
head_on,mirrored,475,39.062584123423974,1,0.0,0
head_on,mirrored,476,11.81431465697634,1,27.04999999999936,0
head_on,mirrored,477,24.293482281190528,1,25.149999999999014,0
head_on,mirrored,478,22.788854971411524,1,20.749999999999634,0
head_on,mirrored,479,26.660516719180468,1,22.449999999999342,0
head_on,mirrored,480,26.315142148002426,1,0.0,0
head_on,mirrored,481,24.004752194340774,1,22.749999999999325,0
head_on,mirrored,482,20.87290338193559,1,5.849999999999724,0
head_on,mirrored,483,29.850370437868147,0,24.399999999999334,0
head_on,mirrored,484,21.301158018090227,1,21.799999999999557,0
head_on,mirrored,485,36.79465108145281,1,0.0,0
head_on,mirrored,486,23.66193082334515,1,15.150000000000215,0
head_on,mirrored,487,18.659273675161543,1,31.149999999998546,0
head_on,mirrored,488,27.75304849922165,1,15.150000000000215,0
head_on,mirrored,489,15.349255003541948,1,21.199999999999648,0
head_on,mirrored,490,17.10567627180816,1,21.89999999999949,0
head_on,mirrored,491,29.794203114609008,1,17.59999999999991,0
head_on,mirrored,492,21.639171152369357,0,40.74999999999804,0
head_on,mirrored,493,21.090087447091477,1,23.79999999999931,0
head_on,mirrored,494,23.225618605312164,0,29.74999999999882,0
head_on,mirrored,495,20.592361713506076,1,22.89999999999946,0
head_on,mirrored,496,25.11106784697585,1,22.849999999999287,0
head_on,mirrored,497,24.29987255479101,1,12.65000000000018,0
head_on,mirrored,498,28.716036336966386,1,17.24999999999996,0
head_on,mirrored,499,22.60041262331339,1,15.350000000000218,0
head_on,stbd_lobes,300,15.909627455737574,1,19.49999999999967,0
head_on,stbd_lobes,301,18.71017357430926,1,14.75000000000021,0
head_on,stbd_lobes,302,18.755710425102734,1,20.249999999999705,0
head_on,stbd_lobes,303,12.939792424691065,1,20.14999999999988,0
head_on,stbd_lobes,304,17.668112245130654,1,15.550000000000203,0
head_on,stbd_lobes,305,13.091733434920226,1,21.299999999999937,0
head_on,stbd_lobes,306,15.584356255149217,1,17.000000000000064,0
head_on,stbd_lobes,307,19.282048988251905,1,20.949999999999555,0
head_on,stbd_lobes,308,21.503797106567397,1,12.250000000000174,0
head_on,stbd_lobes,309,15.42296364101309,1,18.14999999999989,0
head_on,stbd_lobes,310,22.176246271021697,1,5.44999999999969,0
head_on,stbd_lobes,311,15.41335189748231,1,20.249999999999577,0
head_on,stbd_lobes,312,15.806165856568434,1,22.099999999999298,0
head_on,stbd_lobes,313,17.890627589010936,1,23.44999999999927,0
head_on,stbd_lobes,314,18.065813115747716,1,16.05000000000011,0
head_on,stbd_lobes,315,14.249508639000632,1,18.00000000000001,0
head_on,stbd_lobes,316,13.999456861767712,1,18.44999999999996,0
head_on,stbd_lobes,317,22.81462828243458,1,5.9999999999999325,0
head_on,stbd_lobes,318,29.440621357933264,1,18.84999999999976,0
head_on,stbd_lobes,319,31.10493537070548,1,12.600000000000179,0
head_on,stbd_lobes,320,22.013928529968226,1,16.800000000000065,0
head_on,stbd_lobes,321,35.37391147835719,0,19.349999999999824,0
head_on,stbd_lobes,322,21.00247846675754,1,24.249999999999137,0
head_on,stbd_lobes,323,16.411246035008183,1,13.249999999999247,0
head_on,stbd_lobes,324,19.566594701867352,1,7.099999999999596,0
head_on,stbd_lobes,325,19.879054264225736,1,19.099999999999792,0
head_on,stbd_lobes,326,15.575628540514817,1,17.000000000000068,0
head_on,stbd_lobes,327,17.701783126020075,1,25.44999999999901,0
head_on,stbd_lobes,328,17.998820664180105,1,24.49999999999912,0
head_on,stbd_lobes,329,16.39043507013505,1,20.04999999999957,0
head_on,stbd_lobes,330,23.445811796066828,0,26.499999999999286,0
head_on,stbd_lobes,331,25.23405422356008,1,20.99999999999951,0
head_on,stbd_lobes,332,20.206674934645243,1,14.1000000000002,0
head_on,stbd_lobes,333,26.042840194301363,1,18.94999999999975,0
head_on,stbd_lobes,334,21.457625547207257,1,20.19999999999962,0
head_on,stbd_lobes,335,19.740099282462396,1,14.0500000000002,0
head_on,stbd_lobes,336,24.934797356148994,1,0.0,0
head_on,stbd_lobes,337,26.47105072554116,1,12.050000000000171,0
head_on,stbd_lobes,338,22.717129594942172,1,6.399999999999995,0
head_on,stbd_lobes,339,31.351443954948053,1,0.0,0
head_on,stbd_lobes,340,15.503590761353617,1,17.599999999999977,0
head_on,stbd_lobes,341,16.382552255774723,1,19.649999999999626,0
head_on,stbd_lobes,342,18.299753173499447,1,15.150000000000215,0
head_on,stbd_lobes,343,14.477585915242772,0,16.900000000000237,0
head_on,stbd_lobes,344,24.70151861894176,0,21.849999999999724,0
head_on,stbd_lobes,345,22.18208601650296,1,5.599999999999724,0
head_on,stbd_lobes,346,15.602086470539266,1,19.499999999999673,0
head_on,stbd_lobes,347,20.267298753306925,1,15.400000000000219,0
head_on,stbd_lobes,348,17.07497246582311,1,25.199999999999115,0
head_on,stbd_lobes,349,24.038576327426437,1,16.100000000000122,0
head_on,stbd_lobes,350,18.341357632887465,1,8.649999999999508,0
head_on,stbd_lobes,351,14.976433450485414,1,21.79999999999938,0
head_on,stbd_lobes,352,24.558162294162905,0,24.49999999999937,0
head_on,stbd_lobes,353,21.914927789833445,1,16.650000000000098,0
head_on,stbd_lobes,354,18.872934324870577,1,15.95000000000011,0
head_on,stbd_lobes,355,32.7898002982712,1,14.250000000000203,0
head_on,stbd_lobes,356,28.053911260941906,1,21.8499999999994,0
head_on,stbd_lobes,357,20.281122170124,1,12.800000000000182,0
head_on,stbd_lobes,358,17.952080027172713,1,22.29999999999945,0
head_on,stbd_lobes,359,21.913440183526195,1,15.050000000000207,0
head_on,stbd_lobes,360,18.008368862702472,1,18.39999999999977,0
head_on,stbd_lobes,361,24.249216089740102,0,24.749999999999403,0
head_on,stbd_lobes,362,17.707363913332866,1,24.249999999999172,0
head_on,stbd_lobes,363,21.42849584959195,0,43.74999999999777,0
head_on,stbd_lobes,364,16.446977931685524,1,18.899999999999736,0
head_on,stbd_lobes,365,15.49083338203723,1,33.099999999998275,0
head_on,stbd_lobes,366,21.340680756736454,1,15.250000000000199,0
head_on,stbd_lobes,367,24.9688831195579,0,21.949999999999704,0
head_on,stbd_lobes,368,12.428459813888951,1,23.499999999999307,0
head_on,stbd_lobes,369,37.047453900797066,0,21.199999999998795,0
head_on,stbd_lobes,370,22.650654382179567,1,13.750000000000195,0
head_on,stbd_lobes,371,13.267867705248706,1,19.69999999999999,0
head_on,stbd_lobes,372,28.144651749344682,1,4.350000000000062,0
head_on,stbd_lobes,373,15.47656865660379,1,17.25000000000004,0
head_on,stbd_lobes,374,14.5749634345767,0,16.750000000000213,0
head_on,stbd_lobes,375,20.606640173337972,1,15.450000000000202,0
head_on,stbd_lobes,376,24.013850272689336,1,24.999999999999037,0
head_on,stbd_lobes,377,12.743350674943999,1,20.799999999999827,0
head_on,stbd_lobes,378,20.28091446324639,1,18.04999999999995,0
head_on,stbd_lobes,379,25.867271380633927,0,21.249999999999712,0
head_on,stbd_lobes,380,15.867541095477838,1,19.14999999999972,0
head_on,stbd_lobes,381,19.46255502789186,1,16.75000000000004,0
head_on,stbd_lobes,382,26.760573455213496,1,17.14999999999998,0
head_on,stbd_lobes,383,13.331362489075367,1,20.149999999999732,0
head_on,stbd_lobes,384,23.652893040823045,0,27.699999999999065,0
head_on,stbd_lobes,385,16.068665133409887,1,20.599999999999515,0
head_on,stbd_lobes,386,17.601402162951725,1,23.79999999999925,0
head_on,stbd_lobes,387,17.031812261866147,1,17.249999999999964,0
head_on,stbd_lobes,388,17.88060601316824,1,22.94999999999936,0
head_on,stbd_lobes,389,17.37857739815283,1,24.799999999999127,0
head_on,stbd_lobes,390,12.872130338542364,1,21.049999999999667,0
head_on,stbd_lobes,391,24.13854224038649,0,23.099999999999604,0
head_on,stbd_lobes,392,16.73535971511289,1,19.849999999999586,0
head_on,stbd_lobes,393,21.86606680848196,1,16.850000000000055,0
head_on,stbd_lobes,394,20.67864396020526,1,18.64999999999984,0
head_on,stbd_lobes,395,21.321181877682243,1,6.9999999999998295,0
head_on,stbd_lobes,396,27.308381601436654,1,16.350000000000087,0
head_on,stbd_lobes,397,21.298452567962727,1,15.250000000000203,0
head_on,stbd_lobes,398,20.264420826113003,1,19.899999999999675,0
head_on,stbd_lobes,399,16.99005006131591,1,16.650000000000055,0
head_on,stbd_lobes,400,17.410901869957097,1,15.800000000000175,0
head_on,stbd_lobes,401,16.958425300902,1,17.44999999999993,0
head_on,stbd_lobes,402,27.999606833486176,1,19.349999999999703,0
head_on,stbd_lobes,403,26.64046115914495,0,18.8,0
head_on,stbd_lobes,404,24.84346997126769,1,16.150000000000116,0
head_on,stbd_lobes,405,13.59499927852509,1,18.8,0
head_on,stbd_lobes,406,17.805826927617257,1,16.10000000000011,0
head_on,stbd_lobes,407,28.658120669924074,1,19.24999999999971,0
head_on,stbd_lobes,408,24.468760742091984,1,22.449999999999335,0
head_on,stbd_lobes,409,20.861559139965834,1,22.949999999999278,0
head_on,stbd_lobes,410,28.850216129444068,0,15.45000000000022,0
head_on,stbd_lobes,411,13.171230417201883,1,19.849999999999966,0
head_on,stbd_lobes,412,13.780858104341645,1,18.65000000000014,0
head_on,stbd_lobes,413,18.224784749253917,1,24.199999999999147,0
head_on,stbd_lobes,414,17.961409125115445,1,16.150000000000098,0
head_on,stbd_lobes,415,19.43586130138292,1,7.649999999999565,0
head_on,stbd_lobes,416,20.06332510956619,1,16.94999999999999,0
head_on,stbd_lobes,417,28.023439656349,1,20.99999999999951,0
head_on,stbd_lobes,418,17.30904967930545,1,16.350000000000087,0
head_on,stbd_lobes,419,17.817606317154357,1,23.699999999999232,0
head_on,stbd_lobes,420,25.30644384485168,1,16.900000000000023,0
head_on,stbd_lobes,421,23.16179079084299,1,23.09999999999926,0
head_on,stbd_lobes,422,22.281274335963886,1,17.69999999999993,0
head_on,stbd_lobes,423,24.242117799560564,1,13.600000000000193,0
head_on,stbd_lobes,424,20.178350940337,1,20.74999999999955,0
head_on,stbd_lobes,425,19.450187970853964,1,16.900000000000027,0
head_on,stbd_lobes,426,13.012313754300383,1,22.69999999999989,0
head_on,stbd_lobes,427,22.763739791683854,1,13.40000000000019,0
head_on,stbd_lobes,428,19.816119881425898,1,16.60000000000005,0
head_on,stbd_lobes,429,22.745024296312753,1,18.899999999999768,0
head_on,stbd_lobes,430,25.554706364750093,1,16.100000000000115,0
head_on,stbd_lobes,431,11.747123928790948,1,25.299999999999383,0
head_on,stbd_lobes,432,27.13562578879335,1,20.899999999999512,0
head_on,stbd_lobes,433,27.904115422876952,0,17.75000000000008,0
head_on,stbd_lobes,434,12.913256666655043,0,21.399999999999878,0
head_on,stbd_lobes,435,23.410947288863273,0,25.299999999999418,0
head_on,stbd_lobes,436,18.474934418102794,1,14.600000000000207,0
head_on,stbd_lobes,437,11.685892904521038,1,25.94999999999941,0
head_on,stbd_lobes,438,21.392090431193594,1,14.350000000000204,0
head_on,stbd_lobes,439,17.761790840110883,1,16.10000000000011,0
head_on,stbd_lobes,440,18.526311330457347,1,16.30000000000006,0
head_on,stbd_lobes,441,33.237304097889115,1,0.0,0
head_on,stbd_lobes,442,23.815714129289354,1,15.5500000000002,0
head_on,stbd_lobes,443,19.97872599368969,1,19.299999999999773,0
head_on,stbd_lobes,444,20.11156812942099,1,16.8,0
head_on,stbd_lobes,445,14.728207963106124,1,19.24999999999976,0
head_on,stbd_lobes,446,16.698184462617387,1,27.59999999999879,0
head_on,stbd_lobes,447,24.59629562016435,1,15.85000000000015,0
head_on,stbd_lobes,448,26.160184937975654,1,16.2000000000001,0
head_on,stbd_lobes,449,24.213275745865623,1,16.00000000000014,0
head_on,stbd_lobes,450,42.93485408861764,0,15.900000000000158,0
head_on,stbd_lobes,451,24.422099046154287,0,22.799999999999628,0
head_on,stbd_lobes,452,27.290840518162035,1,14.350000000000204,0
head_on,stbd_lobes,453,25.002801896031627,1,13.250000000000188,0
head_on,stbd_lobes,454,20.749621885907384,1,14.250000000000203,0
head_on,stbd_lobes,455,21.49372386622053,1,21.74999999999943,0
head_on,stbd_lobes,456,9.991623843440887,0,47.5999999999973,0
head_on,stbd_lobes,457,54.65017283718739,0,15.249999999999133,0
head_on,stbd_lobes,458,21.889322186895562,1,6.999999999999989,0
head_on,stbd_lobes,459,18.81007173826697,1,20.549999999999645,0
head_on,stbd_lobes,460,19.588125426313464,1,13.700000000000195,0
head_on,stbd_lobes,461,21.515736726187725,0,41.74999999999798,0
head_on,stbd_lobes,462,17.551314538585945,1,17.89999999999985,0
head_on,stbd_lobes,463,13.308069105570498,0,19.500000000000014,0
head_on,stbd_lobes,464,20.582613288988792,1,14.75000000000021,0
head_on,stbd_lobes,465,17.69400855958876,1,15.750000000000167,0
head_on,stbd_lobes,466,16.45112995908866,1,18.49999999999979,0
head_on,stbd_lobes,467,24.928117839816842,1,14.900000000000212,0
head_on,stbd_lobes,468,23.591250976604297,1,17.99999999999989,0
head_on,stbd_lobes,469,21.020577474432688,1,15.100000000000215,0
head_on,stbd_lobes,470,26.267211384121413,1,17.0,0
head_on,stbd_lobes,471,25.37334884602551,1,18.79999999999978,0
head_on,stbd_lobes,472,16.882925389419174,1,26.899999999998858,0
head_on,stbd_lobes,473,16.055468872257716,1,17.250000000000004,0
head_on,stbd_lobes,474,12.915482829117781,1,20.399999999999785,0
head_on,stbd_lobes,475,39.062584123423974,1,0.0,0
head_on,stbd_lobes,476,11.620442695079236,1,24.699999999999495,0
head_on,stbd_lobes,477,24.291019874099117,1,25.149999999999014,0
head_on,stbd_lobes,478,19.869499164385452,1,19.94999999999968,0
head_on,stbd_lobes,479,26.660516719180468,1,22.449999999999342,0
head_on,stbd_lobes,480,26.59414701199427,1,4.0500000000000576,0
head_on,stbd_lobes,481,22.965867745113393,1,22.449999999999342,0
head_on,stbd_lobes,482,21.576693318390237,1,6.3999999999997215,0
head_on,stbd_lobes,483,29.850370437868147,0,24.399999999999334,0
head_on,stbd_lobes,484,18.371028302979067,1,20.999999999999602,0
head_on,stbd_lobes,485,36.79465108145281,1,0.0,0
head_on,stbd_lobes,486,21.235017986154183,1,14.75000000000021,0
head_on,stbd_lobes,487,16.254553956141173,1,29.599999999998634,0
head_on,stbd_lobes,488,25.788590931246887,1,14.80000000000021,0
head_on,stbd_lobes,489,12.921958672321116,1,21.049999999999656,0
head_on,stbd_lobes,490,13.830817615963857,1,21.19999999999953,0
head_on,stbd_lobes,491,29.794203114609008,1,17.59999999999991,0
head_on,stbd_lobes,492,21.639171152369357,0,40.74999999999804,0
head_on,stbd_lobes,493,17.97186733694969,1,22.74999999999937,0
head_on,stbd_lobes,494,23.225618605312164,0,29.74999999999882,0
head_on,stbd_lobes,495,17.65283991498055,1,19.14999999999967,0
head_on,stbd_lobes,496,24.975635214586944,1,22.849999999999287,0
head_on,stbd_lobes,497,22.778314467599365,1,12.500000000000178,0
head_on,stbd_lobes,498,28.66628399286512,1,17.199999999999964,0
head_on,stbd_lobes,499,20.418567191756463,1,15.050000000000214,0
head_on,ot_flip,300,15.909627455737574,1,19.49999999999967,0
head_on,ot_flip,301,18.71017357430926,1,14.75000000000021,0
head_on,ot_flip,302,18.755710425102734,1,20.249999999999705,0
head_on,ot_flip,303,12.939792424691065,1,20.14999999999988,0
head_on,ot_flip,304,17.668112245130654,1,15.550000000000203,0
head_on,ot_flip,305,13.091733434920226,1,21.299999999999937,0
head_on,ot_flip,306,15.584356255149217,1,17.000000000000064,0
head_on,ot_flip,307,19.282048988251905,1,20.949999999999555,0
head_on,ot_flip,308,21.503797106567397,1,12.250000000000174,0
head_on,ot_flip,309,15.42296364101309,1,18.14999999999989,0
head_on,ot_flip,310,22.176246271021697,1,5.44999999999969,0
head_on,ot_flip,311,15.41335189748231,1,20.249999999999577,0
head_on,ot_flip,312,15.806165856568434,1,22.099999999999298,0
head_on,ot_flip,313,17.890627589010936,1,23.44999999999927,0
head_on,ot_flip,314,18.065813115747716,1,16.05000000000011,0
head_on,ot_flip,315,14.249508639000632,1,18.00000000000001,0
head_on,ot_flip,316,13.999456861767712,1,18.44999999999996,0
head_on,ot_flip,317,22.81462828243458,1,5.9999999999999325,0
head_on,ot_flip,318,29.440621357933264,1,18.84999999999976,0
head_on,ot_flip,319,31.10493537070548,1,12.600000000000179,0
head_on,ot_flip,320,22.013928529968226,1,16.800000000000065,0
head_on,ot_flip,321,35.37391147835719,0,19.349999999999824,0
head_on,ot_flip,322,21.00247846675754,1,24.249999999999137,0
head_on,ot_flip,323,16.411246035008183,1,13.249999999999247,0
head_on,ot_flip,324,19.566594701867352,1,7.099999999999596,0
head_on,ot_flip,325,19.879054264225736,1,19.099999999999792,0
head_on,ot_flip,326,15.575628540514817,1,17.000000000000068,0
head_on,ot_flip,327,17.701783126020075,1,25.44999999999901,0
head_on,ot_flip,328,17.998820664180105,1,24.49999999999912,0
head_on,ot_flip,329,16.39043507013505,1,20.04999999999957,0
head_on,ot_flip,330,16.67326151797707,0,25.04999999999937,0
head_on,ot_flip,331,25.23405422356008,1,20.99999999999951,0
head_on,ot_flip,332,20.206674934645243,1,14.1000000000002,0
head_on,ot_flip,333,26.042840194301363,1,18.94999999999975,0
head_on,ot_flip,334,21.457625547207257,1,20.19999999999962,0
head_on,ot_flip,335,19.740099282462396,1,14.0500000000002,0
head_on,ot_flip,336,24.934797356148994,1,0.0,0
head_on,ot_flip,337,26.47105072554116,1,12.050000000000171,0
head_on,ot_flip,338,22.717129594942172,1,6.399999999999995,0
head_on,ot_flip,339,31.351443954948053,1,0.0,0
head_on,ot_flip,340,15.503590761353617,1,17.599999999999977,0
head_on,ot_flip,341,16.382552255774723,1,19.649999999999626,0
head_on,ot_flip,342,18.299753173499447,1,15.150000000000215,0
head_on,ot_flip,343,14.477585915242772,0,16.900000000000237,0
head_on,ot_flip,344,18.44107895633887,0,20.84999999999978,0
head_on,ot_flip,345,22.18208601650296,1,5.599999999999724,0
head_on,ot_flip,346,15.602086470539266,1,19.499999999999673,0
head_on,ot_flip,347,20.267298753306925,1,15.400000000000219,0
head_on,ot_flip,348,17.07497246582311,1,25.199999999999115,0
head_on,ot_flip,349,24.038576327426437,1,16.100000000000122,0
head_on,ot_flip,350,18.341357632887465,1,8.649999999999508,0
head_on,ot_flip,351,14.976433450485414,1,21.79999999999938,0
head_on,ot_flip,352,22.942481577348946,0,23.899999999999405,0
head_on,ot_flip,353,21.914927789833445,1,16.650000000000098,0
head_on,ot_flip,354,18.872934324870577,1,15.95000000000011,0
head_on,ot_flip,355,32.7898002982712,1,14.250000000000203,0
head_on,ot_flip,356,28.053911260941906,1,21.8499999999994,0
head_on,ot_flip,357,20.281122170124,1,12.800000000000182,0
head_on,ot_flip,358,17.952080027172713,1,22.29999999999945,0
head_on,ot_flip,359,21.913440183526195,1,15.050000000000207,0
head_on,ot_flip,360,18.008368862702472,1,18.39999999999977,0
head_on,ot_flip,361,18.585360278441566,0,23.149999999999494,0
head_on,ot_flip,362,17.707363913332866,1,24.249999999999172,0
head_on,ot_flip,363,14.340624817043462,0,40.14999999999797,0
head_on,ot_flip,364,16.446977931685524,1,18.899999999999736,0
head_on,ot_flip,365,15.49083338203723,1,33.099999999998275,0
head_on,ot_flip,366,21.340680756736454,1,15.250000000000199,0
head_on,ot_flip,367,19.07090296784977,0,20.749999999999773,0
head_on,ot_flip,368,12.428459813888951,1,23.499999999999307,0
head_on,ot_flip,369,37.047453900797066,0,21.199999999998795,0
head_on,ot_flip,370,22.650654382179567,1,13.750000000000195,0
head_on,ot_flip,371,13.267867705248706,1,19.69999999999999,0
head_on,ot_flip,372,28.144651749344682,1,4.350000000000062,0
head_on,ot_flip,373,15.47656865660379,1,17.25000000000004,0
head_on,ot_flip,374,14.5749634345767,0,16.750000000000213,0
head_on,ot_flip,375,20.606640173337972,1,15.450000000000202,0
head_on,ot_flip,376,24.013850272689336,1,24.999999999999037,0
head_on,ot_flip,377,12.743350674943999,1,20.799999999999827,0
head_on,ot_flip,378,20.28091446324639,1,18.04999999999995,0
head_on,ot_flip,379,24.37273706055163,0,20.799999999999738,0
head_on,ot_flip,380,15.867541095477838,1,19.14999999999972,0
head_on,ot_flip,381,19.46255502789186,1,16.75000000000004,0
head_on,ot_flip,382,26.760573455213496,1,17.14999999999998,0
head_on,ot_flip,383,13.331362489075367,1,20.149999999999732,0
head_on,ot_flip,384,20.770888328051118,0,26.499999999999133,0
head_on,ot_flip,385,16.068665133409887,1,20.599999999999515,0
head_on,ot_flip,386,17.601402162951725,1,23.79999999999925,0
head_on,ot_flip,387,17.031812261866147,1,17.249999999999964,0
head_on,ot_flip,388,17.88060601316824,1,22.94999999999936,0
head_on,ot_flip,389,17.37857739815283,1,24.799999999999127,0
head_on,ot_flip,390,12.872130338542364,1,21.049999999999667,0
head_on,ot_flip,391,17.625569318449866,0,22.09999999999966,0
head_on,ot_flip,392,16.73535971511289,1,19.849999999999586,0
head_on,ot_flip,393,21.86606680848196,1,16.850000000000055,0
head_on,ot_flip,394,20.67864396020526,1,18.64999999999984,0
head_on,ot_flip,395,21.321181877682243,1,6.9999999999998295,0
head_on,ot_flip,396,27.308381601436654,1,16.350000000000087,0
head_on,ot_flip,397,21.298452567962727,1,15.250000000000203,0
head_on,ot_flip,398,20.264420826113003,1,19.899999999999675,0
head_on,ot_flip,399,16.99005006131591,1,16.650000000000055,0
head_on,ot_flip,400,17.410901869957097,1,15.800000000000175,0
head_on,ot_flip,401,16.958425300902,1,17.44999999999993,0
head_on,ot_flip,402,27.999606833486176,1,19.349999999999703,0
head_on,ot_flip,403,21.594980323607903,0,17.95000000000005,0
head_on,ot_flip,404,24.84346997126769,1,16.150000000000116,0
head_on,ot_flip,405,13.59499927852509,1,18.8,0
head_on,ot_flip,406,17.805826927617257,1,16.10000000000011,0
head_on,ot_flip,407,28.658120669924074,1,19.24999999999971,0
head_on,ot_flip,408,24.468760742091984,1,22.449999999999335,0
head_on,ot_flip,409,20.861559139965834,1,22.949999999999278,0
head_on,ot_flip,410,23.838685533834706,0,14.900000000000212,0
head_on,ot_flip,411,13.171230417201883,1,19.849999999999966,0
head_on,ot_flip,412,13.780858104341645,1,18.65000000000014,0
head_on,ot_flip,413,18.224784749253917,1,24.199999999999147,0
head_on,ot_flip,414,17.961409125115445,1,16.150000000000098,0
head_on,ot_flip,415,19.43586130138292,1,7.649999999999565,0
head_on,ot_flip,416,20.06332510956619,1,16.94999999999999,0
head_on,ot_flip,417,28.023439656349,1,20.99999999999951,0
head_on,ot_flip,418,17.30904967930545,1,16.350000000000087,0
head_on,ot_flip,419,17.817606317154357,1,23.699999999999232,0
head_on,ot_flip,420,25.30644384485168,1,16.900000000000023,0
head_on,ot_flip,421,23.16179079084299,1,23.09999999999926,0
head_on,ot_flip,422,22.281274335963886,1,17.69999999999993,0
head_on,ot_flip,423,24.242117799560564,1,13.600000000000193,0
head_on,ot_flip,424,20.178350940337,1,20.74999999999955,0
head_on,ot_flip,425,19.450187970853964,1,16.900000000000027,0
head_on,ot_flip,426,13.012313754300383,1,22.69999999999989,0
head_on,ot_flip,427,22.763739791683854,1,13.40000000000019,0
head_on,ot_flip,428,19.816119881425898,1,16.60000000000005,0
head_on,ot_flip,429,22.745024296312753,1,18.899999999999768,0
head_on,ot_flip,430,25.554706364750093,1,16.100000000000115,0
head_on,ot_flip,431,11.747123928790948,1,25.299999999999383,0
head_on,ot_flip,432,27.13562578879335,1,20.899999999999512,0
head_on,ot_flip,433,26.499770928869083,0,17.4000000000001,0
head_on,ot_flip,434,12.913256666655043,0,21.399999999999878,0
head_on,ot_flip,435,16.70008102243343,0,24.299999999999475,0
head_on,ot_flip,436,18.474934418102794,1,14.600000000000207,0
head_on,ot_flip,437,11.685892904521038,1,25.94999999999941,0
head_on,ot_flip,438,21.392090431193594,1,14.350000000000204,0
head_on,ot_flip,439,17.761790840110883,1,16.10000000000011,0
head_on,ot_flip,440,18.526311330457347,1,16.30000000000006,0
head_on,ot_flip,441,33.237304097889115,1,0.0,0
head_on,ot_flip,442,23.815714129289354,1,15.5500000000002,0
head_on,ot_flip,443,19.97872599368969,1,19.299999999999773,0
head_on,ot_flip,444,20.11156812942099,1,16.8,0
head_on,ot_flip,445,14.728207963106124,1,19.24999999999976,0
head_on,ot_flip,446,16.698184462617387,1,27.59999999999879,0
head_on,ot_flip,447,24.59629562016435,1,15.85000000000015,0
head_on,ot_flip,448,26.160184937975654,1,16.2000000000001,0
head_on,ot_flip,449,24.213275745865623,1,16.00000000000014,0
head_on,ot_flip,450,42.93485408861764,0,15.900000000000158,0
head_on,ot_flip,451,18.09128652502459,0,21.649999999999693,0
head_on,ot_flip,452,27.290840518162035,1,14.350000000000204,0
head_on,ot_flip,453,25.002801896031627,1,13.250000000000188,0
head_on,ot_flip,454,20.749621885907384,1,14.250000000000203,0
head_on,ot_flip,455,21.49372386622053,1,21.74999999999943,0
head_on,ot_flip,456,9.991623843440887,0,47.5999999999973,0
head_on,ot_flip,457,54.65017283718739,0,15.249999999999133,0
head_on,ot_flip,458,21.889322186895562,1,6.999999999999989,0
head_on,ot_flip,459,18.81007173826697,1,20.549999999999645,0
head_on,ot_flip,460,19.588125426313464,1,13.700000000000195,0
head_on,ot_flip,461,14.483855797976274,0,39.34999999999812,0
head_on,ot_flip,462,17.551314538585945,1,17.89999999999985,0
head_on,ot_flip,463,13.308069105570498,0,19.500000000000014,0
head_on,ot_flip,464,20.582613288988792,1,14.75000000000021,0
head_on,ot_flip,465,17.69400855958876,1,15.750000000000167,0
head_on,ot_flip,466,16.45112995908866,1,18.49999999999979,0
head_on,ot_flip,467,24.928117839816842,1,14.900000000000212,0
head_on,ot_flip,468,23.591250976604297,1,17.99999999999989,0
head_on,ot_flip,469,21.020577474432688,1,15.100000000000215,0
head_on,ot_flip,470,26.267211384121413,1,17.0,0
head_on,ot_flip,471,25.37334884602551,1,18.79999999999978,0
head_on,ot_flip,472,16.882925389419174,1,26.899999999998858,0
head_on,ot_flip,473,16.055468872257716,1,17.250000000000004,0
head_on,ot_flip,474,12.915482829117781,1,20.399999999999785,0
head_on,ot_flip,475,39.062584123423974,1,0.0,0
head_on,ot_flip,476,11.620442695079236,1,24.699999999999495,0
head_on,ot_flip,477,24.291019874099117,1,25.149999999999014,0
head_on,ot_flip,478,19.869499164385452,1,19.94999999999968,0
head_on,ot_flip,479,26.660516719180468,1,22.449999999999342,0
head_on,ot_flip,480,26.59414701199427,1,4.0500000000000576,0
head_on,ot_flip,481,22.965867745113393,1,22.449999999999342,0
head_on,ot_flip,482,21.576693318390237,1,6.3999999999997215,0
head_on,ot_flip,483,29.850370437868147,0,24.399999999999334,0
head_on,ot_flip,484,18.371028302979067,1,20.999999999999602,0
head_on,ot_flip,485,36.79465108145281,1,0.0,0
head_on,ot_flip,486,21.235017986154183,1,14.75000000000021,0
head_on,ot_flip,487,16.254553956141173,1,29.599999999998634,0
head_on,ot_flip,488,25.788590931246887,1,14.80000000000021,0
head_on,ot_flip,489,12.921958672321116,1,21.049999999999656,0
head_on,ot_flip,490,13.830817615963857,1,21.19999999999953,0
head_on,ot_flip,491,29.794203114609008,1,17.59999999999991,0
head_on,ot_flip,492,14.529853775826657,0,37.8999999999982,0
head_on,ot_flip,493,17.97186733694969,1,22.74999999999937,0
head_on,ot_flip,494,21.66310459356984,0,29.099999999998857,0
head_on,ot_flip,495,17.65283991498055,1,19.14999999999967,0
head_on,ot_flip,496,24.975635214586944,1,22.849999999999287,0
head_on,ot_flip,497,22.778314467599365,1,12.500000000000178,0
head_on,ot_flip,498,28.66628399286512,1,17.199999999999964,0
head_on,ot_flip,499,20.418567191756463,1,15.050000000000214,0
head_on,no_sternpass,300,15.909627455737574,1,19.49999999999967,0
head_on,no_sternpass,301,18.71017357430926,1,14.75000000000021,0
head_on,no_sternpass,302,18.755710425102734,1,20.249999999999705,0
head_on,no_sternpass,303,12.939792424691065,1,20.14999999999988,0
head_on,no_sternpass,304,17.668112245130654,1,15.550000000000203,0
head_on,no_sternpass,305,13.091733434920226,1,21.299999999999937,0
head_on,no_sternpass,306,15.584356255149217,1,17.000000000000064,0
head_on,no_sternpass,307,19.282048988251905,1,20.949999999999555,0
head_on,no_sternpass,308,21.503797106567397,1,12.250000000000174,0
head_on,no_sternpass,309,15.42296364101309,1,18.14999999999989,0
head_on,no_sternpass,310,22.176246271021697,1,5.44999999999969,0
head_on,no_sternpass,311,15.41335189748231,1,20.249999999999577,0
head_on,no_sternpass,312,15.806165856568434,1,22.099999999999298,0
head_on,no_sternpass,313,17.890627589010936,1,23.44999999999927,0
head_on,no_sternpass,314,18.065813115747716,1,16.05000000000011,0
head_on,no_sternpass,315,14.249508639000632,1,18.00000000000001,0
head_on,no_sternpass,316,13.999456861767712,1,18.44999999999996,0
head_on,no_sternpass,317,22.81462828243458,1,5.9999999999999325,0
head_on,no_sternpass,318,29.440621357933264,1,18.84999999999976,0
head_on,no_sternpass,319,31.10493537070548,1,12.600000000000179,0
head_on,no_sternpass,320,22.013928529968226,1,16.800000000000065,0
head_on,no_sternpass,321,35.37391147835719,0,19.349999999999824,0
head_on,no_sternpass,322,21.00247846675754,1,24.249999999999137,0
head_on,no_sternpass,323,16.411246035008183,1,13.249999999999247,0
head_on,no_sternpass,324,19.566594701867352,1,7.099999999999596,0
head_on,no_sternpass,325,19.879054264225736,1,19.099999999999792,0
head_on,no_sternpass,326,15.575628540514817,1,17.000000000000068,0
head_on,no_sternpass,327,17.701783126020075,1,25.44999999999901,0
head_on,no_sternpass,328,17.998820664180105,1,24.49999999999912,0
head_on,no_sternpass,329,16.39043507013505,1,20.04999999999957,0
head_on,no_sternpass,330,15.52887934841895,0,24.549999999999397,0
head_on,no_sternpass,331,25.23405422356008,1,20.99999999999951,0
head_on,no_sternpass,332,20.206674934645243,1,14.1000000000002,0
head_on,no_sternpass,333,26.042840194301363,1,18.94999999999975,0
head_on,no_sternpass,334,21.457625547207257,1,20.19999999999962,0
head_on,no_sternpass,335,19.740099282462396,1,14.0500000000002,0
head_on,no_sternpass,336,24.934797356148994,1,0.0,0
head_on,no_sternpass,337,26.47105072554116,1,12.050000000000171,0
head_on,no_sternpass,338,22.717129594942172,1,6.399999999999995,0
head_on,no_sternpass,339,31.351443954948053,1,0.0,0
head_on,no_sternpass,340,15.503590761353617,1,17.599999999999977,0
head_on,no_sternpass,341,16.382552255774723,1,19.649999999999626,0
head_on,no_sternpass,342,18.299753173499447,1,15.150000000000215,0
head_on,no_sternpass,343,14.477585915242772,0,16.900000000000237,0
head_on,no_sternpass,344,17.278639149197666,0,20.449999999999804,0
head_on,no_sternpass,345,22.18208601650296,1,5.599999999999724,0
head_on,no_sternpass,346,15.602086470539266,1,19.499999999999673,0
head_on,no_sternpass,347,20.267298753306925,1,15.400000000000219,0
head_on,no_sternpass,348,17.07497246582311,1,25.199999999999115,0
head_on,no_sternpass,349,24.038576327426437,1,16.100000000000122,0
head_on,no_sternpass,350,18.341357632887465,1,8.649999999999508,0
head_on,no_sternpass,351,14.976433450485414,1,21.79999999999938,0
head_on,no_sternpass,352,22.942481577348946,0,23.899999999999405,0
head_on,no_sternpass,353,21.914927789833445,1,16.650000000000098,0
head_on,no_sternpass,354,18.872934324870577,1,15.95000000000011,0
head_on,no_sternpass,355,32.7898002982712,1,14.250000000000203,0
head_on,no_sternpass,356,28.053911260941906,1,21.8499999999994,0
head_on,no_sternpass,357,20.281122170124,1,12.800000000000182,0
head_on,no_sternpass,358,17.952080027172713,1,22.29999999999945,0
head_on,no_sternpass,359,21.913440183526195,1,15.050000000000207,0
head_on,no_sternpass,360,18.008368862702472,1,18.39999999999977,0
head_on,no_sternpass,361,18.28621034781011,0,23.0499999999995,0
head_on,no_sternpass,362,17.707363913332866,1,24.249999999999172,0
head_on,no_sternpass,363,13.634473726896447,0,39.54999999999801,0
head_on,no_sternpass,364,16.446977931685524,1,18.899999999999736,0
head_on,no_sternpass,365,15.49083338203723,1,33.099999999998275,0
head_on,no_sternpass,366,21.340680756736454,1,15.250000000000199,0
head_on,no_sternpass,367,18.206254914105347,0,20.499999999999787,0
head_on,no_sternpass,368,12.428459813888951,1,23.499999999999307,0
head_on,no_sternpass,369,37.047453900797066,0,21.199999999998795,0
head_on,no_sternpass,370,22.650654382179567,1,13.750000000000195,0
head_on,no_sternpass,371,13.267867705248706,1,19.69999999999999,0
head_on,no_sternpass,372,28.144651749344682,1,4.350000000000062,0
head_on,no_sternpass,373,15.47656865660379,1,17.25000000000004,0
head_on,no_sternpass,374,14.5749634345767,0,16.750000000000213,0
head_on,no_sternpass,375,20.606640173337972,1,15.450000000000202,0
head_on,no_sternpass,376,24.013850272689336,1,24.999999999999037,0
head_on,no_sternpass,377,12.743350674943999,1,20.799999999999827,0
head_on,no_sternpass,378,20.28091446324639,1,18.04999999999995,0
head_on,no_sternpass,379,24.37273706055163,0,20.799999999999738,0
head_on,no_sternpass,380,15.867541095477838,1,19.14999999999972,0
head_on,no_sternpass,381,19.46255502789186,1,16.75000000000004,0
head_on,no_sternpass,382,26.760573455213496,1,17.14999999999998,0
head_on,no_sternpass,383,13.331362489075367,1,20.149999999999732,0
head_on,no_sternpass,384,20.770888328051118,0,26.499999999999133,0
head_on,no_sternpass,385,16.068665133409887,1,20.599999999999515,0
head_on,no_sternpass,386,17.601402162951725,1,23.79999999999925,0
head_on,no_sternpass,387,17.031812261866147,1,17.249999999999964,0
head_on,no_sternpass,388,17.88060601316824,1,22.94999999999936,0
head_on,no_sternpass,389,17.37857739815283,1,24.799999999999127,0
head_on,no_sternpass,390,12.872130338542364,1,21.049999999999667,0
head_on,no_sternpass,391,16.33941785008245,0,21.649999999999686,0
head_on,no_sternpass,392,16.73535971511289,1,19.849999999999586,0
head_on,no_sternpass,393,21.86606680848196,1,16.850000000000055,0
head_on,no_sternpass,394,20.67864396020526,1,18.64999999999984,0
head_on,no_sternpass,395,21.321181877682243,1,6.9999999999998295,0
head_on,no_sternpass,396,27.308381601436654,1,16.350000000000087,0
head_on,no_sternpass,397,21.298452567962727,1,15.250000000000203,0
head_on,no_sternpass,398,20.264420826113003,1,19.899999999999675,0
head_on,no_sternpass,399,16.99005006131591,1,16.650000000000055,0
head_on,no_sternpass,400,17.410901869957097,1,15.800000000000175,0
head_on,no_sternpass,401,16.958425300902,1,17.44999999999993,0
head_on,no_sternpass,402,27.999606833486176,1,19.349999999999703,0
head_on,no_sternpass,403,21.364108854787624,0,17.900000000000052,0
head_on,no_sternpass,404,24.84346997126769,1,16.150000000000116,0
head_on,no_sternpass,405,13.59499927852509,1,18.8,0
head_on,no_sternpass,406,17.805826927617257,1,16.10000000000011,0
head_on,no_sternpass,407,28.658120669924074,1,19.24999999999971,0
head_on,no_sternpass,408,24.468760742091984,1,22.449999999999335,0
head_on,no_sternpass,409,20.861559139965834,1,22.949999999999278,0
head_on,no_sternpass,410,23.244996277523832,0,14.80000000000021,0
head_on,no_sternpass,411,13.171230417201883,1,19.849999999999966,0
head_on,no_sternpass,412,13.780858104341645,1,18.65000000000014,0
head_on,no_sternpass,413,18.224784749253917,1,24.199999999999147,0
head_on,no_sternpass,414,17.961409125115445,1,16.150000000000098,0
head_on,no_sternpass,415,19.43586130138292,1,7.649999999999565,0
head_on,no_sternpass,416,20.06332510956619,1,16.94999999999999,0
head_on,no_sternpass,417,28.023439656349,1,20.99999999999951,0
head_on,no_sternpass,418,17.30904967930545,1,16.350000000000087,0
head_on,no_sternpass,419,17.817606317154357,1,23.699999999999232,0
head_on,no_sternpass,420,25.30644384485168,1,16.900000000000023,0
head_on,no_sternpass,421,23.16179079084299,1,23.09999999999926,0
head_on,no_sternpass,422,22.281274335963886,1,17.69999999999993,0
head_on,no_sternpass,423,24.242117799560564,1,13.600000000000193,0
head_on,no_sternpass,424,20.178350940337,1,20.74999999999955,0
head_on,no_sternpass,425,19.450187970853964,1,16.900000000000027,0
head_on,no_sternpass,426,13.012313754300383,1,22.69999999999989,0
head_on,no_sternpass,427,22.763739791683854,1,13.40000000000019,0
head_on,no_sternpass,428,19.816119881425898,1,16.60000000000005,0
head_on,no_sternpass,429,22.745024296312753,1,18.899999999999768,0
head_on,no_sternpass,430,25.554706364750093,1,16.100000000000115,0
head_on,no_sternpass,431,11.747123928790948,1,25.299999999999383,0
head_on,no_sternpass,432,27.13562578879335,1,20.899999999999512,0
head_on,no_sternpass,433,26.499770928869083,0,17.4000000000001,0
head_on,no_sternpass,434,12.913256666655043,0,21.399999999999878,0
head_on,no_sternpass,435,15.33215776691771,0,23.69999999999951,0
head_on,no_sternpass,436,18.474934418102794,1,14.600000000000207,0
head_on,no_sternpass,437,11.685892904521038,1,25.94999999999941,0
head_on,no_sternpass,438,21.392090431193594,1,14.350000000000204,0
head_on,no_sternpass,439,17.761790840110883,1,16.10000000000011,0
head_on,no_sternpass,440,18.526311330457347,1,16.30000000000006,0
head_on,no_sternpass,441,33.237304097889115,1,0.0,0
head_on,no_sternpass,442,23.815714129289354,1,15.5500000000002,0
head_on,no_sternpass,443,19.97872599368969,1,19.299999999999773,0
head_on,no_sternpass,444,20.11156812942099,1,16.8,0
head_on,no_sternpass,445,14.728207963106124,1,19.24999999999976,0
head_on,no_sternpass,446,16.698184462617387,1,27.59999999999879,0
head_on,no_sternpass,447,24.59629562016435,1,15.85000000000015,0
head_on,no_sternpass,448,26.160184937975654,1,16.2000000000001,0
head_on,no_sternpass,449,24.213275745865623,1,16.00000000000014,0
head_on,no_sternpass,450,42.93485408861764,0,15.900000000000158,0
head_on,no_sternpass,451,16.970356051109906,0,21.249999999999716,0
head_on,no_sternpass,452,27.290840518162035,1,14.350000000000204,0
head_on,no_sternpass,453,25.002801896031627,1,13.250000000000188,0
head_on,no_sternpass,454,20.749621885907384,1,14.250000000000203,0
head_on,no_sternpass,455,21.49372386622053,1,21.74999999999943,0
head_on,no_sternpass,456,9.991623843440887,1,47.5999999999973,0
head_on,no_sternpass,457,54.65017283718739,0,15.249999999999133,0
head_on,no_sternpass,458,21.889322186895562,1,6.999999999999989,0
head_on,no_sternpass,459,18.81007173826697,1,20.549999999999645,0
head_on,no_sternpass,460,19.588125426313464,1,13.700000000000195,0
head_on,no_sternpass,461,13.660587522340077,0,38.49999999999817,0
head_on,no_sternpass,462,17.551314538585945,1,17.89999999999985,0
head_on,no_sternpass,463,13.308069105570498,0,19.500000000000014,0
head_on,no_sternpass,464,20.582613288988792,1,14.75000000000021,0
head_on,no_sternpass,465,17.69400855958876,1,15.750000000000167,0
head_on,no_sternpass,466,16.45112995908866,1,18.49999999999979,0
head_on,no_sternpass,467,24.928117839816842,1,14.900000000000212,0
head_on,no_sternpass,468,23.591250976604297,1,17.99999999999989,0
head_on,no_sternpass,469,21.020577474432688,1,15.100000000000215,0
head_on,no_sternpass,470,26.267211384121413,1,17.0,0
head_on,no_sternpass,471,25.37334884602551,1,18.79999999999978,0
head_on,no_sternpass,472,16.882925389419174,1,26.899999999998858,0
head_on,no_sternpass,473,16.055468872257716,1,17.250000000000004,0
head_on,no_sternpass,474,12.915482829117781,1,20.399999999999785,0
head_on,no_sternpass,475,39.062584123423974,1,0.0,0
head_on,no_sternpass,476,11.620442695079236,1,24.699999999999495,0
head_on,no_sternpass,477,24.291019874099117,1,25.149999999999014,0
head_on,no_sternpass,478,19.869499164385452,1,19.94999999999968,0
head_on,no_sternpass,479,26.660516719180468,1,22.449999999999342,0
head_on,no_sternpass,480,26.59414701199427,1,4.0500000000000576,0
head_on,no_sternpass,481,22.965867745113393,1,22.449999999999342,0
head_on,no_sternpass,482,21.576693318390237,1,6.3999999999997215,0
head_on,no_sternpass,483,29.850370437868147,0,24.399999999999334,0
head_on,no_sternpass,484,18.371028302979067,1,20.999999999999602,0
head_on,no_sternpass,485,36.79465108145281,1,0.0,0
head_on,no_sternpass,486,21.235017986154183,1,14.75000000000021,0
head_on,no_sternpass,487,16.254553956141173,1,29.599999999998634,0
head_on,no_sternpass,488,25.788590931246887,1,14.80000000000021,0
head_on,no_sternpass,489,12.921958672321116,1,21.049999999999656,0
head_on,no_sternpass,490,13.830817615963857,1,21.19999999999953,0
head_on,no_sternpass,491,29.794203114609008,1,17.59999999999991,0
head_on,no_sternpass,492,13.66645865370296,0,37.14999999999824,0
head_on,no_sternpass,493,17.97186733694969,1,22.74999999999937,0
head_on,no_sternpass,494,21.66310459356984,0,29.099999999998857,0
head_on,no_sternpass,495,17.65283991498055,1,19.14999999999967,0
head_on,no_sternpass,496,24.975635214586944,1,22.849999999999287,0
head_on,no_sternpass,497,22.778314467599365,1,12.500000000000178,0
head_on,no_sternpass,498,28.66628399286512,1,17.199999999999964,0
head_on,no_sternpass,499,20.418567191756463,1,15.050000000000214,0
head_on,no_anticipation,300,9.86369632616214,1,17.799999999999766,0
head_on,no_anticipation,301,11.273677636522729,1,13.500000000000192,0
head_on,no_anticipation,302,13.987497239698483,1,17.599999999999856,0
head_on,no_anticipation,303,8.082020748940389,1,15.000000000000174,0
head_on,no_anticipation,304,10.43852968871755,1,13.950000000000198,0
head_on,no_anticipation,305,8.036358056397995,1,13.450000000000191,0
head_on,no_anticipation,306,8.966781012615769,1,14.6000000000002,0
head_on,no_anticipation,307,17.77911031922833,1,20.49999999999958,0
head_on,no_anticipation,308,13.123255261815498,1,11.150000000000158,0
head_on,no_anticipation,309,9.130763946338035,1,15.950000000000014,0
head_on,no_anticipation,310,21.172407478523237,1,0.0,0
head_on,no_anticipation,311,9.571935030750572,1,18.399999999999682,0
head_on,no_anticipation,312,10.324337502370962,1,20.599999999999383,0
head_on,no_anticipation,313,15.099384562603644,1,22.499999999999325,0
head_on,no_anticipation,314,11.206873748795282,1,14.850000000000179,0
head_on,no_anticipation,315,8.325307198544737,1,14.600000000000204,0
head_on,no_anticipation,316,8.285687148632597,1,15.10000000000015,0
head_on,no_anticipation,317,21.043406223412102,1,0.0,0
head_on,no_anticipation,318,29.440621357933264,1,18.84999999999976,0
head_on,no_anticipation,319,31.10493537070548,1,12.600000000000179,0
head_on,no_anticipation,320,20.252168683640758,1,15.050000000000164,0
head_on,no_anticipation,321,35.37391147835719,0,19.349999999999824,0
head_on,no_anticipation,322,21.00247846675754,1,24.249999999999137,0
head_on,no_anticipation,323,12.113118234375149,1,0.649999999999963,0
head_on,no_anticipation,324,16.856703744142745,1,0.0,0
head_on,no_anticipation,325,17.45460846796686,1,18.499999999999826,0
head_on,no_anticipation,326,8.96909751022881,1,14.600000000000204,0
head_on,no_anticipation,327,16.782745701788325,1,25.14999999999903,0
head_on,no_anticipation,328,16.9528532363077,1,24.09999999999914,0
head_on,no_anticipation,329,10.561073901406822,1,18.749999999999645,0
head_on,no_anticipation,330,13.11662538972586,0,23.649999999999448,0
head_on,no_anticipation,331,25.23405422356008,1,20.99999999999951,0
head_on,no_anticipation,332,13.258286305323338,1,13.500000000000192,0
head_on,no_anticipation,333,26.042840194301363,1,18.94999999999975,0
head_on,no_anticipation,334,21.457625547207257,1,20.19999999999962,0
head_on,no_anticipation,335,12.282926789010435,1,13.000000000000185,0
head_on,no_anticipation,336,24.934797356148994,1,0.0,0
head_on,no_anticipation,337,25.698414055876537,1,11.95000000000017,0
head_on,no_anticipation,338,20.35135577447157,1,0.0,0
head_on,no_anticipation,339,31.351443954948053,1,0.0,0
head_on,no_anticipation,340,9.059860716484529,1,15.300000000000107,0
head_on,no_anticipation,341,10.428482283627838,1,18.249999999999705,0
head_on,no_anticipation,342,10.978110647635898,1,13.750000000000195,0
head_on,no_anticipation,343,7.027612486866315,1,13.050000000000185,0
head_on,no_anticipation,344,15.810988301107228,0,19.949999999999832,0
head_on,no_anticipation,345,20.976330515001724,1,0.0,0
head_on,no_anticipation,346,9.576895819061955,1,17.64999999999978,0
head_on,no_anticipation,347,14.183904428056278,1,14.250000000000203,0
head_on,no_anticipation,348,13.042323615022863,1,23.599999999999206,0
head_on,no_anticipation,349,23.849335858814584,1,16.100000000000122,0
head_on,no_anticipation,350,13.81235721290288,1,0.0,0
head_on,no_anticipation,351,9.474239929456015,1,19.799999999999493,0
head_on,no_anticipation,352,22.942481577348946,0,23.899999999999405,0
head_on,no_anticipation,353,19.872515353615704,1,14.900000000000198,0
head_on,no_anticipation,354,12.432281959559038,1,15.200000000000152,0
head_on,no_anticipation,355,32.7898002982712,1,14.250000000000203,0
head_on,no_anticipation,356,28.053911260941906,1,21.8499999999994,0
head_on,no_anticipation,357,11.821055430989217,1,11.450000000000163,0
head_on,no_anticipation,358,13.825477831830863,1,19.399999999999615,0
head_on,no_anticipation,359,19.564864179753535,1,14.650000000000208,0
head_on,no_anticipation,360,12.422052639456137,1,17.849999999999802,0
head_on,no_anticipation,361,18.28621034781011,0,23.0499999999995,0
head_on,no_anticipation,362,15.576387961200739,1,23.499999999999215,0
head_on,no_anticipation,363,11.213765175456784,0,37.39999999999813,0
head_on,no_anticipation,364,10.299185305248278,1,17.449999999999818,0
head_on,no_anticipation,365,11.733345931958567,1,30.49999999999842,0
head_on,no_anticipation,366,17.976660258279242,1,14.650000000000208,0
head_on,no_anticipation,367,17.866570716890624,0,20.349999999999795,0
head_on,no_anticipation,368,8.109104155967845,1,21.649999999999412,0
head_on,no_anticipation,369,37.047453900797066,0,21.199999999998795,0
head_on,no_anticipation,370,19.22022700616208,1,13.200000000000188,0
head_on,no_anticipation,371,8.081649722719552,1,13.950000000000198,0
head_on,no_anticipation,372,27.751240206252128,1,0.0,0
head_on,no_anticipation,373,8.954977893159931,1,14.850000000000176,0
head_on,no_anticipation,374,6.564834439804035,1,13.750000000000195,0
head_on,no_anticipation,375,15.8883507097066,1,14.550000000000207,0
head_on,no_anticipation,376,24.013850272689336,1,24.999999999999037,0
head_on,no_anticipation,377,8.098941679934716,1,15.200000000000145,0
head_on,no_anticipation,378,16.761035618758296,1,15.95000000000007,0
head_on,no_anticipation,379,24.37273706055163,0,20.799999999999738,0
head_on,no_anticipation,380,9.759693325254503,1,17.39999999999982,0
head_on,no_anticipation,381,13.56949315433895,1,15.650000000000102,0
head_on,no_anticipation,382,26.760573455213496,1,17.14999999999998,0
head_on,no_anticipation,383,8.167293698295246,1,17.04999999999991,0
head_on,no_anticipation,384,20.770888328051118,0,26.499999999999133,0
head_on,no_anticipation,385,10.311044103399203,1,19.149999999999597,0
head_on,no_anticipation,386,14.084076270519217,1,22.549999999999322,0
head_on,no_anticipation,387,10.414486676458804,1,15.75000000000005,0
head_on,no_anticipation,388,14.466408461546417,1,21.799999999999425,0
head_on,no_anticipation,389,14.262282503993056,1,23.649999999999192,0
head_on,no_anticipation,390,8.106693904271426,1,17.29999999999988,0
head_on,no_anticipation,391,13.894289849132853,0,20.799999999999734,0
head_on,no_anticipation,392,10.943204373610648,1,18.74999999999965,0
head_on,no_anticipation,393,20.284741224389776,1,16.500000000000075,0
head_on,no_anticipation,394,19.238073178299068,1,18.29999999999986,0
head_on,no_anticipation,395,18.20586212840355,1,0.0,0
head_on,no_anticipation,396,27.308381601436654,1,16.350000000000087,0
head_on,no_anticipation,397,17.862592195784398,1,14.650000000000208,0
head_on,no_anticipation,398,19.35983083809546,1,19.64999999999969,0
head_on,no_anticipation,399,10.166574477801662,1,15.050000000000146,0
head_on,no_anticipation,400,10.24434931393755,1,14.150000000000201,0
head_on,no_anticipation,401,10.412862226808146,1,16.00000000000001,0
head_on,no_anticipation,402,27.999606833486176,1,19.349999999999703,0
head_on,no_anticipation,403,21.364108854787624,0,17.900000000000052,0
head_on,no_anticipation,404,24.84346997126769,1,16.150000000000116,0
head_on,no_anticipation,405,8.134085185851221,1,14.600000000000207,0
head_on,no_anticipation,406,10.865570086832907,1,14.750000000000188,0
head_on,no_anticipation,407,28.658120669924074,1,19.24999999999971,0
head_on,no_anticipation,408,24.468760742091984,1,22.449999999999335,0
head_on,no_anticipation,409,20.861559139965834,1,22.949999999999278,0
head_on,no_anticipation,410,23.244996277523832,0,14.80000000000021,0
head_on,no_anticipation,411,8.077212617381784,1,14.1000000000002,0
head_on,no_anticipation,412,7.9006072268367955,1,12.500000000000178,0
head_on,no_anticipation,413,17.56834168192121,1,23.999999999999158,0
head_on,no_anticipation,414,11.097815040955224,1,14.900000000000169,0
head_on,no_anticipation,415,15.882458898411489,1,0.0,0
head_on,no_anticipation,416,16.43010457242336,1,16.25000000000003,0
head_on,no_anticipation,417,28.023439656349,1,20.99999999999951,0
head_on,no_anticipation,418,10.384262264235993,1,14.800000000000175,0
head_on,no_anticipation,419,15.67560254936175,1,22.949999999999275,0
head_on,no_anticipation,420,25.30644384485168,1,16.900000000000023,0
head_on,no_anticipation,421,23.16179079084299,1,23.09999999999926,0
head_on,no_anticipation,422,21.97093667648222,1,17.599999999999934,0
head_on,no_anticipation,423,23.148856932548604,1,13.40000000000019,0
head_on,no_anticipation,424,19.760120874070438,1,20.649999999999554,0
head_on,no_anticipation,425,13.78725057215581,1,15.80000000000009,0
head_on,no_anticipation,426,7.786210885514403,1,12.750000000000181,0
head_on,no_anticipation,427,18.70544161583307,1,12.70000000000018,0
head_on,no_anticipation,428,15.099203066029315,1,15.700000000000102,0
head_on,no_anticipation,429,22.745024296312753,1,18.899999999999768,0
head_on,no_anticipation,430,25.554706364750093,1,16.100000000000115,0
head_on,no_anticipation,431,8.096399042155003,1,22.249999999999556,0
head_on,no_anticipation,432,27.13562578879335,1,20.899999999999512,0
head_on,no_anticipation,433,26.499770928869083,0,17.4000000000001,0
head_on,no_anticipation,434,7.419843207234332,1,13.900000000000198,0
head_on,no_anticipation,435,12.073599180398329,0,22.399999999999583,0
head_on,no_anticipation,436,10.880382463663496,1,13.150000000000187,0
head_on,no_anticipation,437,8.133585055491178,1,23.29999999999956,0
head_on,no_anticipation,438,16.13872467481137,1,13.40000000000019,0
head_on,no_anticipation,439,10.81796898475024,1,14.750000000000188,0
head_on,no_anticipation,440,12.107562344325514,1,15.45000000000011,0
head_on,no_anticipation,441,33.237304097889115,1,0.0,0
head_on,no_anticipation,442,23.15996986898928,1,14.1000000000002,0
head_on,no_anticipation,443,17.790982097639056,1,18.699999999999807,0
head_on,no_anticipation,444,16.52725572428403,1,16.150000000000038,0
head_on,no_anticipation,445,8.843917106291201,1,16.849999999999895,0
head_on,no_anticipation,446,14.212226491133787,1,26.54999999999885,0
head_on,no_anticipation,447,24.572071690097133,1,15.85000000000015,0
head_on,no_anticipation,448,26.160184937975654,1,16.2000000000001,0
head_on,no_anticipation,449,24.128441183055816,1,16.00000000000014,0
head_on,no_anticipation,450,42.93485408861764,0,15.900000000000158,0
head_on,no_anticipation,451,15.572417992654307,0,20.79999999999974,0
head_on,no_anticipation,452,27.290840518162035,1,14.350000000000204,0
head_on,no_anticipation,453,24.30236864563991,1,13.150000000000187,0
head_on,no_anticipation,454,13.510121457134737,1,12.800000000000182,0
head_on,no_anticipation,455,21.49372386622053,1,21.74999999999943,0
head_on,no_anticipation,456,8.757886268760226,0,38.29999999999783,0
head_on,no_anticipation,457,54.65017283718739,0,15.249999999999133,0
head_on,no_anticipation,458,18.502052709100067,1,0.0,0
head_on,no_anticipation,459,15.545849097664837,1,18.149999999999782,0
head_on,no_anticipation,460,11.67192835893615,1,12.400000000000176,0
head_on,no_anticipation,461,11.248248709758267,0,36.24999999999828,0
head_on,no_anticipation,462,11.382552473964545,1,16.899999999999906,0
head_on,no_anticipation,463,7.209844372630762,1,13.700000000000195,0
head_on,no_anticipation,464,14.015754876782381,1,13.550000000000193,0
head_on,no_anticipation,465,10.579961267174266,1,14.300000000000203,0
head_on,no_anticipation,466,10.195926303674094,1,16.999999999999876,0
head_on,no_anticipation,467,24.617191489450782,1,14.850000000000211,0
head_on,no_anticipation,468,23.591250976604297,1,17.99999999999989,0
head_on,no_anticipation,469,16.63931793890671,1,14.300000000000203,0
head_on,no_anticipation,470,26.267211384121413,1,17.0,0
head_on,no_anticipation,471,25.37334884602551,1,18.79999999999978,0
head_on,no_anticipation,472,15.152026191597239,1,26.199999999998898,0
head_on,no_anticipation,473,9.415879016140577,1,15.20000000000012,0
head_on,no_anticipation,474,8.097043707883104,1,16.200000000000024,0
head_on,no_anticipation,475,39.062584123423974,1,0.0,0
head_on,no_anticipation,476,7.734901324940007,1,15.99999999999999,0
head_on,no_anticipation,477,24.291019874099117,1,25.149999999999014,0
head_on,no_anticipation,478,18.37551559570456,1,19.549999999999702,0
head_on,no_anticipation,479,26.660516719180468,1,22.449999999999342,0
head_on,no_anticipation,480,26.30962964044391,1,0.0,0
head_on,no_anticipation,481,22.965867745113393,1,22.449999999999342,0
head_on,no_anticipation,482,19.479916104344824,1,0.0,0
head_on,no_anticipation,483,29.850370437868147,0,24.399999999999334,0
head_on,no_anticipation,484,14.269477175430785,1,18.299999999999756,0
head_on,no_anticipation,485,36.79465108145281,1,0.0,0
head_on,no_anticipation,486,16.538020452133452,1,13.900000000000198,0
head_on,no_anticipation,487,12.392718972494329,1,27.54999999999875,0
head_on,no_anticipation,488,25.776778014115493,1,14.80000000000021,0
head_on,no_anticipation,489,8.107312825071013,1,17.549999999999855,0
head_on,no_anticipation,490,8.514962365435704,1,19.09999999999965,0
head_on,no_anticipation,491,29.794203114609008,1,17.59999999999991,0
head_on,no_anticipation,492,11.251357302181688,0,35.099999999998346,0
head_on,no_anticipation,493,15.161896821475157,1,21.799999999999425,0
head_on,no_anticipation,494,21.66310459356984,0,29.099999999998857,0
head_on,no_anticipation,495,12.160884983913842,1,18.549999999999706,0
head_on,no_anticipation,496,24.975635214586944,1,22.849999999999287,0
head_on,no_anticipation,497,15.534257886936874,1,11.25000000000016,0
head_on,no_anticipation,498,28.66628399286512,1,17.199999999999964,0
head_on,no_anticipation,499,14.169790962176755,1,13.900000000000198,0
head_on,c3bf,300,28.51569028845989,0,21.199999999999573,0
head_on,c3bf,301,27.817770286308445,0,16.500000000000195,0
head_on,c3bf,302,26.62263670841915,0,20.69999999999968,0
head_on,c3bf,303,32.27390570490688,0,16.65000000000008,0
head_on,c3bf,304,28.461996415152335,0,16.950000000000124,0
head_on,c3bf,305,32.687984719292544,0,15.000000000000213,0
head_on,c3bf,306,30.016342601231344,0,17.25000000000005,0
head_on,c3bf,307,26.785360661212565,1,22.199999999999484,0
head_on,c3bf,308,27.80146714016877,1,13.600000000000193,0
head_on,c3bf,309,29.641740422480378,0,18.79999999999985,0
head_on,c3bf,310,36.20284196874304,1,18.1499999999998,0
head_on,c3bf,311,28.49823652974533,0,21.849999999999486,0
head_on,c3bf,312,26.59279569418155,0,24.84999999999914,0
head_on,c3bf,313,24.820825153538035,0,24.749999999999197,0
head_on,c3bf,314,28.109824463631025,0,17.950000000000003,0
head_on,c3bf,315,31.101797715996053,0,16.850000000000076,0
head_on,c3bf,316,31.163678398631436,0,17.300000000000026,0
head_on,c3bf,317,36.630172316223984,1,16.200000000000045,0
head_on,c3bf,318,32.19994531439097,1,19.249999999999737,0
head_on,c3bf,319,35.51538782046848,1,12.850000000000183,0
head_on,c3bf,320,29.74765131098705,1,17.450000000000028,0
head_on,c3bf,321,47.11904159877602,0,14.200000000000117,0
head_on,c3bf,322,25.76201040621451,1,25.899999999999043,0
head_on,c3bf,323,25.447187185696873,1,27.749999999998792,0
head_on,c3bf,324,33.037560174523016,1,21.399999999999423,0
head_on,c3bf,325,27.669295181243413,1,19.949999999999743,0
head_on,c3bf,326,29.90468606198835,0,17.200000000000056,0
head_on,c3bf,327,23.574134283776925,1,27.649999999998887,0
head_on,c3bf,328,24.314356759128003,1,26.449999999999008,0
head_on,c3bf,329,27.469533902974753,0,22.399999999999437,0
head_on,c3bf,330,33.63273645741963,0,19.449999999999687,0
head_on,c3bf,331,29.294581961817784,1,21.89999999999946,0
head_on,c3bf,332,27.878248608822563,1,16.050000000000228,0
head_on,c3bf,333,30.660751666773038,1,19.699999999999708,0
head_on,c3bf,334,28.269748994712103,1,21.449999999999548,0
head_on,c3bf,335,27.51919405825935,1,15.900000000000226,0
head_on,c3bf,336,38.215493600121995,1,16.849999999999934,0
head_on,c3bf,337,32.97300707938477,1,13.650000000000194,0
head_on,c3bf,338,36.454473024706814,1,15.850000000000108,0
head_on,c3bf,339,42.25455248962002,1,11.700000000000166,0
head_on,c3bf,340,29.749971862781308,0,17.999999999999954,0
head_on,c3bf,341,27.84764604268811,0,21.799999999999503,0
head_on,c3bf,342,28.07575806444009,0,16.75000000000016,0
head_on,c3bf,343,35.37996735944431,0,13.650000000000194,0
head_on,c3bf,344,36.08810197578801,0,16.45000000000003,0
head_on,c3bf,345,36.151489731290674,1,17.749999999999847,0
head_on,c3bf,346,28.76237103313694,0,20.94999999999959,0
head_on,c3bf,347,28.092816402516466,1,16.800000000000153,0
head_on,c3bf,348,24.920280404685293,0,25.79999999999908,0
head_on,c3bf,349,31.247798637113817,1,16.800000000000082,0
head_on,c3bf,350,30.781352538949147,1,23.349999999999223,0
head_on,c3bf,351,27.822518072261047,0,23.599999999999277,0
head_on,c3bf,352,39.48979220771883,0,17.99999999999974,0
head_on,c3bf,353,29.72423523062255,1,17.250000000000064,0
head_on,c3bf,354,27.57446090929544,0,18.299999999999976,0
head_on,c3bf,355,35.73385920073842,1,14.450000000000205,0
head_on,c3bf,356,30.07276934067206,1,22.39999999999937,0
head_on,c3bf,357,27.104477203166066,1,14.200000000000202,0
head_on,c3bf,358,26.07204890917043,0,22.84999999999942,0
head_on,c3bf,359,29.74005372642013,1,16.9500000000001,0
head_on,c3bf,360,27.0827540523359,0,21.149999999999615,0
head_on,c3bf,361,36.43600832612354,0,18.29999999999977,0
head_on,c3bf,362,24.17607072288225,1,25.999999999999073,0
head_on,c3bf,363,22.898917857660653,0,30.49999999999852,0
head_on,c3bf,364,28.320014546711665,0,20.849999999999625,0
head_on,c3bf,365,17.864102393456285,0,34.64999999999819,0
head_on,c3bf,366,29.109019093763752,1,17.050000000000097,0
head_on,c3bf,367,36.8709618682522,0,16.55000000000001,0
head_on,c3bf,368,30.49204484194071,0,22.299999999999375,0
head_on,c3bf,369,40.09058047703599,1,80.59999999999542,0
head_on,c3bf,370,30.13756721586507,1,15.250000000000217,0
head_on,c3bf,371,32.30903029090093,0,15.600000000000222,0
head_on,c3bf,372,40.336752283258924,1,12.300000000000175,0
head_on,c3bf,373,29.9396080216274,0,17.450000000000028,0
head_on,c3bf,374,35.981676436086474,0,13.950000000000198,0
head_on,c3bf,375,28.55839182798463,1,17.000000000000114,0
head_on,c3bf,376,26.537579752608497,1,26.149999999998972,0
head_on,c3bf,377,32.433115008183535,0,16.85000000000005,0
head_on,c3bf,378,28.205666419445834,1,18.59999999999992,0
head_on,c3bf,379,40.476763598090585,0,15.950000000000014,0
head_on,c3bf,380,28.548064884330703,0,20.699999999999633,0
head_on,c3bf,381,27.323887424851055,1,18.49999999999994,0
head_on,c3bf,382,31.876840567188307,1,17.69999999999995,0
head_on,c3bf,383,31.21888730251985,0,18.899999999999803,0
head_on,c3bf,384,36.83570983213306,0,20.19999999999949,0
head_on,c3bf,385,27.50185634541543,0,22.899999999999384,0
head_on,c3bf,386,25.112882941552186,0,24.749999999999197,0
head_on,c3bf,387,28.57908240800984,0,18.849999999999874,0
head_on,c3bf,388,25.469657014657514,0,23.899999999999306,0
head_on,c3bf,389,24.33547133909303,0,26.099999999999053,0
head_on,c3bf,390,31.445419615550225,0,19.04999999999978,0
head_on,c3bf,391,34.50513118277259,0,17.399999999999928,0
head_on,c3bf,392,27.214400778876612,0,22.349999999999444,0
head_on,c3bf,393,29.626586919166506,1,17.550000000000015,0
head_on,c3bf,394,28.48332329148691,1,19.549999999999788,0
head_on,c3bf,395,35.17096037325495,1,17.149999999999952,0
head_on,c3bf,396,32.51471922197264,1,16.80000000000006,0
head_on,c3bf,397,29.14113138331304,1,17.000000000000103,0
head_on,c3bf,398,27.80956284841394,1,21.04999999999961,0
head_on,c3bf,399,28.76134975166297,0,18.049999999999976,0
head_on,c3bf,400,28.696628695070405,0,17.1000000000001,0
head_on,c3bf,401,28.528031406230177,0,19.099999999999834,0
head_on,c3bf,402,31.310468445618454,1,19.89999999999967,0
head_on,c3bf,403,39.143897770628854,0,14.450000000000205,0
head_on,c3bf,404,31.581425771700527,1,16.80000000000008,0
head_on,c3bf,405,31.79372091424823,0,16.35000000000014,0
head_on,c3bf,406,28.252290285241074,0,17.750000000000018,0
head_on,c3bf,407,31.593003560266812,1,19.74999999999968,0
head_on,c3bf,408,28.147589795562755,1,23.499999999999275,0
head_on,c3bf,409,26.389087917720865,1,24.549999999999187,0
head_on,c3bf,410,40.24369646238882,0,12.150000000000173,0
head_on,c3bf,411,32.35558413079779,0,15.800000000000196,0
head_on,c3bf,412,32.02159554706641,0,14.400000000000205,0
head_on,c3bf,413,24.57207062778441,1,26.199999999999033,0
head_on,c3bf,414,28.221182678972767,0,17.999999999999993,0
head_on,c3bf,415,32.842699632905116,1,20.899999999999498,0
head_on,c3bf,416,28.002352100869242,1,18.999999999999872,0
head_on,c3bf,417,30.49264252836547,1,21.599999999999476,0
head_on,c3bf,418,28.595254214164257,0,17.800000000000004,0
head_on,c3bf,419,24.527340598062143,1,25.349999999999138,0
head_on,c3bf,420,31.457854236792038,1,17.549999999999986,0
head_on,c3bf,421,27.270281295589314,1,24.399999999999185,0
head_on,c3bf,422,29.75482917620044,1,18.599999999999877,0
head_on,c3bf,423,31.466404928740886,1,15.400000000000219,0
head_on,c3bf,424,27.376229998891628,1,22.099999999999472,0
head_on,c3bf,425,27.316486814465392,1,18.649999999999928,0
head_on,c3bf,426,33.16785233965294,0,14.450000000000205,0
head_on,c3bf,427,30.036012708942106,1,14.700000000000209,0
head_on,c3bf,428,27.857424089126983,1,18.39999999999995,0
head_on,c3bf,429,29.38716925954918,1,19.89999999999971,0
head_on,c3bf,430,31.869990359946478,1,16.70000000000008,0
head_on,c3bf,431,32.277248306900425,0,19.449999999999715,0
head_on,c3bf,432,30.13348289582224,1,21.599999999999472,0
head_on,c3bf,433,42.228217577782836,0,13.550000000000193,0
head_on,c3bf,434,34.372062490873205,0,15.250000000000217,0
head_on,c3bf,435,32.706385543742954,0,18.849999999999785,0
head_on,c3bf,436,27.919907046960077,0,16.15000000000023,0
head_on,c3bf,437,32.73002851412392,0,18.449999999999836,0
head_on,c3bf,438,28.95635643537249,1,15.650000000000222,0
head_on,c3bf,439,28.31658221623718,0,17.800000000000015,0
head_on,c3bf,440,27.589599874444975,0,18.549999999999933,0
head_on,c3bf,441,43.14694792730665,1,12.400000000000176,0
head_on,c3bf,442,31.19998188151248,1,16.200000000000163,0
head_on,c3bf,443,27.759578186039285,1,20.149999999999725,0
head_on,c3bf,444,28.058564336190052,1,18.849999999999884,0
head_on,c3bf,445,29.75321700323516,0,19.649999999999736,0
head_on,c3bf,446,21.63332650511622,0,29.89999999999866,0
head_on,c3bf,447,31.63515284170385,1,16.500000000000114,0
head_on,c3bf,448,32.042350887614276,1,16.800000000000065,0
head_on,c3bf,449,31.406192011639533,1,16.7000000000001,0
head_on,c3bf,450,52.21029037509982,0,11.600000000000165,0
head_on,c3bf,451,35.4502883627107,0,17.14999999999995,0
head_on,c3bf,452,33.30753026678971,1,14.80000000000021,0
head_on,c3bf,453,32.04742016664357,1,15.050000000000214,0
head_on,c3bf,454,28.0427691806205,1,15.200000000000216,0
head_on,c3bf,455,27.444835156853788,1,23.099999999999355,0
head_on,c3bf,456,11.033420711874601,1,82.09999999999533,0
head_on,c3bf,457,63.188668714306566,1,26.199999999998518,0
head_on,c3bf,458,35.54280311708976,1,16.000000000000103,0
head_on,c3bf,459,26.507771467458372,1,21.449999999999594,0
head_on,c3bf,460,27.155897578197727,1,15.400000000000219,0
head_on,c3bf,461,24.26301999592796,0,28.649999999998716,0
head_on,c3bf,462,27.774845009106794,0,20.14999999999972,0
head_on,c3bf,463,34.832214485276474,0,14.80000000000021,0
head_on,c3bf,464,28.21292495031375,1,15.900000000000226,0
head_on,c3bf,465,28.391690776078143,0,17.30000000000008,0
head_on,c3bf,466,28.448602378521553,0,20.24999999999969,0
head_on,c3bf,467,31.941531059084802,1,15.50000000000022,0
head_on,c3bf,468,30.24138563820483,1,18.799999999999844,0
head_on,c3bf,469,28.848758041076813,1,16.700000000000145,0
head_on,c3bf,470,31.70302616879984,1,17.599999999999966,0
head_on,c3bf,471,30.46821859703399,1,19.549999999999738,0
head_on,c3bf,472,22.11726510713915,1,29.34999999999872,0
head_on,c3bf,473,29.41338548372178,0,18.049999999999958,0
head_on,c3bf,474,31.940624196090937,0,17.899999999999928,0
head_on,c3bf,475,45.73551427207262,1,15.899999999999881,0
head_on,c3bf,476,34.09846873105486,0,17.74999999999989,0
head_on,c3bf,477,26.54579216952837,1,26.249999999998952,0
head_on,c3bf,478,27.473618403557108,1,21.049999999999617,0
head_on,c3bf,479,29.168954295212885,1,23.149999999999302,0
head_on,c3bf,480,39.50513181452786,1,13.700000000000195,0
head_on,c3bf,481,27.6293405322712,1,23.69999999999927,0
head_on,c3bf,482,35.50996511090449,1,17.899999999999842,0
head_on,c3bf,483,43.26506474603698,0,17.24999999999974,0
head_on,c3bf,484,26.440827782320522,0,21.599999999999568,0
head_on,c3bf,485,45.033620210310715,1,12.750000000000181,0
head_on,c3bf,486,28.968685246257,1,16.250000000000206,0
head_on,c3bf,487,21.802392908251534,0,30.399999999998588,0
head_on,c3bf,488,32.482096920987324,1,15.350000000000218,0
head_on,c3bf,489,31.34170131826673,0,19.299999999999756,0
head_on,c3bf,490,29.748139700121047,0,21.349999999999522,0
head_on,c3bf,491,32.956106411944745,1,17.999999999999886,0
head_on,c3bf,492,25.706507343583304,0,27.949999999998756,0
head_on,c3bf,493,25.219910553484336,0,24.049999999999297,0
head_on,c3bf,494,35.64632816824838,0,21.99999999999926,0
head_on,c3bf,495,26.80147962104836,0,21.949999999999513,0
head_on,c3bf,496,28.15615444548015,1,23.84999999999923,0
head_on,c3bf,497,28.904752912877036,1,13.150000000000187,0
head_on,c3bf,498,32.674361475801206,1,17.649999999999938,0
head_on,c3bf,499,28.211391482397342,1,16.300000000000217,0
head_on,no_nominal_shaping,300,18.447342203345325,0,10.049999999999532,0
head_on,no_nominal_shaping,301,12.976276210376577,1,14.09999999999992,0
head_on,no_nominal_shaping,302,11.802517272134356,1,13.149999999999487,0
head_on,no_nominal_shaping,303,21.498577989401017,0,10.89999999999991,0
head_on,no_nominal_shaping,304,12.435483244536124,1,15.99999999999973,0
head_on,no_nominal_shaping,305,22.257620718675504,0,10.250000000000146,0
head_on,no_nominal_shaping,306,19.00878808703376,0,9.40000000000001,0
head_on,no_nominal_shaping,307,12.65184437954823,1,11.399999999999388,0
head_on,no_nominal_shaping,308,16.19382070782372,1,10.800000000000153,0
head_on,no_nominal_shaping,309,19.12419602382913,0,9.599999999999806,0
head_on,no_nominal_shaping,310,22.176246271021697,1,5.44999999999969,0
head_on,no_nominal_shaping,311,19.155687029378136,0,10.049999999999446,0
head_on,no_nominal_shaping,312,18.577909103158028,0,10.649999999999395,0
head_on,no_nominal_shaping,313,11.11065571207242,1,13.89999999999921,0
head_on,no_nominal_shaping,314,12.226580091663289,1,14.749999999999691,0
head_on,no_nominal_shaping,315,20.699381837890673,0,11.299999999999908,0
head_on,no_nominal_shaping,316,20.722458941770793,0,11.349999999999852,0
head_on,no_nominal_shaping,317,22.81462828243458,1,5.9999999999999325,0
head_on,no_nominal_shaping,318,18.209865374605165,1,9.049999999999592,0
head_on,no_nominal_shaping,319,22.8887236057654,1,7.800000000000111,0
head_on,no_nominal_shaping,320,15.1639507304512,1,9.599999999999959,0
head_on,no_nominal_shaping,321,40.77756535456813,0,0.0,0
head_on,no_nominal_shaping,322,13.726188070330217,1,10.599999999999397,0
head_on,no_nominal_shaping,323,16.411246035008183,1,13.249999999999247,0
head_on,no_nominal_shaping,324,19.566594701867352,1,7.099999999999596,0
head_on,no_nominal_shaping,325,13.3163492477507,1,10.89999999999965,0
head_on,no_nominal_shaping,326,18.955699254856597,0,9.400000000000016,0
head_on,no_nominal_shaping,327,10.795527961978573,1,13.54999999999923,0
head_on,no_nominal_shaping,328,11.650559500226858,1,12.949999999999264,0
head_on,no_nominal_shaping,329,10.64107806755618,1,18.599999999998943,0
head_on,no_nominal_shaping,330,20.903039408449963,0,9.29999999999956,0
head_on,no_nominal_shaping,331,16.606973137016816,1,11.59999999999934,0
head_on,no_nominal_shaping,332,14.228228609933035,1,11.40000000000012,0
head_on,no_nominal_shaping,333,17.297725846633693,1,10.749999999999527,0
head_on,no_nominal_shaping,334,14.351431346094943,1,9.89999999999949,0
head_on,no_nominal_shaping,335,13.950641149493425,1,12.100000000000119,0
head_on,no_nominal_shaping,336,24.934797356148994,1,0.0,0
head_on,no_nominal_shaping,337,20.585737287478782,1,9.450000000000134,0
head_on,no_nominal_shaping,338,22.717129594942172,1,6.399999999999995,0
head_on,no_nominal_shaping,339,31.351443954948053,1,0.0,0
head_on,no_nominal_shaping,340,18.99651205281044,0,9.399999999999913,0
head_on,no_nominal_shaping,341,17.118294475794567,0,10.349999999999458,0
head_on,no_nominal_shaping,342,12.624969685343814,1,15.299999999999809,0
head_on,no_nominal_shaping,343,25.01908833845309,0,8.950000000000127,0
head_on,no_nominal_shaping,344,23.22376412303373,0,7.999999999999922,0
head_on,no_nominal_shaping,345,22.18208601650296,1,5.599999999999724,0
head_on,no_nominal_shaping,346,18.906973155910165,0,9.949999999999548,0
head_on,no_nominal_shaping,347,14.089260248942036,1,11.150000000000038,0
head_on,no_nominal_shaping,348,10.214964708369651,1,17.649999999998997,0
head_on,no_nominal_shaping,349,17.63507272976372,1,8.450000000000038,0
head_on,no_nominal_shaping,350,18.341357632887465,1,8.649999999999508,0
head_on,no_nominal_shaping,351,19.451822005923418,0,13.949999999999207,0
head_on,no_nominal_shaping,352,28.242265364581574,0,0.0,0
head_on,no_nominal_shaping,353,15.325004955834784,1,9.599999999999998,0
head_on,no_nominal_shaping,354,12.55251054962696,1,13.04999999999977,0
head_on,no_nominal_shaping,355,21.97140590856736,1,7.250000000000103,0
head_on,no_nominal_shaping,356,16.93628088821593,1,10.099999999999426,0
head_on,no_nominal_shaping,357,15.07623365191936,1,11.750000000000167,0
head_on,no_nominal_shaping,358,10.958664939342917,1,14.699999999999164,0
head_on,no_nominal_shaping,359,15.465023775583019,1,9.550000000000033,0
head_on,no_nominal_shaping,360,11.150760700251235,1,15.549999999999283,0
head_on,no_nominal_shaping,361,23.006816258503072,0,6.549999999999656,0
head_on,no_nominal_shaping,362,11.229154448907584,1,13.749999999999218,0
head_on,no_nominal_shaping,363,15.802955804582215,0,17.04999999999903,0
head_on,no_nominal_shaping,364,17.431160583568467,0,10.249999999999577,0
head_on,no_nominal_shaping,365,10.044419179372372,1,15.099999999999142,0
head_on,no_nominal_shaping,366,15.088905483063844,1,9.900000000000027,0
head_on,no_nominal_shaping,367,23.705931354830934,0,7.149999999999906,0
head_on,no_nominal_shaping,368,21.01042767239496,0,12.049999999999315,0
head_on,no_nominal_shaping,369,40.13749681793046,0,0.0,0
head_on,no_nominal_shaping,370,16.94828345127841,1,9.15000000000013,0
head_on,no_nominal_shaping,371,21.821858979925672,0,10.450000000000077,0
head_on,no_nominal_shaping,372,28.144651749344682,1,4.350000000000062,0
head_on,no_nominal_shaping,373,19.028422503453505,0,9.399999999999984,0
head_on,no_nominal_shaping,374,25.457104815915102,0,8.700000000000124,0
head_on,no_nominal_shaping,375,14.384405079857213,1,10.550000000000018,0
head_on,no_nominal_shaping,376,15.7810324861987,1,9.199999999999477,0
head_on,no_nominal_shaping,377,21.67271597427943,0,10.849999999999884,0
head_on,no_nominal_shaping,378,13.67993177233164,1,10.749999999999822,0
head_on,no_nominal_shaping,379,29.107962084387555,0,0.0,0
head_on,no_nominal_shaping,380,18.323928139096843,0,9.949999999999594,0
head_on,no_nominal_shaping,381,12.869709759251291,1,12.099999999999788,0
head_on,no_nominal_shaping,382,18.19562973776794,1,9.94999999999979,0
head_on,no_nominal_shaping,383,20.790003171276396,0,11.74999999999961,0
head_on,no_nominal_shaping,384,24.369240118264972,0,0.0,0
head_on,no_nominal_shaping,385,17.901628678976635,0,10.349999999999412,0
head_on,no_nominal_shaping,386,10.671559854401725,1,15.149999999999139,0
head_on,no_nominal_shaping,387,11.57888397302378,1,17.949999999999374,0
head_on,no_nominal_shaping,388,10.93642305737247,1,14.399999999999181,0
head_on,no_nominal_shaping,389,10.494290991451571,1,15.399999999999125,0
head_on,no_nominal_shaping,390,21.03619231654526,0,11.499999999999591,0
head_on,no_nominal_shaping,391,21.827524364942267,0,9.099999999999806,0
head_on,no_nominal_shaping,392,11.506410301315636,0,15.99999999999909,0
head_on,no_nominal_shaping,393,15.156870321588858,1,9.599999999999948,0
head_on,no_nominal_shaping,394,13.940207938622462,1,10.249999999999709,0
head_on,no_nominal_shaping,395,21.321181877682243,1,6.9999999999998295,0
head_on,no_nominal_shaping,396,18.769742585209297,1,9.549999999999912,0
head_on,no_nominal_shaping,397,15.054702403727747,1,9.90000000000003,0
head_on,no_nominal_shaping,398,13.027094057697207,1,10.699999999999523,0
head_on,no_nominal_shaping,399,11.84250544115857,1,17.899999999999473,0
head_on,no_nominal_shaping,400,12.24636202137371,1,18.39999999999957,0
head_on,no_nominal_shaping,401,11.438500770933482,1,19.199999999999264,0
head_on,no_nominal_shaping,402,17.652492837975892,1,9.799999999999514,0
head_on,no_nominal_shaping,403,26.50623514773212,0,5.800000000000082,0
head_on,no_nominal_shaping,404,18.191074374218207,1,10.549999999999905,0
head_on,no_nominal_shaping,405,21.262360910826835,0,10.89999999999998,0
head_on,no_nominal_shaping,406,12.151398963064208,1,15.649999999999647,0
head_on,no_nominal_shaping,407,17.79629592878585,1,9.499999999999527,0
head_on,no_nominal_shaping,408,16.01758332963954,1,8.999999999999488,0
head_on,no_nominal_shaping,409,13.668954712010875,1,10.5499999999994,0
head_on,no_nominal_shaping,410,28.838550753258925,0,5.9500000000000846,0
head_on,no_nominal_shaping,411,21.80249283269033,0,10.550000000000047,0
head_on,no_nominal_shaping,412,21.96751490778232,0,10.400000000000148,0
head_on,no_nominal_shaping,413,11.307991027423562,1,12.649999999999281,0
head_on,no_nominal_shaping,414,12.14922098631188,1,15.149999999999658,0
head_on,no_nominal_shaping,415,19.43586130138292,1,7.649999999999565,0
head_on,no_nominal_shaping,416,13.352548575839164,1,10.999999999999766,0
head_on,no_nominal_shaping,417,17.132945059351606,1,10.049999999999429,0
head_on,no_nominal_shaping,418,11.925958322186801,1,19.349999999999422,0
head_on,no_nominal_shaping,419,11.395701068886813,1,13.399999999999238,0
head_on,no_nominal_shaping,420,17.970336604999446,1,10.549999999999812,0
head_on,no_nominal_shaping,421,15.17572077852097,1,9.549999999999457,0
head_on,no_nominal_shaping,422,15.597872740046325,1,9.249999999999822,0
head_on,no_nominal_shaping,423,18.240173999768295,1,8.40000000000012,0
head_on,no_nominal_shaping,424,13.056066151406739,1,10.699999999999395,0
head_on,no_nominal_shaping,425,12.829045322302907,1,12.099999999999778,0
head_on,no_nominal_shaping,426,22.686201831621318,0,10.050000000000143,0
head_on,no_nominal_shaping,427,17.26015588223372,1,9.15000000000013,0
head_on,no_nominal_shaping,428,13.264965957964195,1,11.349999999999827,0
head_on,no_nominal_shaping,429,15.534939025754014,1,9.249999999999659,0
head_on,no_nominal_shaping,430,18.402768170960268,1,10.199999999999918,0
head_on,no_nominal_shaping,431,21.816860040429216,0,10.89999999999954,0
head_on,no_nominal_shaping,432,16.908210392419715,1,10.5499999999994,0
head_on,no_nominal_shaping,433,31.639710732882953,0,0.0,0
head_on,no_nominal_shaping,434,23.576744998961736,0,9.550000000000093,0
head_on,no_nominal_shaping,435,20.48702162037749,0,10.44999999999964,0
head_on,no_nominal_shaping,436,12.985138583834072,1,14.699999999999918,0
head_on,no_nominal_shaping,437,22.05415178254504,0,10.649999999999668,0
head_on,no_nominal_shaping,438,15.518580849038688,1,10.050000000000143,0
head_on,no_nominal_shaping,439,12.107188983440013,1,16.09999999999962,0
head_on,no_nominal_shaping,440,12.232514119504522,1,13.699999999999687,0
head_on,no_nominal_shaping,441,33.237304097889115,1,0.0,0
head_on,no_nominal_shaping,442,17.586564617007223,1,8.600000000000119,0
head_on,no_nominal_shaping,443,13.270645808265694,1,10.849999999999632,0
head_on,no_nominal_shaping,444,13.449882568358948,1,10.899999999999782,0
head_on,no_nominal_shaping,445,19.90049592450832,0,12.349999999999532,0
head_on,no_nominal_shaping,446,12.094873260818913,1,14.999999999999147,0
head_on,no_nominal_shaping,447,18.229657868183576,1,8.300000000000072,0
head_on,no_nominal_shaping,448,18.499273512984967,1,9.999999999999908,0
head_on,no_nominal_shaping,449,17.834042004614183,1,8.350000000000058,0
head_on,no_nominal_shaping,450,48.47768785043618,0,0.0,0
head_on,no_nominal_shaping,451,22.53243832849478,0,8.249999999999837,0
head_on,no_nominal_shaping,452,20.0401705042747,1,9.20000000000013,0
head_on,no_nominal_shaping,453,19.156264852291415,1,10.200000000000145,0
head_on,no_nominal_shaping,454,14.965279560780301,1,10.950000000000156,0
head_on,no_nominal_shaping,455,14.0159427325003,1,10.099999999999426,0
head_on,no_nominal_shaping,456,9.799001599509408,1,16.84999999999905,0
head_on,no_nominal_shaping,457,57.42107791728948,0,0.0,0
head_on,no_nominal_shaping,458,21.889322186895562,1,6.999999999999989,0
head_on,no_nominal_shaping,459,12.009232601215734,1,12.34999999999945,0
head_on,no_nominal_shaping,460,14.064563295244279,1,12.450000000000163,0
head_on,no_nominal_shaping,461,16.469821894774306,0,17.39999999999901,0
head_on,no_nominal_shaping,462,11.260590771783129,1,17.049999999999287,0
head_on,no_nominal_shaping,463,24.121950204250886,0,9.300000000000132,0
head_on,no_nominal_shaping,464,14.635993645024808,1,10.900000000000151,0
head_on,no_nominal_shaping,465,12.296782233396076,1,16.049999999999685,0
head_on,no_nominal_shaping,466,17.253155759750136,0,10.099999999999643,0
head_on,no_nominal_shaping,467,18.830608743124362,1,10.250000000000082,0
head_on,no_nominal_shaping,468,16.4120683871206,1,8.849999999999795,0
head_on,no_nominal_shaping,469,14.863430717910786,1,10.200000000000063,0
head_on,no_nominal_shaping,470,18.097713632900774,1,10.149999999999803,0
head_on,no_nominal_shaping,471,17.197169125540015,1,10.999999999999549,0
head_on,no_nominal_shaping,472,12.452329616233342,1,13.89999999999921,0
head_on,no_nominal_shaping,473,18.105872136772057,0,9.649999999999913,0
head_on,no_nominal_shaping,474,21.260596422725822,0,11.199999999999747,0
head_on,no_nominal_shaping,475,39.062584123423974,1,0.0,0
head_on,no_nominal_shaping,476,23.257948459785418,0,9.749999999999744,0
head_on,no_nominal_shaping,477,16.011072922237116,1,9.049999999999486,0
head_on,no_nominal_shaping,478,13.215870715191555,1,10.849999999999532,0
head_on,no_nominal_shaping,479,16.59718524939006,1,10.999999999999375,0
head_on,no_nominal_shaping,480,26.59414701199427,1,4.0500000000000576,0
head_on,no_nominal_shaping,481,14.963842654564232,1,9.599999999999454,0
head_on,no_nominal_shaping,482,21.576693318390237,1,6.3999999999997215,0
head_on,no_nominal_shaping,483,35.16826339525751,0,0.0,0
head_on,no_nominal_shaping,484,11.546343422693283,1,13.39999999999937,0
head_on,no_nominal_shaping,485,36.79465108145281,1,0.0,0
head_on,no_nominal_shaping,486,15.198749194682659,1,10.10000000000013,0
head_on,no_nominal_shaping,487,10.489601893373157,1,13.399999999999238,0
head_on,no_nominal_shaping,488,19.230698371809098,1,9.800000000000107,0
head_on,no_nominal_shaping,489,20.967775871567415,0,11.599999999999564,0
head_on,no_nominal_shaping,490,20.114289376330134,0,12.799999999999297,0
head_on,no_nominal_shaping,491,18.79260603109185,1,8.69999999999975,0
head_on,no_nominal_shaping,492,16.917349463621193,0,14.749999999999162,0
head_on,no_nominal_shaping,493,11.313425213763024,1,13.449999999999235,0
head_on,no_nominal_shaping,494,23.6895112327919,0,0.0,0
head_on,no_nominal_shaping,495,10.839557261269269,1,16.94999999999911,0
head_on,no_nominal_shaping,496,16.20267931409621,1,11.79999999999933,0
head_on,no_nominal_shaping,497,17.670705928220553,1,9.700000000000138,0
head_on,no_nominal_shaping,498,18.67340126975221,1,9.149999999999796,0
head_on,no_nominal_shaping,499,14.378658951934973,1,10.950000000000106,0
head_on,no_nominal_shaping_no_direction,300,15.619933858916616,0,11.349999999999497,0
head_on,no_nominal_shaping_no_direction,301,14.683803390088439,0,11.500000000000103,0
head_on,no_nominal_shaping_no_direction,302,12.788866041818935,0,12.699999999999562,0
head_on,no_nominal_shaping_no_direction,303,19.07800299422945,0,10.799999999999937,0
head_on,no_nominal_shaping_no_direction,304,13.836180035199185,0,12.349999999999973,0
head_on,no_nominal_shaping_no_direction,305,19.869492269186892,0,10.55000000000015,0
head_on,no_nominal_shaping_no_direction,306,16.28226418978763,0,10.499999999999979,0
head_on,no_nominal_shaping_no_direction,307,12.613054394659073,1,13.34999999999934,0
head_on,no_nominal_shaping_no_direction,308,16.69680966217697,1,10.950000000000156,0
head_on,no_nominal_shaping_no_direction,309,16.28999113975277,0,10.699999999999779,0
head_on,no_nominal_shaping_no_direction,310,21.74878926821381,1,5.049999999999713,0
head_on,no_nominal_shaping_no_direction,311,16.30468229121957,0,11.249999999999417,0
head_on,no_nominal_shaping_no_direction,312,15.79880173979196,0,12.249999999999304,0
head_on,no_nominal_shaping_no_direction,313,11.856075452510431,0,14.24999999999919,0
head_on,no_nominal_shaping_no_direction,314,13.126636915547731,0,13.049999999999827,0
head_on,no_nominal_shaping_no_direction,315,18.25027460440168,0,9.750000000000021,0
head_on,no_nominal_shaping_no_direction,316,18.21009864001415,0,11.89999999999985,0
head_on,no_nominal_shaping_no_direction,317,22.34543935169972,1,5.8499999999999375,0
head_on,no_nominal_shaping_no_direction,318,18.820730305154378,1,10.449999999999605,0
head_on,no_nominal_shaping_no_direction,319,23.410700538621256,1,8.650000000000123,0
head_on,no_nominal_shaping_no_direction,320,15.851037522152572,1,10.699999999999953,0
head_on,no_nominal_shaping_no_direction,321,40.77756535456813,0,0.0,0
head_on,no_nominal_shaping_no_direction,322,15.351255560128521,1,12.749999999999275,0
head_on,no_nominal_shaping_no_direction,323,15.42625765097624,1,12.949999999999264,0
head_on,no_nominal_shaping_no_direction,324,18.90165425215694,1,6.899999999999608,0
head_on,no_nominal_shaping_no_direction,325,13.001222106301032,1,12.699999999999601,0
head_on,no_nominal_shaping_no_direction,326,16.197980213991183,0,10.549999999999983,0
head_on,no_nominal_shaping_no_direction,327,12.200364734977626,1,15.64999999999911,0
head_on,no_nominal_shaping_no_direction,328,12.019140619977726,1,15.29999999999913,0
head_on,no_nominal_shaping_no_direction,329,14.85344422482725,0,12.099999999999348,0
head_on,no_nominal_shaping_no_direction,330,22.523212273385305,0,12.549999999999581,0
head_on,no_nominal_shaping_no_direction,331,16.947218567287905,1,12.89999999999927,0
head_on,no_nominal_shaping_no_direction,332,14.820006855506572,1,11.55000000000015,0
head_on,no_nominal_shaping_no_direction,333,17.71132050520937,1,11.89999999999954,0
head_on,no_nominal_shaping_no_direction,334,15.57953509127825,1,11.49999999999947,0
head_on,no_nominal_shaping_no_direction,335,14.667113871989823,1,11.800000000000168,0
head_on,no_nominal_shaping_no_direction,336,24.934797356148994,1,0.0,0
head_on,no_nominal_shaping_no_direction,337,20.87770414929059,1,10.200000000000145,0
head_on,no_nominal_shaping_no_direction,338,22.208913150753435,1,6.300000000000001,0
head_on,no_nominal_shaping_no_direction,339,31.351443954948053,1,0.0,0
head_on,no_nominal_shaping_no_direction,340,16.25083830204625,0,10.59999999999988,0
head_on,no_nominal_shaping_no_direction,341,14.918306867532358,0,11.849999999999415,0
head_on,no_nominal_shaping_no_direction,342,13.44770416099519,0,13.249999999999964,0
head_on,no_nominal_shaping_no_direction,343,22.761086967743626,0,8.750000000000124,0
head_on,no_nominal_shaping_no_direction,344,24.871489497617464,0,10.849999999999945,0
head_on,no_nominal_shaping_no_direction,345,21.735733737611472,1,5.349999999999728,0
head_on,no_nominal_shaping_no_direction,346,16.07650065513251,0,11.149999999999519,0
head_on,no_nominal_shaping_no_direction,347,14.599379148938999,1,11.50000000000006,0
head_on,no_nominal_shaping_no_direction,348,12.85350770731042,0,14.349999999999184,0
head_on,no_nominal_shaping_no_direction,349,18.333224120459548,1,11.849999999999905,0
head_on,no_nominal_shaping_no_direction,350,17.543820653916526,1,8.349999999999525,0
head_on,no_nominal_shaping_no_direction,351,16.35895272536705,0,14.299999999999187,0
head_on,no_nominal_shaping_no_direction,352,28.24519531868123,0,0.0,0
head_on,no_nominal_shaping_no_direction,353,15.725786282564908,1,10.749999999999986,0
head_on,no_nominal_shaping_no_direction,354,13.584604827867153,0,12.149999999999864,0
head_on,no_nominal_shaping_no_direction,355,22.702357029195785,1,8.50000000000012,0
head_on,no_nominal_shaping_no_direction,356,17.494639628170027,1,11.749999999999332,0
head_on,no_nominal_shaping_no_direction,357,15.685289706740319,1,11.600000000000165,0
head_on,no_nominal_shaping_no_direction,358,11.692335782562633,0,14.499999999999229,0
head_on,no_nominal_shaping_no_direction,359,15.721894884417223,1,10.750000000000018,0
head_on,no_nominal_shaping_no_direction,360,12.357082538609719,0,13.449999999999452,0
head_on,no_nominal_shaping_no_direction,361,24.847384801332737,0,10.199999999999683,0
head_on,no_nominal_shaping_no_direction,362,10.681886706826187,1,16.849999999999042,0
head_on,no_nominal_shaping_no_direction,363,16.533701437023634,0,20.549999999998832,0
head_on,no_nominal_shaping_no_direction,364,14.78252215224612,0,11.649999999999537,0
head_on,no_nominal_shaping_no_direction,365,12.857504997809533,0,20.649999999998833,0
head_on,no_nominal_shaping_no_direction,366,14.791377110680882,1,11.349999999999994,0
head_on,no_nominal_shaping_no_direction,367,25.49055621078711,0,10.249999999999929,0
head_on,no_nominal_shaping_no_direction,368,17.82176119432605,0,11.299999999999358,0
head_on,no_nominal_shaping_no_direction,369,40.13749681793046,0,0.0,0
head_on,no_nominal_shaping_no_direction,370,16.7739613685097,1,10.300000000000146,0
head_on,no_nominal_shaping_no_direction,371,19.34117217368803,0,10.85000000000008,0
head_on,no_nominal_shaping_no_direction,372,27.948215810890247,1,0.0,0
head_on,no_nominal_shaping_no_direction,373,16.284242494495405,0,10.499999999999957,0
head_on,no_nominal_shaping_no_direction,374,23.149071479602398,0,8.40000000000012,0
head_on,no_nominal_shaping_no_direction,375,13.90011502142658,1,12.249999999999968,0
head_on,no_nominal_shaping_no_direction,376,16.063540277550064,1,14.499999999999176,0
head_on,no_nominal_shaping_no_direction,377,19.15916446368626,0,10.649999999999913,0
head_on,no_nominal_shaping_no_direction,378,13.268174947953886,1,12.54999999999977,0
head_on,no_nominal_shaping_no_direction,379,29.312252264843508,0,0.0,0
head_on,no_nominal_shaping_no_direction,380,15.598463321530826,0,11.299999999999557,0
head_on,no_nominal_shaping_no_direction,381,13.269620308196428,0,12.549999999999809,0
head_on,no_nominal_shaping_no_direction,382,18.621903385358404,1,11.049999999999802,0
head_on,no_nominal_shaping_no_direction,383,18.09071715946403,0,11.549999999999645,0
head_on,no_nominal_shaping_no_direction,384,25.152376036278554,0,8.44999999999952,0
head_on,no_nominal_shaping_no_direction,385,15.362017213867494,0,11.94999999999932,0
head_on,no_nominal_shaping_no_direction,386,11.705665020583218,0,14.94999999999915,0
head_on,no_nominal_shaping_no_direction,387,14.001930778755836,0,11.84999999999976,0
head_on,no_nominal_shaping_no_direction,388,11.319734157554821,0,15.199999999999136,0
head_on,no_nominal_shaping_no_direction,389,11.622194073840769,0,15.549999999999116,0
head_on,no_nominal_shaping_no_direction,390,18.210566263388664,0,11.199999999999633,0
head_on,no_nominal_shaping_no_direction,391,23.38595918753135,0,11.899999999999828,0
head_on,no_nominal_shaping_no_direction,392,14.313044435018798,0,12.349999999999344,0
head_on,no_nominal_shaping_no_direction,393,15.84489085362757,1,10.699999999999939,0
head_on,no_nominal_shaping_no_direction,394,14.252677592223641,1,11.749999999999684,0
head_on,no_nominal_shaping_no_direction,395,20.736590135123542,1,6.849999999999838,0
head_on,no_nominal_shaping_no_direction,396,19.199700571749013,1,10.599999999999923,0
head_on,no_nominal_shaping_no_direction,397,14.759616074548218,1,11.349999999999998,0
head_on,no_nominal_shaping_no_direction,398,13.959266425969492,1,12.149999999999505,0
head_on,no_nominal_shaping_no_direction,399,14.14013036833009,0,11.749999999999861,0
head_on,no_nominal_shaping_no_direction,400,14.054350391962299,0,12.049999999999965,0
head_on,no_nominal_shaping_no_direction,401,14.09649056798225,0,11.799999999999724,0
head_on,no_nominal_shaping_no_direction,402,18.17383845303669,1,11.199999999999527,0
head_on,no_nominal_shaping_no_direction,403,28.19255010549512,0,8.850000000000126,0
head_on,no_nominal_shaping_no_direction,404,18.53209261770206,1,11.499999999999915,0
head_on,no_nominal_shaping_no_direction,405,18.775366043464082,0,11.34999999999998,0
head_on,no_nominal_shaping_no_direction,406,13.404847226051341,0,12.649999999999856,0
head_on,no_nominal_shaping_no_direction,407,18.377797940073677,1,10.89999999999954,0
head_on,no_nominal_shaping_no_direction,408,16.49215240395409,1,13.699999999999221,0
head_on,no_nominal_shaping_no_direction,409,15.210354003882058,1,12.549999999999287,0
head_on,no_nominal_shaping_no_direction,410,30.414652459238294,0,8.40000000000012,0
head_on,no_nominal_shaping_no_direction,411,19.331284898172594,0,10.800000000000054,0
head_on,no_nominal_shaping_no_direction,412,19.879751039015314,0,11.000000000000156,0
head_on,no_nominal_shaping_no_direction,413,12.67653595362202,1,14.699999999999164,0
head_on,no_nominal_shaping_no_direction,414,13.235243367928144,0,12.849999999999827,0
head_on,no_nominal_shaping_no_direction,415,18.730324505110396,1,7.4499999999995765,0
head_on,no_nominal_shaping_no_direction,416,12.934055945227689,1,12.949999999999708,0
head_on,no_nominal_shaping_no_direction,417,17.680108277943244,1,11.549999999999343,0
head_on,no_nominal_shaping_no_direction,418,13.883216880521113,0,11.999999999999876,0
head_on,no_nominal_shaping_no_direction,419,11.121852244037202,1,15.449999999999122,0
head_on,no_nominal_shaping_no_direction,420,18.334026557322492,1,11.59999999999982,0
head_on,no_nominal_shaping_no_direction,421,16.160686800262532,1,14.699999999999164,0
head_on,no_nominal_shaping_no_direction,422,16.56928460750362,1,10.549999999999809,0
head_on,no_nominal_shaping_no_direction,423,18.93547137354267,1,11.600000000000094,0
head_on,no_nominal_shaping_no_direction,424,14.183872352962036,1,12.299999999999372,0
head_on,no_nominal_shaping_no_direction,425,13.582654682882461,1,12.149999999999821,0
head_on,no_nominal_shaping_no_direction,426,20.479550881608468,0,10.150000000000144,0
head_on,no_nominal_shaping_no_direction,427,16.96793319966878,1,10.300000000000146,0
head_on,no_nominal_shaping_no_direction,428,12.740515815656547,1,13.549999999999752,0
head_on,no_nominal_shaping_no_direction,429,16.67004251258458,1,10.699999999999644,0
head_on,no_nominal_shaping_no_direction,430,18.76430199558809,1,11.199999999999925,0
head_on,no_nominal_shaping_no_direction,431,18.8791911519051,0,10.399999999999583,0
head_on,no_nominal_shaping_no_direction,432,17.419496559291538,1,11.94999999999932,0
head_on,no_nominal_shaping_no_direction,433,31.85111824030315,0,0.0,0
head_on,no_nominal_shaping_no_direction,434,21.113146170077837,0,9.300000000000122,0
head_on,no_nominal_shaping_no_direction,435,21.878830044058173,0,13.249999999999666,0
head_on,no_nominal_shaping_no_direction,436,14.86643184534353,0,11.400000000000137,0
head_on,no_nominal_shaping_no_direction,437,19.218737301119422,0,10.199999999999708,0
head_on,no_nominal_shaping_no_direction,438,14.984906865849192,1,11.550000000000157,0
head_on,no_nominal_shaping_no_direction,439,13.45456227413492,0,12.549999999999862,0
head_on,no_nominal_shaping_no_direction,440,13.549345262610737,0,12.049999999999823,0
head_on,no_nominal_shaping_no_direction,441,33.237304097889115,1,0.0,0
head_on,no_nominal_shaping_no_direction,442,18.361080112951328,1,9.650000000000112,0
head_on,no_nominal_shaping_no_direction,443,13.068004776282125,1,12.649999999999586,0
head_on,no_nominal_shaping_no_direction,444,13.054426543301027,1,12.799999999999727,0
head_on,no_nominal_shaping_no_direction,445,17.140912604001237,0,13.099999999999525,0
head_on,no_nominal_shaping_no_direction,446,11.071871797762679,0,18.399999999998954,0
head_on,no_nominal_shaping_no_direction,447,18.670146373656358,1,11.49999999999995,0
head_on,no_nominal_shaping_no_direction,448,18.877870960160735,1,10.999999999999918,0
head_on,no_nominal_shaping_no_direction,449,18.485081763905512,1,11.699999999999928,0
head_on,no_nominal_shaping_no_direction,450,48.47768785043618,0,0.0,0
head_on,no_nominal_shaping_no_direction,451,24.227156389504735,0,11.249999999999858,0
head_on,no_nominal_shaping_no_direction,452,20.414815597749385,1,10.100000000000144,0
head_on,no_nominal_shaping_no_direction,453,19.44995284019593,1,11.050000000000153,0
head_on,no_nominal_shaping_no_direction,454,15.539060670053212,1,11.20000000000016,0
head_on,no_nominal_shaping_no_direction,455,15.37929188435487,1,11.94999999999932,0
head_on,no_nominal_shaping_no_direction,456,7.680597582753425,0,103.35000000000247,0
head_on,no_nominal_shaping_no_direction,457,57.42107791728948,0,0.0,0
head_on,no_nominal_shaping_no_direction,458,21.326784974720038,1,6.949999999999996,0
head_on,no_nominal_shaping_no_direction,459,11.54484987906898,1,15.099999999999351,0
head_on,no_nominal_shaping_no_direction,460,14.711516748676907,1,12.100000000000172,0
head_on,no_nominal_shaping_no_direction,461,17.168930597824946,0,20.449999999998838,0
head_on,no_nominal_shaping_no_direction,462,13.128809254338092,0,12.599999999999586,0
head_on,no_nominal_shaping_no_direction,463,21.713123191766307,0,9.050000000000129,0
head_on,no_nominal_shaping_no_direction,464,15.026852138505905,1,11.350000000000161,0
head_on,no_nominal_shaping_no_direction,465,13.673074755519757,0,12.449999999999928,0
head_on,no_nominal_shaping_no_direction,466,14.740875560796601,0,11.5499999999996,0
head_on,no_nominal_shaping_no_direction,467,19.146456977698502,1,11.100000000000087,0
head_on,no_nominal_shaping_no_direction,468,17.464261695123906,1,10.249999999999783,0
head_on,no_nominal_shaping_no_direction,469,14.42049532514134,1,11.750000000000021,0
head_on,no_nominal_shaping_no_direction,470,18.50645671325959,1,11.199999999999815,0
head_on,no_nominal_shaping_no_direction,471,17.58235429861317,1,12.149999999999562,0
head_on,no_nominal_shaping_no_direction,472,11.523239599644823,1,17.449999999999008,0
head_on,no_nominal_shaping_no_direction,473,15.437605426835983,0,10.949999999999875,0
head_on,no_nominal_shaping_no_direction,474,18.63169134945209,0,10.99999999999978,0
head_on,no_nominal_shaping_no_direction,475,39.062584123423974,1,0.0,0
head_on,no_nominal_shaping_no_direction,476,20.48813885811505,0,9.149999999999778,0
head_on,no_nominal_shaping_no_direction,477,16.069875392674103,1,14.349999999999184,0
head_on,no_nominal_shaping_no_direction,478,13.27543730300079,1,12.599999999999493,0
head_on,no_nominal_shaping_no_direction,479,17.037494155969622,1,12.549999999999287,0
head_on,no_nominal_shaping_no_direction,480,26.398042752371442,1,0.0,0
head_on,no_nominal_shaping_no_direction,481,16.31003568844978,1,14.749999999999162,0
head_on,no_nominal_shaping_no_direction,482,21.03297718619959,1,6.249999999999726,0
head_on,no_nominal_shaping_no_direction,483,35.16826339525751,0,0.0,0
head_on,no_nominal_shaping_no_direction,484,11.502571229698361,0,15.149999999999324,0
head_on,no_nominal_shaping_no_direction,485,36.79465108145281,1,0.0,0
head_on,no_nominal_shaping_no_direction,486,14.708402704654898,1,11.600000000000087,0
head_on,no_nominal_shaping_no_direction,487,13.836469785447921,0,15.64999999999911,0
head_on,no_nominal_shaping_no_direction,488,19.574539963508194,1,10.700000000000113,0
head_on,no_nominal_shaping_no_direction,489,18.128371782471635,0,11.249999999999606,0
head_on,no_nominal_shaping_no_direction,490,17.167683412372718,0,12.499999999999343,0
head_on,no_nominal_shaping_no_direction,491,19.431986329708764,1,10.09999999999976,0
head_on,no_nominal_shaping_no_direction,492,17.91677455859525,0,18.44999999999895,0
head_on,no_nominal_shaping_no_direction,493,11.368354698021077,0,14.59999999999917,0
head_on,no_nominal_shaping_no_direction,494,24.137015118673883,0,7.799999999999557,0
head_on,no_nominal_shaping_no_direction,495,12.701805552575875,0,13.249999999999371,0
head_on,no_nominal_shaping_no_direction,496,16.504316176759538,1,13.499999999999233,0
head_on,no_nominal_shaping_no_direction,497,17.725405345123715,1,10.350000000000147,0
head_on,no_nominal_shaping_no_direction,498,19.212613114493784,1,10.349999999999806,0
head_on,no_nominal_shaping_no_direction,499,13.796583767222044,1,12.900000000000038,0
head_on,no_nominal_shaping_mirrored,300,14.447439623351661,0,9.749999999999517,0
head_on,no_nominal_shaping_mirrored,301,14.010967546761032,0,11.500000000000064,0
head_on,no_nominal_shaping_mirrored,302,12.109460999555935,0,12.399999999999526,0
head_on,no_nominal_shaping_mirrored,303,18.71013707664618,0,9.649999999999935,0
head_on,no_nominal_shaping_mirrored,304,14.358655658056469,0,10.650000000000027,0
head_on,no_nominal_shaping_mirrored,305,19.55669424649567,0,9.500000000000135,0
head_on,no_nominal_shaping_mirrored,306,15.564894891363448,0,9.399999999999988,0
head_on,no_nominal_shaping_mirrored,307,10.828534635412112,0,16.29999999999912,0
head_on,no_nominal_shaping_mirrored,308,13.784386038511776,1,15.100000000000204,0
head_on,no_nominal_shaping_mirrored,309,15.335257492782334,0,9.349999999999792,0
head_on,no_nominal_shaping_mirrored,310,21.594118738917253,1,4.549999999999741,0
head_on,no_nominal_shaping_mirrored,311,15.006661318582205,0,9.49999999999946,0
head_on,no_nominal_shaping_mirrored,312,14.249540570074855,0,10.149999999999423,0
head_on,no_nominal_shaping_mirrored,313,11.541655533262592,0,13.149999999999253,0
head_on,no_nominal_shaping_mirrored,314,13.645418682520573,0,10.999999999999893,0
head_on,no_nominal_shaping_mirrored,315,17.394314161607582,0,8.550000000000033,0
head_on,no_nominal_shaping_mirrored,316,17.52575036039052,0,8.449999999999982,0
head_on,no_nominal_shaping_mirrored,317,22.181250023092076,1,5.549999999999933,0
head_on,no_nominal_shaping_mirrored,318,21.73590990654885,1,10.949999999999562,0
head_on,no_nominal_shaping_mirrored,319,25.53473927387449,1,8.800000000000125,0
head_on,no_nominal_shaping_mirrored,320,18.58305024648207,1,9.49999999999999,0
head_on,no_nominal_shaping_mirrored,321,40.77756535456813,0,0.0,0
head_on,no_nominal_shaping_mirrored,322,17.343907959942626,1,15.899999999999096,0
head_on,no_nominal_shaping_mirrored,323,15.401517130048797,1,12.599999999999284,0
head_on,no_nominal_shaping_mirrored,324,18.741793895175114,1,6.4999999999996305,0
head_on,no_nominal_shaping_mirrored,325,11.313642259873143,0,17.099999999999305,0
head_on,no_nominal_shaping_mirrored,326,15.489175397073826,0,9.399999999999991,0
head_on,no_nominal_shaping_mirrored,327,10.482951148404897,0,16.89999999999904,0
head_on,no_nominal_shaping_mirrored,328,10.473219340552301,0,15.949999999999093,0
head_on,no_nominal_shaping_mirrored,329,13.587476058026486,0,10.349999999999412,0
head_on,no_nominal_shaping_mirrored,330,27.618838259385225,0,12.299999999999518,0
head_on,no_nominal_shaping_mirrored,331,19.91178888848318,1,13.149999999999253,0
head_on,no_nominal_shaping_mirrored,332,13.094978065399069,0,14.349999999999955,0
head_on,no_nominal_shaping_mirrored,333,20.49065378130028,1,12.149999999999501,0
head_on,no_nominal_shaping_mirrored,334,18.291524046814672,1,10.04999999999951,0
head_on,no_nominal_shaping_mirrored,335,13.519744588255893,0,13.150000000000063,0
head_on,no_nominal_shaping_mirrored,336,24.934797356148994,1,0.0,0
head_on,no_nominal_shaping_mirrored,337,23.07075849884409,1,9.85000000000014,0
head_on,no_nominal_shaping_mirrored,338,22.05273242784754,1,5.949999999999999,0
head_on,no_nominal_shaping_mirrored,339,31.351443954948053,1,0.0,0
head_on,no_nominal_shaping_mirrored,340,15.398129173251077,0,9.399999999999892,0
head_on,no_nominal_shaping_mirrored,341,13.730890671415176,0,10.199999999999438,0
head_on,no_nominal_shaping_mirrored,342,14.023223190642959,0,11.200000000000038,0
head_on,no_nominal_shaping_mirrored,343,22.18080854814866,0,7.75000000000011,0
head_on,no_nominal_shaping_mirrored,344,29.451221970272968,0,10.699999999999893,0
head_on,no_nominal_shaping_mirrored,345,21.573795703453662,1,4.8999999999997215,0
head_on,no_nominal_shaping_mirrored,346,14.880801470279842,0,9.499999999999538,0
head_on,no_nominal_shaping_mirrored,347,12.607173493978179,0,15.499999999999794,0
head_on,no_nominal_shaping_mirrored,348,11.499143701143932,0,12.349999999999298,0
head_on,no_nominal_shaping_mirrored,349,20.79500995576722,1,11.249999999999915,0
head_on,no_nominal_shaping_mirrored,350,17.42037088045711,1,7.999999999999545,0
head_on,no_nominal_shaping_mirrored,351,15.422060101197557,0,9.349999999999469,0
head_on,no_nominal_shaping_mirrored,352,30.428599568233793,0,7.999999999999616,0
head_on,no_nominal_shaping_mirrored,353,18.411506305464446,1,9.450000000000024,0
head_on,no_nominal_shaping_mirrored,354,13.005163913331074,0,11.949999999999829,0
head_on,no_nominal_shaping_mirrored,355,25.07386170229281,1,8.800000000000125,0
head_on,no_nominal_shaping_mirrored,356,20.686857424518845,1,12.399999999999295,0
head_on,no_nominal_shaping_mirrored,357,14.302493154118173,0,13.35000000000019,0
head_on,no_nominal_shaping_mirrored,358,12.084482557083724,0,12.14999999999931,0
head_on,no_nominal_shaping_mirrored,359,18.358560739392715,1,9.500000000000057,0
head_on,no_nominal_shaping_mirrored,360,12.676677804393991,0,11.399999999999508,0
head_on,no_nominal_shaping_mirrored,361,28.877132918744365,0,10.449999999999626,0
head_on,no_nominal_shaping_mirrored,362,11.124258585721822,0,13.999999999999204,0
head_on,no_nominal_shaping_mirrored,363,22.77629288692812,0,20.799999999998818,0
head_on,no_nominal_shaping_mirrored,364,13.757173809141605,0,10.149999999999554,0
head_on,no_nominal_shaping_mirrored,365,10.915910255342643,0,15.799999999999102,0
head_on,no_nominal_shaping_mirrored,366,12.177425342174876,0,18.049999999999578,0
head_on,no_nominal_shaping_mirrored,367,29.67025729511613,0,10.249999999999876,0
head_on,no_nominal_shaping_mirrored,368,17.24697115760865,0,9.399999999999466,0
head_on,no_nominal_shaping_mirrored,369,40.13749681793046,0,0.0,0
head_on,no_nominal_shaping_mirrored,370,19.181711285846486,1,9.15000000000013,0
head_on,no_nominal_shaping_mirrored,371,19.031262194394838,0,9.750000000000082,0
head_on,no_nominal_shaping_mirrored,372,27.83586318539789,1,0.0,0
head_on,no_nominal_shaping_mirrored,373,15.524253992356547,0,9.349999999999966,0
head_on,no_nominal_shaping_mirrored,374,22.43694866198963,0,7.250000000000103,0
head_on,no_nominal_shaping_mirrored,375,12.366269421305923,0,16.49999999999969,0
head_on,no_nominal_shaping_mirrored,376,19.350819556466888,1,15.199999999999136,0
head_on,no_nominal_shaping_mirrored,377,18.761185251863182,0,9.449999999999914,0
head_on,no_nominal_shaping_mirrored,378,11.762396712731364,0,16.79999999999949,0
head_on,no_nominal_shaping_mirrored,379,31.6593563373048,0,7.7499999999999005,0
head_on,no_nominal_shaping_mirrored,380,14.453925132123008,0,9.799999999999574,0
head_on,no_nominal_shaping_mirrored,381,12.579857875656613,0,12.749999999999751,0
head_on,no_nominal_shaping_mirrored,382,21.218839075890287,1,11.199999999999768,0
head_on,no_nominal_shaping_mirrored,383,17.716867300457974,0,10.199999999999644,0
head_on,no_nominal_shaping_mirrored,384,28.253076117004294,0,9.49999999999946,0
head_on,no_nominal_shaping_mirrored,385,13.99487695089799,0,10.149999999999423,0
head_on,no_nominal_shaping_mirrored,386,11.904225122488734,0,12.49999999999929,0
head_on,no_nominal_shaping_mirrored,387,14.10673381737939,0,10.249999999999794,0
head_on,no_nominal_shaping_mirrored,388,11.795304989854834,0,12.599999999999284,0
head_on,no_nominal_shaping_mirrored,389,11.71415884297392,0,12.949999999999264,0
head_on,no_nominal_shaping_mirrored,390,17.730732943373432,0,9.799999999999631,0
head_on,no_nominal_shaping_mirrored,391,28.362223646848168,0,11.499999999999776,0
head_on,no_nominal_shaping_mirrored,392,13.109559017986363,0,10.699999999999392,0
head_on,no_nominal_shaping_mirrored,393,18.512568120474345,1,9.449999999999978,0
head_on,no_nominal_shaping_mirrored,394,11.352381092291962,0,17.949999999999292,0
head_on,no_nominal_shaping_mirrored,395,20.577237676300285,1,6.499999999999837,0
head_on,no_nominal_shaping_mirrored,396,21.710608657020114,1,10.749999999999893,0
head_on,no_nominal_shaping_mirrored,397,12.226667150180033,0,17.299999999999624,0
head_on,no_nominal_shaping_mirrored,398,10.907968911121841,0,18.999999999999073,0
head_on,no_nominal_shaping_mirrored,399,14.372259505104838,0,10.199999999999896,0
head_on,no_nominal_shaping_mirrored,400,14.50613176890623,0,10.400000000000013,0
head_on,no_nominal_shaping_mirrored,401,14.067385254903892,0,10.249999999999755,0
head_on,no_nominal_shaping_mirrored,402,21.10298375660926,1,11.599999999999483,0
head_on,no_nominal_shaping_mirrored,403,31.707565645311846,0,8.950000000000127,0
head_on,no_nominal_shaping_mirrored,404,21.075103519391607,1,11.049999999999912,0
head_on,no_nominal_shaping_mirrored,405,18.489931482050864,0,10.199999999999985,0
head_on,no_nominal_shaping_mirrored,406,13.91931570217953,0,10.799999999999915,0
head_on,no_nominal_shaping_mirrored,407,21.332903309060175,1,11.349999999999497,0
head_on,no_nominal_shaping_mirrored,408,19.651442736507,1,13.749999999999218,0
head_on,no_nominal_shaping_mirrored,409,12.635872460976632,1,17.04999999999903,0
head_on,no_nominal_shaping_mirrored,410,33.70513440425846,0,8.350000000000119,0
head_on,no_nominal_shaping_mirrored,411,19.00925660851516,0,9.700000000000056,0
head_on,no_nominal_shaping_mirrored,412,19.453425093079982,0,8.150000000000116,0
head_on,no_nominal_shaping_mirrored,413,10.216340424599041,0,17.39999999999901,0
head_on,no_nominal_shaping_mirrored,414,13.71881413019259,0,10.899999999999888,0
head_on,no_nominal_shaping_mirrored,415,18.584304960908085,1,7.049999999999599,0
head_on,no_nominal_shaping_mirrored,416,11.763717006763718,0,15.449999999999523,0
head_on,no_nominal_shaping_mirrored,417,20.785865218809874,1,12.099999999999312,0
head_on,no_nominal_shaping_mirrored,418,14.24317512248522,0,10.399999999999917,0
head_on,no_nominal_shaping_mirrored,419,11.10789768750929,0,13.999999999999204,0
head_on,no_nominal_shaping_mirrored,420,20.959235773125478,1,11.249999999999812,0
head_on,no_nominal_shaping_mirrored,421,19.27530642703417,1,14.399999999999181,0
head_on,no_nominal_shaping_mirrored,422,19.360790046740984,1,9.499999999999837,0
head_on,no_nominal_shaping_mirrored,423,21.184047555053287,1,10.800000000000114,0
head_on,no_nominal_shaping_mirrored,424,10.724226053740418,0,18.049999999999,0
head_on,no_nominal_shaping_mirrored,425,12.462333017460896,0,12.899999999999732,0
head_on,no_nominal_shaping_mirrored,426,20.15088404428599,0,9.15000000000013,0
head_on,no_nominal_shaping_mirrored,427,19.229875912281535,1,9.10000000000013,0
head_on,no_nominal_shaping_mirrored,428,12.182722774553678,0,14.149999999999675,0
head_on,no_nominal_shaping_mirrored,429,19.452208338954186,1,9.699999999999669,0
head_on,no_nominal_shaping_mirrored,430,21.3222660084915,1,10.949999999999918,0
head_on,no_nominal_shaping_mirrored,431,18.25976852197424,0,8.799999999999578,0
head_on,no_nominal_shaping_mirrored,432,20.506322336081144,1,12.399999999999295,0
head_on,no_nominal_shaping_mirrored,433,33.98908261211198,0,7.100000000000101,0
head_on,no_nominal_shaping_mirrored,434,20.51815714264189,0,8.100000000000115,0
head_on,no_nominal_shaping_mirrored,435,27.20116202796019,0,12.549999999999613,0
head_on,no_nominal_shaping_mirrored,436,14.278126801123243,0,11.250000000000107,0
head_on,no_nominal_shaping_mirrored,437,18.604715022822823,0,8.699999999999704,0
head_on,no_nominal_shaping_mirrored,438,12.777373944140736,0,20.399999999999622,0
head_on,no_nominal_shaping_mirrored,439,13.948981171365654,0,10.749999999999918,0
head_on,no_nominal_shaping_mirrored,440,13.086908207360484,0,11.599999999999802,0
head_on,no_nominal_shaping_mirrored,441,33.237304097889115,1,0.0,0
head_on,no_nominal_shaping_mirrored,442,20.810453724731364,1,11.150000000000002,0
head_on,no_nominal_shaping_mirrored,443,11.27355264803252,0,16.999999999999297,0
head_on,no_nominal_shaping_mirrored,444,11.762012659645853,0,15.799999999999514,0
head_on,no_nominal_shaping_mirrored,445,16.16402235819329,0,8.94999999999969,0
head_on,no_nominal_shaping_mirrored,446,12.643713557932493,0,11.349999999999355,0
head_on,no_nominal_shaping_mirrored,447,21.131804756030384,1,10.999999999999954,0
head_on,no_nominal_shaping_mirrored,448,21.303677990222916,1,10.999999999999893,0
head_on,no_nominal_shaping_mirrored,449,20.925344421611697,1,11.149999999999935,0
head_on,no_nominal_shaping_mirrored,450,48.47768785043618,0,0.0,0
head_on,no_nominal_shaping_mirrored,451,28.902453064964345,0,10.999999999999805,0
head_on,no_nominal_shaping_mirrored,452,22.62668720753182,1,10.150000000000144,0
head_on,no_nominal_shaping_mirrored,453,21.728537430830627,1,10.50000000000015,0
head_on,no_nominal_shaping_mirrored,454,13.51938016989201,0,14.100000000000062,0
head_on,no_nominal_shaping_mirrored,455,18.113329291454132,1,10.449999999999406,0
head_on,no_nominal_shaping_mirrored,456,10.046579016767094,0,18.899999999998933,0
head_on,no_nominal_shaping_mirrored,457,57.42107791728948,0,0.0,0
head_on,no_nominal_shaping_mirrored,458,21.16987337593388,1,6.599999999999994,0
head_on,no_nominal_shaping_mirrored,459,11.550826656216527,0,13.449999999999392,0
head_on,no_nominal_shaping_mirrored,460,13.972071907701721,0,12.650000000000151,0
head_on,no_nominal_shaping_mirrored,461,10.480878832878235,1,22.799999999998704,0
head_on,no_nominal_shaping_mirrored,462,13.304034312260667,0,10.849999999999628,0
head_on,no_nominal_shaping_mirrored,463,21.105482383202695,0,7.8500000000001116,0
head_on,no_nominal_shaping_mirrored,464,13.134457527103224,0,14.349999999999962,0
head_on,no_nominal_shaping_mirrored,465,14.186169756814376,0,10.649999999999984,0
head_on,no_nominal_shaping_mirrored,466,13.786762317621251,0,10.149999999999615,0
head_on,no_nominal_shaping_mirrored,467,21.58036531291505,1,10.550000000000093,0
head_on,no_nominal_shaping_mirrored,468,20.12443242652326,1,12.049999999999649,0
head_on,no_nominal_shaping_mirrored,469,12.330394116460175,0,23.699999999999307,0
head_on,no_nominal_shaping_mirrored,470,21.063911898021903,1,11.299999999999784,0
head_on,no_nominal_shaping_mirrored,471,20.41968087482625,1,12.049999999999539,0
head_on,no_nominal_shaping_mirrored,472,12.043421363154874,0,10.799999999999386,0
head_on,no_nominal_shaping_mirrored,473,14.713357026329657,0,9.799999999999883,0
head_on,no_nominal_shaping_mirrored,474,18.22951505299248,0,9.699999999999779,0
head_on,no_nominal_shaping_mirrored,475,39.062584123423974,1,0.0,0
head_on,no_nominal_shaping_mirrored,476,19.711598264667614,0,7.4499999999997755,0
head_on,no_nominal_shaping_mirrored,477,19.40698763917981,1,15.099999999999142,0
head_on,no_nominal_shaping_mirrored,478,10.943713877048815,0,18.949999999999086,0
head_on,no_nominal_shaping_mirrored,479,20.213955269183952,1,13.149999999999253,0
head_on,no_nominal_shaping_mirrored,480,26.315142148002426,1,0.0,0
head_on,no_nominal_shaping_mirrored,481,19.279566599891396,1,10.349999999999412,0
head_on,no_nominal_shaping_mirrored,482,20.87290338193559,1,5.849999999999724,0
head_on,no_nominal_shaping_mirrored,483,35.16826339525751,0,0.0,0
head_on,no_nominal_shaping_mirrored,484,11.963073938868394,0,12.399999999999423,0
head_on,no_nominal_shaping_mirrored,485,36.79465108145281,1,0.0,0
head_on,no_nominal_shaping_mirrored,486,12.520056814649092,0,28.249999999999105,0
head_on,no_nominal_shaping_mirrored,487,11.903319313063772,0,13.099999999999255,0
head_on,no_nominal_shaping_mirrored,488,22.009176791608805,1,10.400000000000109,0
head_on,no_nominal_shaping_mirrored,489,17.66233246535858,0,9.849999999999604,0
head_on,no_nominal_shaping_mirrored,490,16.79817042701678,0,10.999999999999375,0
head_on,no_nominal_shaping_mirrored,491,22.225992892363916,1,10.499999999999723,0
head_on,no_nominal_shaping_mirrored,492,24.038969586926054,0,18.349999999998957,0
head_on,no_nominal_shaping_mirrored,493,11.353599901512048,0,13.299999999999244,0
head_on,no_nominal_shaping_mirrored,494,27.004742565511286,0,9.449999999999463,0
head_on,no_nominal_shaping_mirrored,495,12.832477376977884,0,11.249999999999424,0
head_on,no_nominal_shaping_mirrored,496,19.660226025897146,1,13.949999999999207,0
head_on,no_nominal_shaping_mirrored,497,18.391823739429423,1,9.400000000000134,0
head_on,no_nominal_shaping_mirrored,498,21.925353408405627,1,10.699999999999772,0
head_on,no_nominal_shaping_mirrored,499,12.760354112367288,0,15.949999999999829,0
head_on,no_nominal_shaping_stbd_lobes,300,18.447342203345325,0,10.049999999999532,0
head_on,no_nominal_shaping_stbd_lobes,301,12.976276210376577,1,14.09999999999992,0
head_on,no_nominal_shaping_stbd_lobes,302,11.802517272134356,1,13.149999999999487,0
head_on,no_nominal_shaping_stbd_lobes,303,21.534635645860284,0,10.699999999999921,0
head_on,no_nominal_shaping_stbd_lobes,304,12.435483244536124,1,15.99999999999973,0
head_on,no_nominal_shaping_stbd_lobes,305,22.257620718675504,0,10.250000000000146,0
head_on,no_nominal_shaping_stbd_lobes,306,19.00878808703376,0,9.40000000000001,0
head_on,no_nominal_shaping_stbd_lobes,307,12.65184437954823,1,11.399999999999388,0
head_on,no_nominal_shaping_stbd_lobes,308,16.19382070782372,1,10.800000000000153,0
head_on,no_nominal_shaping_stbd_lobes,309,19.12419602382913,0,9.599999999999806,0
head_on,no_nominal_shaping_stbd_lobes,310,22.176246271021697,1,5.44999999999969,0
head_on,no_nominal_shaping_stbd_lobes,311,19.155687029378136,0,10.049999999999446,0
head_on,no_nominal_shaping_stbd_lobes,312,18.577909103158028,0,10.649999999999395,0
head_on,no_nominal_shaping_stbd_lobes,313,11.11065571207242,1,13.89999999999921,0
head_on,no_nominal_shaping_stbd_lobes,314,12.226580091663289,1,14.749999999999691,0
head_on,no_nominal_shaping_stbd_lobes,315,20.74894021471616,0,11.09999999999992,0
head_on,no_nominal_shaping_stbd_lobes,316,20.783951885383637,0,11.099999999999866,0
head_on,no_nominal_shaping_stbd_lobes,317,22.81462828243458,1,5.9999999999999325,0
head_on,no_nominal_shaping_stbd_lobes,318,18.209865374605165,1,9.049999999999592,0
head_on,no_nominal_shaping_stbd_lobes,319,22.8887236057654,1,7.800000000000111,0
head_on,no_nominal_shaping_stbd_lobes,320,15.1639507304512,1,9.599999999999959,0
head_on,no_nominal_shaping_stbd_lobes,321,40.77756535456813,0,0.0,0
head_on,no_nominal_shaping_stbd_lobes,322,13.726188070330217,1,10.599999999999397,0
head_on,no_nominal_shaping_stbd_lobes,323,16.411246035008183,1,13.249999999999247,0
head_on,no_nominal_shaping_stbd_lobes,324,19.566594701867352,1,7.099999999999596,0
head_on,no_nominal_shaping_stbd_lobes,325,13.3163492477507,1,10.89999999999965,0
head_on,no_nominal_shaping_stbd_lobes,326,18.955699254856597,0,9.400000000000016,0
head_on,no_nominal_shaping_stbd_lobes,327,10.795527961978573,1,13.54999999999923,0
head_on,no_nominal_shaping_stbd_lobes,328,11.650559500226858,1,12.949999999999264,0
head_on,no_nominal_shaping_stbd_lobes,329,10.64107806755618,1,18.599999999998943,0
head_on,no_nominal_shaping_stbd_lobes,330,27.618838259385225,0,12.299999999999518,0
head_on,no_nominal_shaping_stbd_lobes,331,16.606973137016816,1,11.59999999999934,0
head_on,no_nominal_shaping_stbd_lobes,332,14.228228609933035,1,11.40000000000012,0
head_on,no_nominal_shaping_stbd_lobes,333,17.297725846633693,1,10.749999999999527,0
head_on,no_nominal_shaping_stbd_lobes,334,14.351431346094943,1,9.89999999999949,0
head_on,no_nominal_shaping_stbd_lobes,335,13.950641149493425,1,12.100000000000119,0
head_on,no_nominal_shaping_stbd_lobes,336,24.934797356148994,1,0.0,0
head_on,no_nominal_shaping_stbd_lobes,337,20.585737287478782,1,9.450000000000134,0
head_on,no_nominal_shaping_stbd_lobes,338,22.717129594942172,1,6.399999999999995,0
head_on,no_nominal_shaping_stbd_lobes,339,31.351443954948053,1,0.0,0
head_on,no_nominal_shaping_stbd_lobes,340,18.99651205281044,0,9.399999999999913,0
head_on,no_nominal_shaping_stbd_lobes,341,17.118294475794567,0,10.349999999999458,0
head_on,no_nominal_shaping_stbd_lobes,342,12.624969685343814,1,15.299999999999809,0
head_on,no_nominal_shaping_stbd_lobes,343,25.01908833845309,0,8.950000000000127,0
head_on,no_nominal_shaping_stbd_lobes,344,29.451221970272968,0,10.699999999999893,0
head_on,no_nominal_shaping_stbd_lobes,345,22.18208601650296,1,5.599999999999724,0
head_on,no_nominal_shaping_stbd_lobes,346,18.906973155910165,0,9.949999999999548,0
head_on,no_nominal_shaping_stbd_lobes,347,14.089260248942036,1,11.150000000000038,0
head_on,no_nominal_shaping_stbd_lobes,348,10.214964708369651,1,17.649999999998997,0
head_on,no_nominal_shaping_stbd_lobes,349,17.63507272976372,1,8.450000000000038,0
head_on,no_nominal_shaping_stbd_lobes,350,18.341357632887465,1,8.649999999999508,0
head_on,no_nominal_shaping_stbd_lobes,351,19.669110747503836,0,13.449999999999235,0
head_on,no_nominal_shaping_stbd_lobes,352,30.428599568233793,0,7.999999999999616,0
head_on,no_nominal_shaping_stbd_lobes,353,15.325004955834784,1,9.599999999999998,0
head_on,no_nominal_shaping_stbd_lobes,354,12.55251054962696,1,13.04999999999977,0
head_on,no_nominal_shaping_stbd_lobes,355,21.97140590856736,1,7.250000000000103,0
head_on,no_nominal_shaping_stbd_lobes,356,16.93628088821593,1,10.099999999999426,0
head_on,no_nominal_shaping_stbd_lobes,357,15.07623365191936,1,11.750000000000167,0
head_on,no_nominal_shaping_stbd_lobes,358,10.958664939342917,1,14.699999999999164,0
head_on,no_nominal_shaping_stbd_lobes,359,15.465023775583019,1,9.550000000000033,0
head_on,no_nominal_shaping_stbd_lobes,360,11.150760700251235,1,15.549999999999283,0
head_on,no_nominal_shaping_stbd_lobes,361,28.877132918744365,0,10.449999999999626,0
head_on,no_nominal_shaping_stbd_lobes,362,11.229154448907584,1,13.749999999999218,0
head_on,no_nominal_shaping_stbd_lobes,363,22.77629288692812,0,20.799999999998818,0
head_on,no_nominal_shaping_stbd_lobes,364,17.431160583568467,0,10.249999999999577,0
head_on,no_nominal_shaping_stbd_lobes,365,10.044419179372372,1,15.099999999999142,0
head_on,no_nominal_shaping_stbd_lobes,366,15.088905483063844,1,9.900000000000027,0
head_on,no_nominal_shaping_stbd_lobes,367,29.67025729511613,0,10.249999999999876,0
head_on,no_nominal_shaping_stbd_lobes,368,21.030813493952966,0,11.849999999999326,0
head_on,no_nominal_shaping_stbd_lobes,369,40.13749681793046,0,0.0,0
head_on,no_nominal_shaping_stbd_lobes,370,16.94828345127841,1,9.15000000000013,0
head_on,no_nominal_shaping_stbd_lobes,371,21.849813289386482,0,10.350000000000083,0
head_on,no_nominal_shaping_stbd_lobes,372,28.144651749344682,1,4.350000000000062,0
head_on,no_nominal_shaping_stbd_lobes,373,19.028422503453505,0,9.399999999999984,0
head_on,no_nominal_shaping_stbd_lobes,374,25.457104815915102,0,8.700000000000124,0
head_on,no_nominal_shaping_stbd_lobes,375,14.384405079857213,1,10.550000000000018,0
head_on,no_nominal_shaping_stbd_lobes,376,15.7810324861987,1,9.199999999999477,0
head_on,no_nominal_shaping_stbd_lobes,377,21.7025483964425,0,10.649999999999896,0
head_on,no_nominal_shaping_stbd_lobes,378,13.67993177233164,1,10.749999999999822,0
head_on,no_nominal_shaping_stbd_lobes,379,31.6593563373048,0,7.7499999999999005,0
head_on,no_nominal_shaping_stbd_lobes,380,18.323928139096843,0,9.949999999999594,0
head_on,no_nominal_shaping_stbd_lobes,381,12.869709759251291,1,12.099999999999788,0
head_on,no_nominal_shaping_stbd_lobes,382,18.19562973776794,1,9.94999999999979,0
head_on,no_nominal_shaping_stbd_lobes,383,20.824649775357063,0,11.54999999999962,0
head_on,no_nominal_shaping_stbd_lobes,384,28.253076117004294,0,9.49999999999946,0
head_on,no_nominal_shaping_stbd_lobes,385,17.901628678976635,0,10.349999999999412,0
head_on,no_nominal_shaping_stbd_lobes,386,10.671559854401725,1,15.149999999999139,0
head_on,no_nominal_shaping_stbd_lobes,387,11.57888397302378,1,17.949999999999374,0
head_on,no_nominal_shaping_stbd_lobes,388,10.93642305737247,1,14.399999999999181,0
head_on,no_nominal_shaping_stbd_lobes,389,10.494290991451571,1,15.399999999999125,0
head_on,no_nominal_shaping_stbd_lobes,390,21.06413578293268,0,11.299999999999603,0
head_on,no_nominal_shaping_stbd_lobes,391,28.362223646848168,0,11.499999999999776,0
head_on,no_nominal_shaping_stbd_lobes,392,11.506410301315636,0,15.99999999999909,0
head_on,no_nominal_shaping_stbd_lobes,393,15.156870321588858,1,9.599999999999948,0
head_on,no_nominal_shaping_stbd_lobes,394,13.940207938622462,1,10.249999999999709,0
head_on,no_nominal_shaping_stbd_lobes,395,21.321181877682243,1,6.9999999999998295,0
head_on,no_nominal_shaping_stbd_lobes,396,18.769742585209297,1,9.549999999999912,0
head_on,no_nominal_shaping_stbd_lobes,397,15.054702403727747,1,9.90000000000003,0
head_on,no_nominal_shaping_stbd_lobes,398,13.027094057697207,1,10.699999999999523,0
head_on,no_nominal_shaping_stbd_lobes,399,11.84250544115857,1,17.899999999999473,0
head_on,no_nominal_shaping_stbd_lobes,400,12.24636202137371,1,18.39999999999957,0
head_on,no_nominal_shaping_stbd_lobes,401,11.438500770933482,1,19.199999999999264,0
head_on,no_nominal_shaping_stbd_lobes,402,17.652492837975892,1,9.799999999999514,0
head_on,no_nominal_shaping_stbd_lobes,403,31.707565645311846,0,8.950000000000127,0
head_on,no_nominal_shaping_stbd_lobes,404,18.191074374218207,1,10.549999999999905,0
head_on,no_nominal_shaping_stbd_lobes,405,21.295904902622294,0,10.699999999999992,0
head_on,no_nominal_shaping_stbd_lobes,406,12.151398963064208,1,15.649999999999647,0
head_on,no_nominal_shaping_stbd_lobes,407,17.79629592878585,1,9.499999999999527,0
head_on,no_nominal_shaping_stbd_lobes,408,16.01758332963954,1,8.999999999999488,0
head_on,no_nominal_shaping_stbd_lobes,409,13.668954712010875,1,10.5499999999994,0
head_on,no_nominal_shaping_stbd_lobes,410,33.70513440425846,0,8.350000000000119,0
head_on,no_nominal_shaping_stbd_lobes,411,21.8393673616604,0,10.400000000000055,0
head_on,no_nominal_shaping_stbd_lobes,412,21.975172124039727,0,10.400000000000148,0
head_on,no_nominal_shaping_stbd_lobes,413,11.307991027423562,1,12.649999999999281,0
head_on,no_nominal_shaping_stbd_lobes,414,12.14922098631188,1,15.149999999999658,0
head_on,no_nominal_shaping_stbd_lobes,415,19.43586130138292,1,7.649999999999565,0
head_on,no_nominal_shaping_stbd_lobes,416,13.352548575839164,1,10.999999999999766,0
head_on,no_nominal_shaping_stbd_lobes,417,17.132945059351606,1,10.049999999999429,0
head_on,no_nominal_shaping_stbd_lobes,418,11.925958322186801,1,19.349999999999422,0
head_on,no_nominal_shaping_stbd_lobes,419,11.395701068886813,1,13.399999999999238,0
head_on,no_nominal_shaping_stbd_lobes,420,17.970336604999446,1,10.549999999999812,0
head_on,no_nominal_shaping_stbd_lobes,421,15.17572077852097,1,9.549999999999457,0
head_on,no_nominal_shaping_stbd_lobes,422,15.597872740046325,1,9.249999999999822,0
head_on,no_nominal_shaping_stbd_lobes,423,18.240173999768295,1,8.40000000000012,0
head_on,no_nominal_shaping_stbd_lobes,424,13.056066151406739,1,10.699999999999395,0
head_on,no_nominal_shaping_stbd_lobes,425,12.829045322302907,1,12.099999999999778,0
head_on,no_nominal_shaping_stbd_lobes,426,22.686201831621318,0,10.050000000000143,0
head_on,no_nominal_shaping_stbd_lobes,427,17.26015588223372,1,9.15000000000013,0
head_on,no_nominal_shaping_stbd_lobes,428,13.264965957964195,1,11.349999999999827,0
head_on,no_nominal_shaping_stbd_lobes,429,15.534939025754014,1,9.249999999999659,0
head_on,no_nominal_shaping_stbd_lobes,430,18.402768170960268,1,10.199999999999918,0
head_on,no_nominal_shaping_stbd_lobes,431,21.835044838698696,0,10.749999999999549,0
head_on,no_nominal_shaping_stbd_lobes,432,16.908210392419715,1,10.5499999999994,0
head_on,no_nominal_shaping_stbd_lobes,433,33.98908261211198,0,7.100000000000101,0
head_on,no_nominal_shaping_stbd_lobes,434,23.576744998961736,0,9.550000000000093,0
head_on,no_nominal_shaping_stbd_lobes,435,27.20116202796019,0,12.549999999999613,0
head_on,no_nominal_shaping_stbd_lobes,436,12.985138583834072,1,14.699999999999918,0
head_on,no_nominal_shaping_stbd_lobes,437,22.068539309800354,0,10.499999999999677,0
head_on,no_nominal_shaping_stbd_lobes,438,15.518580849038688,1,10.050000000000143,0
head_on,no_nominal_shaping_stbd_lobes,439,12.107188983440013,1,16.09999999999962,0
head_on,no_nominal_shaping_stbd_lobes,440,12.232514119504522,1,13.699999999999687,0
head_on,no_nominal_shaping_stbd_lobes,441,33.237304097889115,1,0.0,0
head_on,no_nominal_shaping_stbd_lobes,442,17.586564617007223,1,8.600000000000119,0
head_on,no_nominal_shaping_stbd_lobes,443,13.270645808265694,1,10.849999999999632,0
head_on,no_nominal_shaping_stbd_lobes,444,13.449882568358948,1,10.899999999999782,0
head_on,no_nominal_shaping_stbd_lobes,445,20.011904554757663,0,11.999999999999552,0
head_on,no_nominal_shaping_stbd_lobes,446,12.094873260818913,1,14.999999999999147,0
head_on,no_nominal_shaping_stbd_lobes,447,18.229657868183576,1,8.300000000000072,0
head_on,no_nominal_shaping_stbd_lobes,448,18.499273512984967,1,9.999999999999908,0
head_on,no_nominal_shaping_stbd_lobes,449,17.834042004614183,1,8.350000000000058,0
head_on,no_nominal_shaping_stbd_lobes,450,48.47768785043618,0,0.0,0
head_on,no_nominal_shaping_stbd_lobes,451,28.902453064964345,0,10.999999999999805,0
head_on,no_nominal_shaping_stbd_lobes,452,20.0401705042747,1,9.20000000000013,0
head_on,no_nominal_shaping_stbd_lobes,453,19.156264852291415,1,10.200000000000145,0
head_on,no_nominal_shaping_stbd_lobes,454,14.965279560780301,1,10.950000000000156,0
head_on,no_nominal_shaping_stbd_lobes,455,14.0159427325003,1,10.099999999999426,0
head_on,no_nominal_shaping_stbd_lobes,456,9.799001599509408,1,16.84999999999905,0
head_on,no_nominal_shaping_stbd_lobes,457,57.42107791728948,0,0.0,0
head_on,no_nominal_shaping_stbd_lobes,458,21.889322186895562,1,6.999999999999989,0
head_on,no_nominal_shaping_stbd_lobes,459,12.009232601215734,1,12.34999999999945,0
head_on,no_nominal_shaping_stbd_lobes,460,14.064563295244279,1,12.450000000000163,0
head_on,no_nominal_shaping_stbd_lobes,461,11.72098513588805,1,23.149999999998684,0
head_on,no_nominal_shaping_stbd_lobes,462,11.260590771783129,1,17.049999999999287,0
head_on,no_nominal_shaping_stbd_lobes,463,24.121950204250886,0,9.300000000000132,0
head_on,no_nominal_shaping_stbd_lobes,464,14.635993645024808,1,10.900000000000151,0
head_on,no_nominal_shaping_stbd_lobes,465,12.296782233396076,1,16.049999999999685,0
head_on,no_nominal_shaping_stbd_lobes,466,17.253155759750136,0,10.099999999999643,0
head_on,no_nominal_shaping_stbd_lobes,467,18.830608743124362,1,10.250000000000082,0
head_on,no_nominal_shaping_stbd_lobes,468,16.4120683871206,1,8.849999999999795,0
head_on,no_nominal_shaping_stbd_lobes,469,14.863430717910786,1,10.200000000000063,0
head_on,no_nominal_shaping_stbd_lobes,470,18.097713632900774,1,10.149999999999803,0
head_on,no_nominal_shaping_stbd_lobes,471,17.197169125540015,1,10.999999999999549,0
head_on,no_nominal_shaping_stbd_lobes,472,12.452329616233342,1,13.89999999999921,0
head_on,no_nominal_shaping_stbd_lobes,473,18.105872136772057,0,9.649999999999913,0
head_on,no_nominal_shaping_stbd_lobes,474,21.29587618129174,0,10.999999999999758,0
head_on,no_nominal_shaping_stbd_lobes,475,39.062584123423974,1,0.0,0
head_on,no_nominal_shaping_stbd_lobes,476,23.257948459785418,0,9.749999999999744,0
head_on,no_nominal_shaping_stbd_lobes,477,16.011072922237116,1,9.049999999999486,0
head_on,no_nominal_shaping_stbd_lobes,478,13.215870715191555,1,10.849999999999532,0
head_on,no_nominal_shaping_stbd_lobes,479,16.59718524939006,1,10.999999999999375,0
head_on,no_nominal_shaping_stbd_lobes,480,26.59414701199427,1,4.0500000000000576,0
head_on,no_nominal_shaping_stbd_lobes,481,14.963842654564232,1,9.599999999999454,0
head_on,no_nominal_shaping_stbd_lobes,482,21.576693318390237,1,6.3999999999997215,0
head_on,no_nominal_shaping_stbd_lobes,483,35.16826339525751,0,0.0,0
head_on,no_nominal_shaping_stbd_lobes,484,11.546343422693283,1,13.39999999999937,0
head_on,no_nominal_shaping_stbd_lobes,485,36.79465108145281,1,0.0,0
head_on,no_nominal_shaping_stbd_lobes,486,15.198749194682659,1,10.10000000000013,0
head_on,no_nominal_shaping_stbd_lobes,487,10.489601893373157,1,13.399999999999238,0
head_on,no_nominal_shaping_stbd_lobes,488,19.230698371809098,1,9.800000000000107,0
head_on,no_nominal_shaping_stbd_lobes,489,21.000845146160085,0,11.399999999999576,0
head_on,no_nominal_shaping_stbd_lobes,490,20.185663488417852,0,12.499999999999314,0
head_on,no_nominal_shaping_stbd_lobes,491,18.79260603109185,1,8.69999999999975,0
head_on,no_nominal_shaping_stbd_lobes,492,24.038969586926054,0,18.349999999998957,0
head_on,no_nominal_shaping_stbd_lobes,493,11.313425213763024,1,13.449999999999235,0
head_on,no_nominal_shaping_stbd_lobes,494,27.004742565511286,0,9.449999999999463,0
head_on,no_nominal_shaping_stbd_lobes,495,10.839557261269269,1,16.94999999999911,0
head_on,no_nominal_shaping_stbd_lobes,496,16.20267931409621,1,11.79999999999933,0
head_on,no_nominal_shaping_stbd_lobes,497,17.670705928220553,1,9.700000000000138,0
head_on,no_nominal_shaping_stbd_lobes,498,18.67340126975221,1,9.149999999999796,0
head_on,no_nominal_shaping_stbd_lobes,499,14.378658951934973,1,10.950000000000106,0
head_on,no_nominal_shaping_ot_flip,300,18.447342203345325,0,10.049999999999532,0
head_on,no_nominal_shaping_ot_flip,301,12.976276210376577,1,14.09999999999992,0
head_on,no_nominal_shaping_ot_flip,302,11.802517272134356,1,13.149999999999487,0
head_on,no_nominal_shaping_ot_flip,303,21.498577989401017,0,10.89999999999991,0
head_on,no_nominal_shaping_ot_flip,304,12.435483244536124,1,15.99999999999973,0
head_on,no_nominal_shaping_ot_flip,305,22.257620718675504,0,10.250000000000146,0
head_on,no_nominal_shaping_ot_flip,306,19.00878808703376,0,9.40000000000001,0
head_on,no_nominal_shaping_ot_flip,307,12.65184437954823,1,11.399999999999388,0
head_on,no_nominal_shaping_ot_flip,308,16.19382070782372,1,10.800000000000153,0
head_on,no_nominal_shaping_ot_flip,309,19.12419602382913,0,9.599999999999806,0
head_on,no_nominal_shaping_ot_flip,310,22.176246271021697,1,5.44999999999969,0
head_on,no_nominal_shaping_ot_flip,311,19.155687029378136,0,10.049999999999446,0
head_on,no_nominal_shaping_ot_flip,312,18.577909103158028,0,10.649999999999395,0
head_on,no_nominal_shaping_ot_flip,313,11.11065571207242,1,13.89999999999921,0
head_on,no_nominal_shaping_ot_flip,314,12.226580091663289,1,14.749999999999691,0
head_on,no_nominal_shaping_ot_flip,315,20.699381837890673,0,11.299999999999908,0
head_on,no_nominal_shaping_ot_flip,316,20.722458941770793,0,11.349999999999852,0
head_on,no_nominal_shaping_ot_flip,317,22.81462828243458,1,5.9999999999999325,0
head_on,no_nominal_shaping_ot_flip,318,18.209865374605165,1,9.049999999999592,0
head_on,no_nominal_shaping_ot_flip,319,22.8887236057654,1,7.800000000000111,0
head_on,no_nominal_shaping_ot_flip,320,15.1639507304512,1,9.599999999999959,0
head_on,no_nominal_shaping_ot_flip,321,40.77756535456813,0,0.0,0
head_on,no_nominal_shaping_ot_flip,322,13.726188070330217,1,10.599999999999397,0
head_on,no_nominal_shaping_ot_flip,323,16.411246035008183,1,13.249999999999247,0
head_on,no_nominal_shaping_ot_flip,324,19.566594701867352,1,7.099999999999596,0
head_on,no_nominal_shaping_ot_flip,325,13.3163492477507,1,10.89999999999965,0
head_on,no_nominal_shaping_ot_flip,326,18.955699254856597,0,9.400000000000016,0
head_on,no_nominal_shaping_ot_flip,327,10.795527961978573,1,13.54999999999923,0
head_on,no_nominal_shaping_ot_flip,328,11.650559500226858,1,12.949999999999264,0
head_on,no_nominal_shaping_ot_flip,329,10.64107806755618,1,18.599999999998943,0
head_on,no_nominal_shaping_ot_flip,330,20.903039408449963,0,9.29999999999956,0
head_on,no_nominal_shaping_ot_flip,331,16.606973137016816,1,11.59999999999934,0
head_on,no_nominal_shaping_ot_flip,332,14.228228609933035,1,11.40000000000012,0
head_on,no_nominal_shaping_ot_flip,333,17.297725846633693,1,10.749999999999527,0
head_on,no_nominal_shaping_ot_flip,334,14.351431346094943,1,9.89999999999949,0
head_on,no_nominal_shaping_ot_flip,335,13.950641149493425,1,12.100000000000119,0
head_on,no_nominal_shaping_ot_flip,336,24.934797356148994,1,0.0,0
head_on,no_nominal_shaping_ot_flip,337,20.585737287478782,1,9.450000000000134,0
head_on,no_nominal_shaping_ot_flip,338,22.717129594942172,1,6.399999999999995,0
head_on,no_nominal_shaping_ot_flip,339,31.351443954948053,1,0.0,0
head_on,no_nominal_shaping_ot_flip,340,18.99651205281044,0,9.399999999999913,0
head_on,no_nominal_shaping_ot_flip,341,17.118294475794567,0,10.349999999999458,0
head_on,no_nominal_shaping_ot_flip,342,12.624969685343814,1,15.299999999999809,0
head_on,no_nominal_shaping_ot_flip,343,25.01908833845309,0,8.950000000000127,0
head_on,no_nominal_shaping_ot_flip,344,23.22376412303373,0,7.999999999999922,0
head_on,no_nominal_shaping_ot_flip,345,22.18208601650296,1,5.599999999999724,0
head_on,no_nominal_shaping_ot_flip,346,18.906973155910165,0,9.949999999999548,0
head_on,no_nominal_shaping_ot_flip,347,14.089260248942036,1,11.150000000000038,0
head_on,no_nominal_shaping_ot_flip,348,10.214964708369651,1,17.649999999998997,0
head_on,no_nominal_shaping_ot_flip,349,17.63507272976372,1,8.450000000000038,0
head_on,no_nominal_shaping_ot_flip,350,18.341357632887465,1,8.649999999999508,0
head_on,no_nominal_shaping_ot_flip,351,19.451822005923418,0,13.949999999999207,0
head_on,no_nominal_shaping_ot_flip,352,28.242265364581574,0,0.0,0
head_on,no_nominal_shaping_ot_flip,353,15.325004955834784,1,9.599999999999998,0
head_on,no_nominal_shaping_ot_flip,354,12.55251054962696,1,13.04999999999977,0
head_on,no_nominal_shaping_ot_flip,355,21.97140590856736,1,7.250000000000103,0
head_on,no_nominal_shaping_ot_flip,356,16.93628088821593,1,10.099999999999426,0
head_on,no_nominal_shaping_ot_flip,357,15.07623365191936,1,11.750000000000167,0
head_on,no_nominal_shaping_ot_flip,358,10.958664939342917,1,14.699999999999164,0
head_on,no_nominal_shaping_ot_flip,359,15.465023775583019,1,9.550000000000033,0
head_on,no_nominal_shaping_ot_flip,360,11.150760700251235,1,15.549999999999283,0
head_on,no_nominal_shaping_ot_flip,361,23.006816258503072,0,6.549999999999656,0
head_on,no_nominal_shaping_ot_flip,362,11.229154448907584,1,13.749999999999218,0
head_on,no_nominal_shaping_ot_flip,363,15.802955804582215,0,17.04999999999903,0
head_on,no_nominal_shaping_ot_flip,364,17.431160583568467,0,10.249999999999577,0
head_on,no_nominal_shaping_ot_flip,365,10.044419179372372,1,15.099999999999142,0
head_on,no_nominal_shaping_ot_flip,366,15.088905483063844,1,9.900000000000027,0
head_on,no_nominal_shaping_ot_flip,367,23.705931354830934,0,7.149999999999906,0
head_on,no_nominal_shaping_ot_flip,368,21.01042767239496,0,12.049999999999315,0
head_on,no_nominal_shaping_ot_flip,369,40.13749681793046,0,0.0,0
head_on,no_nominal_shaping_ot_flip,370,16.94828345127841,1,9.15000000000013,0
head_on,no_nominal_shaping_ot_flip,371,21.821858979925672,0,10.450000000000077,0
head_on,no_nominal_shaping_ot_flip,372,28.144651749344682,1,4.350000000000062,0
head_on,no_nominal_shaping_ot_flip,373,19.028422503453505,0,9.399999999999984,0
head_on,no_nominal_shaping_ot_flip,374,25.457104815915102,0,8.700000000000124,0
head_on,no_nominal_shaping_ot_flip,375,14.384405079857213,1,10.550000000000018,0
head_on,no_nominal_shaping_ot_flip,376,15.7810324861987,1,9.199999999999477,0
head_on,no_nominal_shaping_ot_flip,377,21.67271597427943,0,10.849999999999884,0
head_on,no_nominal_shaping_ot_flip,378,13.67993177233164,1,10.749999999999822,0
head_on,no_nominal_shaping_ot_flip,379,29.107962084387555,0,0.0,0
head_on,no_nominal_shaping_ot_flip,380,18.323928139096843,0,9.949999999999594,0
head_on,no_nominal_shaping_ot_flip,381,12.869709759251291,1,12.099999999999788,0
head_on,no_nominal_shaping_ot_flip,382,18.19562973776794,1,9.94999999999979,0
head_on,no_nominal_shaping_ot_flip,383,20.790003171276396,0,11.74999999999961,0
head_on,no_nominal_shaping_ot_flip,384,24.369240118264972,0,0.0,0
head_on,no_nominal_shaping_ot_flip,385,17.901628678976635,0,10.349999999999412,0
head_on,no_nominal_shaping_ot_flip,386,10.671559854401725,1,15.149999999999139,0
head_on,no_nominal_shaping_ot_flip,387,11.57888397302378,1,17.949999999999374,0
head_on,no_nominal_shaping_ot_flip,388,10.93642305737247,1,14.399999999999181,0
head_on,no_nominal_shaping_ot_flip,389,10.494290991451571,1,15.399999999999125,0
head_on,no_nominal_shaping_ot_flip,390,21.03619231654526,0,11.499999999999591,0
head_on,no_nominal_shaping_ot_flip,391,21.827524364942267,0,9.099999999999806,0
head_on,no_nominal_shaping_ot_flip,392,11.506410301315636,0,15.99999999999909,0
head_on,no_nominal_shaping_ot_flip,393,15.156870321588858,1,9.599999999999948,0
head_on,no_nominal_shaping_ot_flip,394,13.940207938622462,1,10.249999999999709,0
head_on,no_nominal_shaping_ot_flip,395,21.321181877682243,1,6.9999999999998295,0
head_on,no_nominal_shaping_ot_flip,396,18.769742585209297,1,9.549999999999912,0
head_on,no_nominal_shaping_ot_flip,397,15.054702403727747,1,9.90000000000003,0
head_on,no_nominal_shaping_ot_flip,398,13.027094057697207,1,10.699999999999523,0
head_on,no_nominal_shaping_ot_flip,399,11.84250544115857,1,17.899999999999473,0
head_on,no_nominal_shaping_ot_flip,400,12.24636202137371,1,18.39999999999957,0
head_on,no_nominal_shaping_ot_flip,401,11.438500770933482,1,19.199999999999264,0
head_on,no_nominal_shaping_ot_flip,402,17.652492837975892,1,9.799999999999514,0
head_on,no_nominal_shaping_ot_flip,403,26.50623514773212,0,5.800000000000082,0
head_on,no_nominal_shaping_ot_flip,404,18.191074374218207,1,10.549999999999905,0
head_on,no_nominal_shaping_ot_flip,405,21.262360910826835,0,10.89999999999998,0
head_on,no_nominal_shaping_ot_flip,406,12.151398963064208,1,15.649999999999647,0
head_on,no_nominal_shaping_ot_flip,407,17.79629592878585,1,9.499999999999527,0
head_on,no_nominal_shaping_ot_flip,408,16.01758332963954,1,8.999999999999488,0
head_on,no_nominal_shaping_ot_flip,409,13.668954712010875,1,10.5499999999994,0
head_on,no_nominal_shaping_ot_flip,410,28.838550753258925,0,5.9500000000000846,0
head_on,no_nominal_shaping_ot_flip,411,21.80249283269033,0,10.550000000000047,0
head_on,no_nominal_shaping_ot_flip,412,21.96751490778232,0,10.400000000000148,0
head_on,no_nominal_shaping_ot_flip,413,11.307991027423562,1,12.649999999999281,0
head_on,no_nominal_shaping_ot_flip,414,12.14922098631188,1,15.149999999999658,0
head_on,no_nominal_shaping_ot_flip,415,19.43586130138292,1,7.649999999999565,0
head_on,no_nominal_shaping_ot_flip,416,13.352548575839164,1,10.999999999999766,0
head_on,no_nominal_shaping_ot_flip,417,17.132945059351606,1,10.049999999999429,0
head_on,no_nominal_shaping_ot_flip,418,11.925958322186801,1,19.349999999999422,0
head_on,no_nominal_shaping_ot_flip,419,11.395701068886813,1,13.399999999999238,0
head_on,no_nominal_shaping_ot_flip,420,17.970336604999446,1,10.549999999999812,0
head_on,no_nominal_shaping_ot_flip,421,15.17572077852097,1,9.549999999999457,0
head_on,no_nominal_shaping_ot_flip,422,15.597872740046325,1,9.249999999999822,0
head_on,no_nominal_shaping_ot_flip,423,18.240173999768295,1,8.40000000000012,0
head_on,no_nominal_shaping_ot_flip,424,13.056066151406739,1,10.699999999999395,0
head_on,no_nominal_shaping_ot_flip,425,12.829045322302907,1,12.099999999999778,0
head_on,no_nominal_shaping_ot_flip,426,22.686201831621318,0,10.050000000000143,0
head_on,no_nominal_shaping_ot_flip,427,17.26015588223372,1,9.15000000000013,0
head_on,no_nominal_shaping_ot_flip,428,13.264965957964195,1,11.349999999999827,0
head_on,no_nominal_shaping_ot_flip,429,15.534939025754014,1,9.249999999999659,0
head_on,no_nominal_shaping_ot_flip,430,18.402768170960268,1,10.199999999999918,0
head_on,no_nominal_shaping_ot_flip,431,21.816860040429216,0,10.89999999999954,0
head_on,no_nominal_shaping_ot_flip,432,16.908210392419715,1,10.5499999999994,0
head_on,no_nominal_shaping_ot_flip,433,31.639710732882953,0,0.0,0
head_on,no_nominal_shaping_ot_flip,434,23.576744998961736,0,9.550000000000093,0
head_on,no_nominal_shaping_ot_flip,435,20.48702162037749,0,10.44999999999964,0
head_on,no_nominal_shaping_ot_flip,436,12.985138583834072,1,14.699999999999918,0
head_on,no_nominal_shaping_ot_flip,437,22.05415178254504,0,10.649999999999668,0
head_on,no_nominal_shaping_ot_flip,438,15.518580849038688,1,10.050000000000143,0
head_on,no_nominal_shaping_ot_flip,439,12.107188983440013,1,16.09999999999962,0
head_on,no_nominal_shaping_ot_flip,440,12.232514119504522,1,13.699999999999687,0
head_on,no_nominal_shaping_ot_flip,441,33.237304097889115,1,0.0,0
head_on,no_nominal_shaping_ot_flip,442,17.586564617007223,1,8.600000000000119,0
head_on,no_nominal_shaping_ot_flip,443,13.270645808265694,1,10.849999999999632,0
head_on,no_nominal_shaping_ot_flip,444,13.449882568358948,1,10.899999999999782,0
head_on,no_nominal_shaping_ot_flip,445,19.90049592450832,0,12.349999999999532,0
head_on,no_nominal_shaping_ot_flip,446,12.094873260818913,1,14.999999999999147,0
head_on,no_nominal_shaping_ot_flip,447,18.229657868183576,1,8.300000000000072,0
head_on,no_nominal_shaping_ot_flip,448,18.499273512984967,1,9.999999999999908,0
head_on,no_nominal_shaping_ot_flip,449,17.834042004614183,1,8.350000000000058,0
head_on,no_nominal_shaping_ot_flip,450,48.47768785043618,0,0.0,0
head_on,no_nominal_shaping_ot_flip,451,22.53243832849478,0,8.249999999999837,0
head_on,no_nominal_shaping_ot_flip,452,20.0401705042747,1,9.20000000000013,0
head_on,no_nominal_shaping_ot_flip,453,19.156264852291415,1,10.200000000000145,0
head_on,no_nominal_shaping_ot_flip,454,14.965279560780301,1,10.950000000000156,0
head_on,no_nominal_shaping_ot_flip,455,14.0159427325003,1,10.099999999999426,0
head_on,no_nominal_shaping_ot_flip,456,9.799001599509408,1,16.84999999999905,0
head_on,no_nominal_shaping_ot_flip,457,57.42107791728948,0,0.0,0
head_on,no_nominal_shaping_ot_flip,458,21.889322186895562,1,6.999999999999989,0
head_on,no_nominal_shaping_ot_flip,459,12.009232601215734,1,12.34999999999945,0
head_on,no_nominal_shaping_ot_flip,460,14.064563295244279,1,12.450000000000163,0
head_on,no_nominal_shaping_ot_flip,461,16.469821894774306,0,17.39999999999901,0
head_on,no_nominal_shaping_ot_flip,462,11.260590771783129,1,17.049999999999287,0
head_on,no_nominal_shaping_ot_flip,463,24.121950204250886,0,9.300000000000132,0
head_on,no_nominal_shaping_ot_flip,464,14.635993645024808,1,10.900000000000151,0
head_on,no_nominal_shaping_ot_flip,465,12.296782233396076,1,16.049999999999685,0
head_on,no_nominal_shaping_ot_flip,466,17.253155759750136,0,10.099999999999643,0
head_on,no_nominal_shaping_ot_flip,467,18.830608743124362,1,10.250000000000082,0
head_on,no_nominal_shaping_ot_flip,468,16.4120683871206,1,8.849999999999795,0
head_on,no_nominal_shaping_ot_flip,469,14.863430717910786,1,10.200000000000063,0
head_on,no_nominal_shaping_ot_flip,470,18.097713632900774,1,10.149999999999803,0
head_on,no_nominal_shaping_ot_flip,471,17.197169125540015,1,10.999999999999549,0
head_on,no_nominal_shaping_ot_flip,472,12.452329616233342,1,13.89999999999921,0
head_on,no_nominal_shaping_ot_flip,473,18.105872136772057,0,9.649999999999913,0
head_on,no_nominal_shaping_ot_flip,474,21.260596422725822,0,11.199999999999747,0
head_on,no_nominal_shaping_ot_flip,475,39.062584123423974,1,0.0,0
head_on,no_nominal_shaping_ot_flip,476,23.257948459785418,0,9.749999999999744,0
head_on,no_nominal_shaping_ot_flip,477,16.011072922237116,1,9.049999999999486,0
head_on,no_nominal_shaping_ot_flip,478,13.215870715191555,1,10.849999999999532,0
head_on,no_nominal_shaping_ot_flip,479,16.59718524939006,1,10.999999999999375,0
head_on,no_nominal_shaping_ot_flip,480,26.59414701199427,1,4.0500000000000576,0
head_on,no_nominal_shaping_ot_flip,481,14.963842654564232,1,9.599999999999454,0
head_on,no_nominal_shaping_ot_flip,482,21.576693318390237,1,6.3999999999997215,0
head_on,no_nominal_shaping_ot_flip,483,35.16826339525751,0,0.0,0
head_on,no_nominal_shaping_ot_flip,484,11.546343422693283,1,13.39999999999937,0
head_on,no_nominal_shaping_ot_flip,485,36.79465108145281,1,0.0,0
head_on,no_nominal_shaping_ot_flip,486,15.198749194682659,1,10.10000000000013,0
head_on,no_nominal_shaping_ot_flip,487,10.489601893373157,1,13.399999999999238,0
head_on,no_nominal_shaping_ot_flip,488,19.230698371809098,1,9.800000000000107,0
head_on,no_nominal_shaping_ot_flip,489,20.967775871567415,0,11.599999999999564,0
head_on,no_nominal_shaping_ot_flip,490,20.114289376330134,0,12.799999999999297,0
head_on,no_nominal_shaping_ot_flip,491,18.79260603109185,1,8.69999999999975,0
head_on,no_nominal_shaping_ot_flip,492,16.917349463621193,0,14.749999999999162,0
head_on,no_nominal_shaping_ot_flip,493,11.313425213763024,1,13.449999999999235,0
head_on,no_nominal_shaping_ot_flip,494,23.6895112327919,0,0.0,0
head_on,no_nominal_shaping_ot_flip,495,10.839557261269269,1,16.94999999999911,0
head_on,no_nominal_shaping_ot_flip,496,16.20267931409621,1,11.79999999999933,0
head_on,no_nominal_shaping_ot_flip,497,17.670705928220553,1,9.700000000000138,0
head_on,no_nominal_shaping_ot_flip,498,18.67340126975221,1,9.149999999999796,0
head_on,no_nominal_shaping_ot_flip,499,14.378658951934973,1,10.950000000000106,0
crossing_give_way,full,300,29.67401623292563,1,30.599999999999483,0
crossing_give_way,full,301,25.918907531021944,1,20.200000000000287,0
crossing_give_way,full,302,23.97245914064624,1,28.499999999999787,0
crossing_give_way,full,303,37.34120785554497,1,23.850000000000072,0
crossing_give_way,full,304,24.81674298726064,1,21.650000000000308,0
crossing_give_way,full,305,26.193383168458364,1,19.75000000000028,0
crossing_give_way,full,306,23.92280723447548,1,23.05000000000023,0
crossing_give_way,full,307,20.5304364836013,1,29.249999999999655,0
crossing_give_way,full,308,34.09682424612012,1,15.35000000000021,0
crossing_give_way,full,309,22.524746773901505,1,26.44999999999996,0
crossing_give_way,full,310,33.96252947569494,1,29.699999999999687,0
crossing_give_way,full,311,20.511222399465865,1,29.949999999999537,0
crossing_give_way,full,312,17.06160904396269,1,36.04999999999905,0
crossing_give_way,full,313,19.05127626428249,1,33.999999999999304,0
crossing_give_way,full,314,25.858192847191614,1,23.100000000000193,0
crossing_give_way,full,315,32.812992141443594,1,23.40000000000014,0
crossing_give_way,full,316,51.33369019436584,1,27.499999999999723,0
crossing_give_way,full,317,37.123941618447205,1,25.750000000000025,0
crossing_give_way,full,318,33.25717078456197,1,30.349999999999625,0
crossing_give_way,full,319,56.54917297407423,1,16.650000000000237,0
crossing_give_way,full,320,31.47240967149645,1,23.750000000000167,0
crossing_give_way,full,321,45.22210984209838,1,24.949999999999932,0
crossing_give_way,full,322,14.733311113187165,1,40.74999999999889,0
crossing_give_way,full,323,14.700621847353888,1,43.54999999999853,0
crossing_give_way,full,324,18.69793527102575,1,31.699999999999473,0
crossing_give_way,full,325,30.39353079784238,1,29.149999999999686,0
crossing_give_way,full,326,35.98629010007762,1,24.050000000000104,0
crossing_give_way,full,327,14.882633489392079,1,39.949999999998795,0
crossing_give_way,full,328,16.50414461211944,1,43.74999999999857,0
crossing_give_way,full,329,20.428787213533575,1,33.8999999999994,0
crossing_give_way,full,330,23.268641879663924,1,29.94999999999959,0
crossing_give_way,full,331,24.79542352635182,1,32.74999999999936,0
crossing_give_way,full,332,41.374895789439094,1,20.050000000000285,0
crossing_give_way,full,333,26.042061462254456,1,29.89999999999968,0
crossing_give_way,full,334,20.852285882713037,1,31.54999999999957,0
crossing_give_way,full,335,60.04777564768596,1,19.850000000000282,0
crossing_give_way,full,336,21.00450262282594,1,26.90000000000004,0
crossing_give_way,full,337,46.05661374584442,1,17.60000000000025,0
crossing_give_way,full,338,44.150519949307565,1,25.600000000000037,0
crossing_give_way,full,339,45.0382204091583,1,16.400000000000233,0
crossing_give_way,full,340,27.742360857059655,1,24.5000000000001,0
crossing_give_way,full,341,25.728359805940517,1,30.749999999999485,0
crossing_give_way,full,342,66.36778313038533,1,23.99999999999984,0
crossing_give_way,full,343,35.66694504446525,1,18.25000000000026,0
crossing_give_way,full,344,40.892116864893154,1,26.599999999999834,0
crossing_give_way,full,345,21.44235584553893,1,27.89999999999994,0
crossing_give_way,full,346,31.46021531040357,1,32.549999999999365,0
crossing_give_way,full,347,60.27609527518207,1,22.950000000000024,0
crossing_give_way,full,348,16.31014137202958,1,36.64999999999902,0
crossing_give_way,full,349,41.28084306647139,1,24.50000000000008,0
crossing_give_way,full,350,21.90153093485441,1,48.099999999998374,0
crossing_give_way,full,351,18.264455829210153,1,33.64999999999927,0
crossing_give_way,full,352,17.609390566174365,0,27.149999999999796,0
crossing_give_way,full,353,31.392732611157957,1,23.250000000000213,0
crossing_give_way,full,354,33.05151794126305,1,24.600000000000062,0
crossing_give_way,full,355,44.15424449288037,1,20.750000000000295,0
crossing_give_way,full,356,19.42881685579789,1,32.74999999999943,0
crossing_give_way,full,357,29.472488019434284,1,15.400000000000219,0
crossing_give_way,full,358,20.242867803071093,1,30.549999999999564,0
crossing_give_way,full,359,25.426851092519836,1,21.950000000000312,0
crossing_give_way,full,360,21.565033347949605,1,29.69999999999968,0
crossing_give_way,full,361,39.432934257191825,1,31.3999999999994,0
crossing_give_way,full,362,19.095313334895433,1,40.29999999999892,0
crossing_give_way,full,363,18.66768598611594,0,43.599999999998346,0
crossing_give_way,full,364,21.426903724148445,1,30.099999999999632,0
crossing_give_way,full,365,17.82187834514469,0,36.5999999999986,0
crossing_give_way,full,366,44.401501327605416,1,23.700000000000106,0
crossing_give_way,full,367,57.97977988693601,1,29.69999999999942,0
crossing_give_way,full,368,19.632310921223972,1,33.149999999999295,0
crossing_give_way,full,369,112.78337056551544,0,0.0,0
crossing_give_way,full,370,24.136543186193098,1,18.90000000000027,0
crossing_give_way,full,371,42.26417869029773,1,21.450000000000305,0
crossing_give_way,full,372,47.245750648268064,1,17.400000000000247,0
crossing_give_way,full,373,24.133977297736195,1,23.400000000000208,0
crossing_give_way,full,374,58.765049054818405,1,19.450000000000276,0
crossing_give_way,full,375,25.203097211268275,1,21.600000000000307,0
crossing_give_way,full,376,15.80396090187414,1,39.699999999998866,0
crossing_give_way,full,377,49.86274418937618,1,27.099999999999778,0
crossing_give_way,full,378,41.596989091735495,1,27.499999999999826,0
crossing_give_way,full,379,46.26993301702346,1,28.14999999999968,0
crossing_give_way,full,380,31.99883768000061,1,31.799999999999475,0
crossing_give_way,full,381,24.800755548465247,1,23.650000000000134,0
crossing_give_way,full,382,22.81944988188561,1,25.250000000000103,0
crossing_give_way,full,383,51.82174134013834,1,58.69999999999749,0
crossing_give_way,full,384,27.166782355635558,1,33.19999999999921,0
crossing_give_way,full,385,20.350089212350234,1,31.749999999999417,0
crossing_give_way,full,386,18.105666829952707,1,34.04999999999926,0
crossing_give_way,full,387,23.69463671814754,1,25.250000000000032,0
crossing_give_way,full,388,19.497102072476796,1,32.549999999999415,0
crossing_give_way,full,389,18.7508526022445,1,37.699999999999044,0
crossing_give_way,full,390,32.78026315613728,1,29.34999999999969,0
crossing_give_way,full,391,22.79206699644686,1,25.55000000000003,0
crossing_give_way,full,392,23.691828384612336,1,30.9999999999995,0
crossing_give_way,full,393,30.65941248519359,1,24.150000000000116,0
crossing_give_way,full,394,22.92417835004159,1,26.749999999999936,0
crossing_give_way,full,395,51.77609720802446,1,29.949999999999513,0
crossing_give_way,full,396,28.126081342429593,1,23.45000000000022,0
crossing_give_way,full,397,23.729148792744443,1,22.45000000000032,0
crossing_give_way,full,398,34.639063869084865,1,33.049999999999386,0
crossing_give_way,full,399,28.85341171687874,1,24.2500000000001,0
crossing_give_way,full,400,48.83470927625469,1,24.100000000000044,0
crossing_give_way,full,401,38.339725258752125,1,29.399999999999658,0
crossing_give_way,full,402,26.047862345388445,1,28.049999999999784,0
crossing_give_way,full,403,41.613844420721634,1,21.750000000000238,0
crossing_give_way,full,404,38.98837702594593,1,24.65000000000008,0
crossing_give_way,full,405,50.54883137352486,1,24.35000000000002,0
crossing_give_way,full,406,32.71653513528073,1,23.75000000000015,0
crossing_give_way,full,407,21.503447144084937,1,29.849999999999746,0
crossing_give_way,full,408,17.448061581853306,1,33.79999999999929,0
crossing_give_way,full,409,16.36065706788831,1,35.149999999999125,0
crossing_give_way,full,410,50.007600722636106,1,16.750000000000238,0
crossing_give_way,full,411,46.51789901426026,1,22.550000000000182,0
crossing_give_way,full,412,36.97318257981476,1,18.550000000000264,0
crossing_give_way,full,413,15.170032977887727,1,37.24999999999898,0
crossing_give_way,full,414,24.894380413315133,1,23.200000000000188,0
crossing_give_way,full,415,22.260661883886158,1,31.34999999999952,0
crossing_give_way,full,416,38.895433003814915,1,28.399999999999785,0
crossing_give_way,full,417,20.305341138433537,1,33.599999999999454,0
crossing_give_way,full,418,23.2012312895872,1,23.750000000000192,0
crossing_give_way,full,419,16.861538327634864,1,34.99999999999915,0
crossing_give_way,full,420,43.769385229554054,1,27.39999999999984,0
crossing_give_way,full,421,17.74155614955453,1,35.699999999999164,0
crossing_give_way,full,422,34.051084117879554,1,27.54999999999983,0
crossing_give_way,full,423,64.71336603930911,1,21.850000000000097,0
crossing_give_way,full,424,26.93858886174597,1,31.84999999999943,0
crossing_give_way,full,425,44.3090510609211,1,27.99999999999975,0
crossing_give_way,full,426,46.40864545945902,1,19.450000000000276,0
crossing_give_way,full,427,27.17106949385916,1,17.350000000000247,0
crossing_give_way,full,428,25.104449852983276,1,23.750000000000185,0
crossing_give_way,full,429,24.37631132525969,1,28.949999999999747,0
crossing_give_way,full,430,23.436405875962933,1,23.200000000000273,0
crossing_give_way,full,431,24.8521030545066,1,29.749999999999613,0
crossing_give_way,full,432,20.341241149684162,1,33.54999999999943,0
crossing_give_way,full,433,60.40670960617132,1,21.350000000000104,0
crossing_give_way,full,434,38.7332042119769,1,21.450000000000305,0
crossing_give_way,full,435,24.603228676896535,1,27.69999999999982,0
crossing_give_way,full,436,26.136088478776166,1,19.75000000000028,0
crossing_give_way,full,437,29.537186890347666,1,27.999999999999766,0
crossing_give_way,full,438,26.382354769285193,1,19.500000000000277,0
crossing_give_way,full,439,48.82203415547433,1,25.749999999999897,0
crossing_give_way,full,440,28.882292115295442,1,24.600000000000083,0
crossing_give_way,full,441,36.76253622218769,1,18.25000000000026,0
crossing_give_way,full,442,35.94134250588217,1,22.100000000000303,0
crossing_give_way,full,443,22.272290838097526,1,27.899999999999856,0
crossing_give_way,full,444,45.14320025078182,1,29.1499999999997,0
crossing_give_way,full,445,33.34586984352694,1,30.449999999999594,0
crossing_give_way,full,446,15.70852701943819,1,45.14999999999843,0
crossing_give_way,full,447,43.96278383683102,1,24.15000000000011,0
crossing_give_way,full,448,38.18292812400818,1,24.800000000000075,0
crossing_give_way,full,449,38.615400312049914,1,23.850000000000158,0
crossing_give_way,full,450,55.76788128648708,1,19.350000000000275,0
crossing_give_way,full,451,23.586732288748692,1,25.10000000000002,0
crossing_give_way,full,452,24.21726045681958,1,19.10000000000027,0
crossing_give_way,full,453,62.10372942262379,1,20.850000000000232,0
crossing_give_way,full,454,27.933912210823905,1,16.95000000000024,0
crossing_give_way,full,455,20.193919421661327,1,32.5999999999994,0
crossing_give_way,full,456,95.72180520028336,0,0.0,0
crossing_give_way,full,457,113.54126342435565,0,0.0,0
crossing_give_way,full,458,32.17411624699501,1,23.800000000000153,0
crossing_give_way,full,459,28.874798819971186,1,29.049999999999667,0
crossing_give_way,full,460,45.22892403546295,1,18.40000000000026,0
crossing_give_way,full,461,14.540074515142173,1,44.49999999999838,0
crossing_give_way,full,462,27.231124081945268,1,28.949999999999722,0
crossing_give_way,full,463,58.88744027907315,1,21.650000000000137,0
crossing_give_way,full,464,33.57415885896267,1,19.60000000000028,0
crossing_give_way,full,465,24.7122117371927,1,22.300000000000303,0
crossing_give_way,full,466,22.01907033886037,1,28.549999999999734,0
crossing_give_way,full,467,40.55413251079371,1,21.450000000000305,0
crossing_give_way,full,468,35.316126285654356,1,29.449999999999722,0
crossing_give_way,full,469,41.38901780132693,1,22.450000000000234,0
crossing_give_way,full,470,42.8950356236799,1,28.249999999999755,0
crossing_give_way,full,471,22.602943862272994,1,28.3499999999998,0
crossing_give_way,full,472,14.594778732146422,1,43.799999999998455,0
crossing_give_way,full,473,39.856449665233,1,26.249999999999904,0
crossing_give_way,full,474,35.3663153638451,1,26.799999999999848,0
crossing_give_way,full,475,22.25653943279976,1,27.150000000000016,0
crossing_give_way,full,476,45.5502908807608,1,29.199999999999545,0
crossing_give_way,full,477,14.86606353278168,1,39.79999999999882,0
crossing_give_way,full,478,21.58510686543874,1,29.649999999999686,0
crossing_give_way,full,479,22.125002185966792,1,41.54999999999883,0
crossing_give_way,full,480,32.947402308714516,1,19.80000000000028,0
crossing_give_way,full,481,19.54026090796013,1,34.499999999999226,0
crossing_give_way,full,482,29.650534924629167,1,28.54999999999983,0
crossing_give_way,full,483,22.08640354974302,1,28.549999999999674,0
crossing_give_way,full,484,21.28351121739437,1,30.199999999999633,0
crossing_give_way,full,485,24.978617341774786,1,18.70000000000026,0
crossing_give_way,full,486,26.777667966079076,1,20.150000000000286,0
crossing_give_way,full,487,14.597354671562723,1,46.64999999999824,0
crossing_give_way,full,488,40.02668978013311,1,21.1500000000003,0
crossing_give_way,full,489,42.734589295689574,1,32.39999999999937,0
crossing_give_way,full,490,31.015035897580443,1,34.94999999999919,0
crossing_give_way,full,491,33.31309554462993,1,27.849999999999834,0
crossing_give_way,full,492,15.110643580975905,1,45.04999999999832,0
crossing_give_way,full,493,19.879581988780643,1,35.74999999999924,0
crossing_give_way,full,494,18.446398674225776,1,34.44999999999915,0
crossing_give_way,full,495,21.173498752852705,1,31.499999999999606,0
crossing_give_way,full,496,18.876247931040627,1,41.199999999998774,0
crossing_give_way,full,497,29.8076111104183,1,15.250000000000204,0
crossing_give_way,full,498,23.34450467229549,1,25.25000000000008,0
crossing_give_way,full,499,33.75247106334547,1,20.30000000000029,0
crossing_give_way,no_direction,300,29.67401623292563,1,30.599999999999483,0
crossing_give_way,no_direction,301,23.35696237551179,1,19.80000000000028,0
crossing_give_way,no_direction,302,23.97245914064624,1,28.499999999999787,0
crossing_give_way,no_direction,303,37.34120785554497,1,23.850000000000072,0
crossing_give_way,no_direction,304,21.557091534173633,1,21.1500000000003,0
crossing_give_way,no_direction,305,23.820791308741832,1,18.25000000000026,0
crossing_give_way,no_direction,306,20.041393794690826,1,22.500000000000263,0
crossing_give_way,no_direction,307,20.09085727352283,1,29.099999999999664,0
crossing_give_way,no_direction,308,34.09682424612012,1,15.35000000000021,0
crossing_give_way,no_direction,309,17.657173338493696,1,25.650000000000006,0
crossing_give_way,no_direction,310,33.96252947569494,1,29.699999999999687,0
crossing_give_way,no_direction,311,20.511222399465865,1,29.949999999999537,0
crossing_give_way,no_direction,312,15.180169004020463,1,34.44999999999914,0
crossing_give_way,no_direction,313,15.38910151728041,1,32.399999999999395,0
crossing_give_way,no_direction,314,25.858192847191614,1,23.100000000000193,0
crossing_give_way,no_direction,315,32.812992141443594,1,23.40000000000014,0
crossing_give_way,no_direction,316,51.33369019436584,1,27.499999999999723,0
crossing_give_way,no_direction,317,37.123941618447205,1,25.750000000000025,0
crossing_give_way,no_direction,318,33.25717078456197,1,30.349999999999625,0
crossing_give_way,no_direction,319,56.54917297407423,1,16.650000000000237,0
crossing_give_way,no_direction,320,31.47240967149645,1,23.750000000000167,0
crossing_give_way,no_direction,321,45.22210984209838,1,24.949999999999932,0
crossing_give_way,no_direction,322,14.911406943470993,1,42.599999999998786,0
crossing_give_way,no_direction,323,13.721530662010057,1,39.999999999998735,0
crossing_give_way,no_direction,324,18.483969504383076,1,31.59999999999948,0
crossing_give_way,no_direction,325,30.39353079784238,1,29.149999999999686,0
crossing_give_way,no_direction,326,35.98629010007762,1,24.050000000000104,0
crossing_give_way,no_direction,327,14.491164521513257,1,42.19999999999867,0
crossing_give_way,no_direction,328,17.19934242250448,1,44.049999999998555,0
crossing_give_way,no_direction,329,14.651509598059157,1,32.49999999999948,0
crossing_give_way,no_direction,330,23.268641879663924,1,29.94999999999959,0
crossing_give_way,no_direction,331,24.79542352635182,1,32.74999999999936,0
crossing_give_way,no_direction,332,41.374895789439094,1,20.050000000000285,0
crossing_give_way,no_direction,333,26.042061462254456,1,29.89999999999968,0
crossing_give_way,no_direction,334,17.051001470937084,1,30.14999999999965,0
crossing_give_way,no_direction,335,60.04777564768596,1,19.850000000000282,0
crossing_give_way,no_direction,336,15.283217066531924,1,26.75000000000005,0
crossing_give_way,no_direction,337,46.05661374584442,1,17.60000000000025,0
crossing_give_way,no_direction,338,44.150519949307565,1,25.600000000000037,0
crossing_give_way,no_direction,339,45.0382204091583,1,16.400000000000233,0
crossing_give_way,no_direction,340,27.742360857059655,1,24.5000000000001,0
crossing_give_way,no_direction,341,25.728359805940517,1,30.749999999999485,0
crossing_give_way,no_direction,342,66.36778313038533,1,23.99999999999984,0
crossing_give_way,no_direction,343,35.66694504446525,1,18.25000000000026,0
crossing_give_way,no_direction,344,40.892116864893154,1,26.599999999999834,0
crossing_give_way,no_direction,345,15.65227402394051,1,27.24999999999998,0
crossing_give_way,no_direction,346,31.46021531040357,1,32.549999999999365,0
crossing_give_way,no_direction,347,60.27609527518207,1,22.950000000000024,0
crossing_give_way,no_direction,348,15.216216226624908,1,35.39999999999909,0
crossing_give_way,no_direction,349,41.28084306647139,1,24.50000000000008,0
crossing_give_way,no_direction,350,21.90153093485441,1,48.099999999998374,0
crossing_give_way,no_direction,351,16.326292011367688,1,32.54999999999933,0
crossing_give_way,no_direction,352,13.5902474452733,1,31.899999999999526,0
crossing_give_way,no_direction,353,31.392732611157957,1,23.250000000000213,0
crossing_give_way,no_direction,354,33.05151794126305,1,24.600000000000062,0
crossing_give_way,no_direction,355,44.15424449288037,1,20.750000000000295,0
crossing_give_way,no_direction,356,15.714321868354297,1,31.249999999999517,0
crossing_give_way,no_direction,357,29.055460478191073,1,15.350000000000218,0
crossing_give_way,no_direction,358,17.31656610790614,1,29.39999999999963,0
crossing_give_way,no_direction,359,24.840450111588527,1,21.80000000000031,0
crossing_give_way,no_direction,360,19.317787886128972,1,28.749999999999734,0
crossing_give_way,no_direction,361,39.432934257191825,1,31.3999999999994,0
crossing_give_way,no_direction,362,13.803634605216407,1,36.34999999999914,0
crossing_give_way,no_direction,363,11.886671854010721,1,48.19999999999809,0
crossing_give_way,no_direction,364,18.408458567590674,1,28.799999999999706,0
crossing_give_way,no_direction,365,11.632812425360623,1,55.649999999997526,0
crossing_give_way,no_direction,366,44.401501327605416,1,23.700000000000106,0
crossing_give_way,no_direction,367,57.97977988693601,1,29.69999999999942,0
crossing_give_way,no_direction,368,15.140783735186373,1,31.649999999999384,0
crossing_give_way,no_direction,369,112.78337056551544,0,0.0,0
crossing_give_way,no_direction,370,19.162952551652065,1,18.90000000000027,0
crossing_give_way,no_direction,371,42.26417869029773,1,21.450000000000305,0
crossing_give_way,no_direction,372,47.245750648268064,1,17.400000000000247,0
crossing_give_way,no_direction,373,21.075586615636297,1,22.800000000000242,0
crossing_give_way,no_direction,374,58.765049054818405,1,19.450000000000276,0
crossing_give_way,no_direction,375,23.522155766903428,1,21.1500000000003,0
crossing_give_way,no_direction,376,14.185145011521243,1,37.64999999999898,0
crossing_give_way,no_direction,377,49.86274418937618,1,27.099999999999778,0
crossing_give_way,no_direction,378,41.596989091735495,1,27.499999999999826,0
crossing_give_way,no_direction,379,46.26993301702346,1,28.14999999999968,0
crossing_give_way,no_direction,380,31.99883768000061,1,31.799999999999475,0
crossing_give_way,no_direction,381,24.57490547477328,1,23.600000000000136,0
crossing_give_way,no_direction,382,18.223429304405595,1,24.550000000000143,0
crossing_give_way,no_direction,383,51.82174134013834,1,58.69999999999749,0
crossing_give_way,no_direction,384,27.166782355635558,1,33.19999999999921,0
crossing_give_way,no_direction,385,20.350089212350234,1,31.749999999999417,0
crossing_give_way,no_direction,386,16.099237970261193,1,32.849999999999326,0
crossing_give_way,no_direction,387,22.961549315914457,1,25.000000000000046,0
crossing_give_way,no_direction,388,16.289613954486413,1,31.0499999999995,0
crossing_give_way,no_direction,389,13.991708538665115,1,35.899999999999146,0
crossing_give_way,no_direction,390,32.78026315613728,1,29.34999999999969,0
crossing_give_way,no_direction,391,17.974565228871754,1,24.80000000000007,0
crossing_give_way,no_direction,392,23.691828384612336,1,30.9999999999995,0
crossing_give_way,no_direction,393,30.65941248519359,1,24.150000000000116,0
crossing_give_way,no_direction,394,22.219879345373354,1,26.49999999999995,0
crossing_give_way,no_direction,395,51.77609720802446,1,29.949999999999513,0
crossing_give_way,no_direction,396,28.126081342429593,1,23.45000000000022,0
crossing_give_way,no_direction,397,19.20387267864453,1,21.950000000000312,0
crossing_give_way,no_direction,398,34.639063869084865,1,33.049999999999386,0
crossing_give_way,no_direction,399,28.85341171687874,1,24.2500000000001,0
crossing_give_way,no_direction,400,48.83470927625469,1,24.100000000000044,0
crossing_give_way,no_direction,401,38.339725258752125,1,29.399999999999658,0
crossing_give_way,no_direction,402,26.047862345388445,1,28.049999999999784,0
crossing_give_way,no_direction,403,41.613844420721634,1,21.750000000000238,0
crossing_give_way,no_direction,404,38.98837702594593,1,24.65000000000008,0
crossing_give_way,no_direction,405,50.54883137352486,1,24.35000000000002,0
crossing_give_way,no_direction,406,32.71653513528073,1,23.75000000000015,0
crossing_give_way,no_direction,407,16.574578306590546,1,28.649999999999814,0
crossing_give_way,no_direction,408,17.047373390761596,1,33.44999999999931,0
crossing_give_way,no_direction,409,16.993434880389575,1,35.19999999999912,0
crossing_give_way,no_direction,410,50.007600722636106,1,16.750000000000238,0
crossing_give_way,no_direction,411,46.51789901426026,1,22.550000000000182,0
crossing_give_way,no_direction,412,36.97318257981476,1,18.550000000000264,0
crossing_give_way,no_direction,413,15.94043248923913,1,37.04999999999899,0
crossing_give_way,no_direction,414,24.47961554286999,1,23.100000000000193,0
crossing_give_way,no_direction,415,22.260661883886158,1,31.34999999999952,0
crossing_give_way,no_direction,416,38.895433003814915,1,28.399999999999785,0
crossing_give_way,no_direction,417,15.597502903934773,1,31.89999999999955,0
crossing_give_way,no_direction,418,18.47696537138506,1,23.150000000000226,0
crossing_give_way,no_direction,419,16.162318919781075,1,34.29999999999919,0
crossing_give_way,no_direction,420,43.769385229554054,1,27.39999999999984,0
crossing_give_way,no_direction,421,15.030902441845774,1,33.84999999999927,0
crossing_give_way,no_direction,422,34.051084117879554,1,27.54999999999983,0
crossing_give_way,no_direction,423,64.71336603930911,1,21.850000000000097,0
crossing_give_way,no_direction,424,26.93858886174597,1,31.84999999999943,0
crossing_give_way,no_direction,425,44.3090510609211,1,27.99999999999975,0
crossing_give_way,no_direction,426,46.40864545945902,1,19.450000000000276,0
crossing_give_way,no_direction,427,25.10673823951382,1,17.050000000000242,0
crossing_give_way,no_direction,428,25.104449852983276,1,23.750000000000185,0
crossing_give_way,no_direction,429,24.37631132525969,1,28.949999999999747,0
crossing_give_way,no_direction,430,18.89498280171696,1,22.650000000000304,0
crossing_give_way,no_direction,431,24.8521030545066,1,29.749999999999613,0
crossing_give_way,no_direction,432,15.4006604925584,1,31.89999999999952,0
crossing_give_way,no_direction,433,60.40670960617132,1,21.350000000000104,0
crossing_give_way,no_direction,434,38.7332042119769,1,21.450000000000305,0
crossing_give_way,no_direction,435,24.603228676896535,1,27.69999999999982,0
crossing_give_way,no_direction,436,23.612189386659892,1,19.400000000000276,0
crossing_give_way,no_direction,437,29.537186890347666,1,27.999999999999766,0
crossing_give_way,no_direction,438,24.60013709873312,1,17.950000000000255,0
crossing_give_way,no_direction,439,48.82203415547433,1,25.749999999999897,0
crossing_give_way,no_direction,440,28.882292115295442,1,24.600000000000083,0
crossing_give_way,no_direction,441,36.76253622218769,1,18.25000000000026,0
crossing_give_way,no_direction,442,35.94134250588217,1,22.100000000000303,0
crossing_give_way,no_direction,443,19.877133557445315,1,26.94999999999991,0
crossing_give_way,no_direction,444,45.14320025078182,1,29.1499999999997,0
crossing_give_way,no_direction,445,33.34586984352694,1,30.449999999999594,0
crossing_give_way,no_direction,446,13.418171578359825,1,41.74999999999862,0
crossing_give_way,no_direction,447,43.96278383683102,1,24.15000000000011,0
crossing_give_way,no_direction,448,38.18292812400818,1,24.800000000000075,0
crossing_give_way,no_direction,449,38.615400312049914,1,23.850000000000158,0
crossing_give_way,no_direction,450,55.76788128648708,1,19.350000000000275,0
crossing_give_way,no_direction,451,22.0094726953309,1,24.55000000000005,0
crossing_give_way,no_direction,452,19.468623381771966,1,19.00000000000027,0
crossing_give_way,no_direction,453,62.10372942262379,1,20.850000000000232,0
crossing_give_way,no_direction,454,27.35869457411698,1,16.85000000000024,0
crossing_give_way,no_direction,455,20.193919421661327,1,32.5999999999994,0
crossing_give_way,no_direction,456,95.72180520028336,0,0.0,0
crossing_give_way,no_direction,457,113.54126342435565,0,0.0,0
crossing_give_way,no_direction,458,32.17411624699501,1,23.800000000000153,0
crossing_give_way,no_direction,459,28.874798819971186,1,29.049999999999667,0
crossing_give_way,no_direction,460,45.22892403546295,1,18.40000000000026,0
crossing_give_way,no_direction,461,13.802995917973737,1,40.49999999999861,0
crossing_give_way,no_direction,462,27.231124081945268,1,28.949999999999722,0
crossing_give_way,no_direction,463,58.88744027907315,1,21.650000000000137,0
crossing_give_way,no_direction,464,33.57415885896267,1,19.60000000000028,0
crossing_give_way,no_direction,465,22.390829107665713,1,21.650000000000308,0
crossing_give_way,no_direction,466,20.92386299154604,1,28.149999999999757,0
crossing_give_way,no_direction,467,40.55413251079371,1,21.450000000000305,0
crossing_give_way,no_direction,468,35.316126285654356,1,29.449999999999722,0
crossing_give_way,no_direction,469,41.38901780132693,1,22.450000000000234,0
crossing_give_way,no_direction,470,42.8950356236799,1,28.249999999999755,0
crossing_give_way,no_direction,471,22.602943862272994,1,28.3499999999998,0
crossing_give_way,no_direction,472,13.726044844694876,1,40.14999999999866,0
crossing_give_way,no_direction,473,39.856449665233,1,26.249999999999904,0
crossing_give_way,no_direction,474,35.3663153638451,1,26.799999999999848,0
crossing_give_way,no_direction,475,17.896307012342593,1,26.20000000000007,0
crossing_give_way,no_direction,476,45.5502908807608,1,29.199999999999545,0
crossing_give_way,no_direction,477,14.464254105955728,1,41.99999999999869,0
crossing_give_way,no_direction,478,21.291472568675374,1,29.499999999999694,0
crossing_give_way,no_direction,479,22.125002185966792,1,41.54999999999883,0
crossing_give_way,no_direction,480,32.947402308714516,1,19.80000000000028,0
crossing_give_way,no_direction,481,19.54026090796013,1,34.499999999999226,0
crossing_give_way,no_direction,482,29.650534924629167,1,28.54999999999983,0
crossing_give_way,no_direction,483,20.384221240919175,1,27.849999999999714,0
crossing_give_way,no_direction,484,18.996809884277457,1,29.19999999999969,0
crossing_give_way,no_direction,485,20.784160988896183,1,18.550000000000257,0
crossing_give_way,no_direction,486,26.627577942637515,1,20.150000000000286,0
crossing_give_way,no_direction,487,13.445687971952852,1,41.89999999999851,0
crossing_give_way,no_direction,488,40.02668978013311,1,21.1500000000003,0
crossing_give_way,no_direction,489,42.734589295689574,1,32.39999999999937,0
crossing_give_way,no_direction,490,31.015035897580443,1,34.94999999999919,0
crossing_give_way,no_direction,491,33.31309554462993,1,27.849999999999834,0
crossing_give_way,no_direction,492,13.437563057803949,1,41.39999999999851,0
crossing_give_way,no_direction,493,14.720209921807667,1,33.899999999999345,0
crossing_give_way,no_direction,494,15.745043258003346,1,32.949999999999235,0
crossing_give_way,no_direction,495,16.16863684978981,1,30.049999999999688,0
crossing_give_way,no_direction,496,18.876247931040627,1,41.199999999998774,0
crossing_give_way,no_direction,497,29.006177774168414,1,15.100000000000202,0
crossing_give_way,no_direction,498,20.837401262504983,1,24.500000000000124,0
crossing_give_way,no_direction,499,33.75247106334547,1,20.30000000000029,0
crossing_give_way,mirrored,300,29.67401623292563,1,30.599999999999483,0
crossing_give_way,mirrored,301,21.96939479421983,1,19.500000000000277,0
crossing_give_way,mirrored,302,23.97245914064624,1,28.499999999999787,0
crossing_give_way,mirrored,303,37.34120785554497,1,23.850000000000072,0
crossing_give_way,mirrored,304,19.556378339607264,1,20.600000000000293,0
crossing_give_way,mirrored,305,22.53939717310502,1,19.05000000000027,0
crossing_give_way,mirrored,306,17.905178639058246,1,21.8500000000003,0
crossing_give_way,mirrored,307,20.475906480260278,1,29.14999999999966,0
crossing_give_way,mirrored,308,34.09682424612012,1,15.35000000000021,0
crossing_give_way,mirrored,309,15.399557822541805,1,25.000000000000043,0
crossing_give_way,mirrored,310,33.96252947569494,1,29.699999999999687,0
crossing_give_way,mirrored,311,20.81839161618719,1,29.999999999999535,0
crossing_give_way,mirrored,312,16.869428406500703,1,34.19999999999916,0
crossing_give_way,mirrored,313,15.909683078750676,1,30.649999999999494,0
crossing_give_way,mirrored,314,25.858192847191614,1,23.100000000000193,0
crossing_give_way,mirrored,315,32.812992141443594,1,23.40000000000014,0
crossing_give_way,mirrored,316,51.33369019436584,1,27.499999999999723,0
crossing_give_way,mirrored,317,37.123941618447205,1,25.750000000000025,0
crossing_give_way,mirrored,318,33.25717078456197,1,30.349999999999625,0
crossing_give_way,mirrored,319,56.54917297407423,1,16.650000000000237,0
crossing_give_way,mirrored,320,31.47240967149645,1,23.750000000000167,0
crossing_give_way,mirrored,321,45.22210984209838,1,24.949999999999932,0
crossing_give_way,mirrored,322,19.568266139098082,0,25.049999999999784,0
crossing_give_way,mirrored,323,12.147764020623683,1,39.59999999999876,0
crossing_give_way,mirrored,324,19.59010032412818,1,31.74999999999947,0
crossing_give_way,mirrored,325,30.39353079784238,1,29.149999999999686,0
crossing_give_way,mirrored,326,35.98629010007762,1,24.050000000000104,0
crossing_give_way,mirrored,327,16.586497755379995,1,42.749999999998636,0
crossing_give_way,mirrored,328,18.978550108746433,1,44.949999999998504,0
crossing_give_way,mirrored,329,13.200643352641396,1,32.249999999999496,0
crossing_give_way,mirrored,330,23.268641879663924,1,29.94999999999959,0
crossing_give_way,mirrored,331,24.79542352635182,1,32.74999999999936,0
crossing_give_way,mirrored,332,41.374895789439094,1,20.050000000000285,0
crossing_give_way,mirrored,333,26.042061462254456,1,29.89999999999968,0
crossing_give_way,mirrored,334,16.4936656533783,1,29.399999999999693,0
crossing_give_way,mirrored,335,60.04777564768596,1,19.850000000000282,0
crossing_give_way,mirrored,336,14.826094183872412,1,26.650000000000055,0
crossing_give_way,mirrored,337,46.05661374584442,1,17.60000000000025,0
crossing_give_way,mirrored,338,44.150519949307565,1,25.600000000000037,0
crossing_give_way,mirrored,339,45.0382204091583,1,16.400000000000233,0
crossing_give_way,mirrored,340,27.742360857059655,1,24.5000000000001,0
crossing_give_way,mirrored,341,25.728359805940517,1,30.749999999999485,0
crossing_give_way,mirrored,342,66.36778313038533,1,23.99999999999984,0
crossing_give_way,mirrored,343,35.66694504446525,1,18.25000000000026,0
crossing_give_way,mirrored,344,40.892116864893154,1,26.599999999999834,0
crossing_give_way,mirrored,345,14.488789856388404,1,26.999999999999993,0
crossing_give_way,mirrored,346,31.46021531040357,1,32.549999999999365,0
crossing_give_way,mirrored,347,60.27609527518207,1,22.950000000000024,0
crossing_give_way,mirrored,348,17.23552576571178,1,35.54999999999908,0
crossing_give_way,mirrored,349,41.28084306647139,1,24.50000000000008,0
crossing_give_way,mirrored,350,21.90153093485441,1,48.099999999998374,0
crossing_give_way,mirrored,351,17.88894644586375,1,32.799999999999315,0
crossing_give_way,mirrored,352,13.348005419855511,1,30.849999999999586,0
crossing_give_way,mirrored,353,31.392732611157957,1,23.250000000000213,0
crossing_give_way,mirrored,354,33.05151794126305,1,24.600000000000062,0
crossing_give_way,mirrored,355,44.15424449288037,1,20.750000000000295,0
crossing_give_way,mirrored,356,16.119353301525543,1,29.849999999999596,0
crossing_give_way,mirrored,357,29.028543324993098,1,15.350000000000218,0
crossing_give_way,mirrored,358,18.0209631603079,1,29.299999999999635,0
crossing_give_way,mirrored,359,24.840450111588527,1,21.80000000000031,0
crossing_give_way,mirrored,360,19.5816809999205,1,28.699999999999736,0
crossing_give_way,mirrored,361,39.432934257191825,1,31.3999999999994,0
crossing_give_way,mirrored,362,12.23117709733985,1,37.29999999999909,0
crossing_give_way,mirrored,363,11.311919576129203,1,48.149999999998094,0
crossing_give_way,mirrored,364,18.326777414495144,1,28.54999999999972,0
crossing_give_way,mirrored,365,11.151346061429331,1,57.49999999999742,0
crossing_give_way,mirrored,366,44.401501327605416,1,23.700000000000106,0
crossing_give_way,mirrored,367,57.97977988693601,1,29.69999999999942,0
crossing_give_way,mirrored,368,13.440652989498135,1,32.84999999999931,0
crossing_give_way,mirrored,369,112.78337056551544,0,0.0,0
crossing_give_way,mirrored,370,17.980084807262763,1,18.600000000000264,0
crossing_give_way,mirrored,371,42.26417869029773,1,21.450000000000305,0
crossing_give_way,mirrored,372,47.245750648268064,1,17.400000000000247,0
crossing_give_way,mirrored,373,19.870995196488032,1,22.400000000000265,0
crossing_give_way,mirrored,374,58.765049054818405,1,19.450000000000276,0
crossing_give_way,mirrored,375,22.90862200705723,1,21.0000000000003,0
crossing_give_way,mirrored,376,14.91179965806505,1,32.0999999999993,0
crossing_give_way,mirrored,377,49.86274418937618,1,27.099999999999778,0
crossing_give_way,mirrored,378,41.596989091735495,1,27.499999999999826,0
crossing_give_way,mirrored,379,46.26993301702346,1,28.14999999999968,0
crossing_give_way,mirrored,380,31.99883768000061,1,31.799999999999475,0
crossing_give_way,mirrored,381,24.57490547477328,1,23.600000000000136,0
crossing_give_way,mirrored,382,16.04410374936477,1,23.90000000000018,0
crossing_give_way,mirrored,383,51.82174134013834,1,58.69999999999749,0
crossing_give_way,mirrored,384,27.166782355635558,1,33.19999999999921,0
crossing_give_way,mirrored,385,20.72012033631451,1,31.799999999999415,0
crossing_give_way,mirrored,386,17.685233368237967,1,33.09999999999931,0
crossing_give_way,mirrored,387,22.961549315914457,1,25.000000000000046,0
crossing_give_way,mirrored,388,17.04119627058712,1,30.84999999999951,0
crossing_give_way,mirrored,389,12.574780316926672,1,36.39999999999912,0
crossing_give_way,mirrored,390,32.78026315613728,1,29.34999999999969,0
crossing_give_way,mirrored,391,15.878276776692198,1,24.15000000000011,0
crossing_give_way,mirrored,392,23.691828384612336,1,30.9999999999995,0
crossing_give_way,mirrored,393,30.65941248519359,1,24.150000000000116,0
crossing_give_way,mirrored,394,22.219879345373354,1,26.49999999999995,0
crossing_give_way,mirrored,395,51.77609720802446,1,29.949999999999513,0
crossing_give_way,mirrored,396,28.126081342429593,1,23.45000000000022,0
crossing_give_way,mirrored,397,17.36657160087726,1,21.450000000000305,0
crossing_give_way,mirrored,398,34.639063869084865,1,33.049999999999386,0
crossing_give_way,mirrored,399,28.85341171687874,1,24.2500000000001,0
crossing_give_way,mirrored,400,48.83470927625469,1,24.100000000000044,0
crossing_give_way,mirrored,401,38.339725258752125,1,29.399999999999658,0
crossing_give_way,mirrored,402,26.047862345388445,1,28.049999999999784,0
crossing_give_way,mirrored,403,41.613844420721634,1,21.750000000000238,0
crossing_give_way,mirrored,404,38.98837702594593,1,24.65000000000008,0
crossing_give_way,mirrored,405,50.54883137352486,1,24.35000000000002,0
crossing_give_way,mirrored,406,32.71653513528073,1,23.75000000000015,0
crossing_give_way,mirrored,407,14.915704687927715,1,26.499999999999936,0
crossing_give_way,mirrored,408,18.638939075054786,1,33.69999999999929,0
crossing_give_way,mirrored,409,18.762541660087734,1,35.5499999999991,0
crossing_give_way,mirrored,410,50.007600722636106,1,16.750000000000238,0
crossing_give_way,mirrored,411,46.51789901426026,1,22.550000000000182,0
crossing_give_way,mirrored,412,36.97318257981476,1,18.550000000000264,0
crossing_give_way,mirrored,413,17.98538250882366,1,42.049999999998704,0
crossing_give_way,mirrored,414,24.47961554286999,1,23.100000000000193,0
crossing_give_way,mirrored,415,22.260661883886158,1,31.34999999999952,0
crossing_give_way,mirrored,416,38.895433003814915,1,28.399999999999785,0
crossing_give_way,mirrored,417,13.89069406926589,1,31.099999999999596,0
crossing_give_way,mirrored,418,16.613489326055163,1,22.600000000000257,0
crossing_give_way,mirrored,419,17.989154905834734,1,34.64999999999917,0
crossing_give_way,mirrored,420,43.769385229554054,1,27.39999999999984,0
crossing_give_way,mirrored,421,16.11069822904439,1,32.09999999999937,0
crossing_give_way,mirrored,422,34.051084117879554,1,27.54999999999983,0
crossing_give_way,mirrored,423,64.71336603930911,1,21.850000000000097,0
crossing_give_way,mirrored,424,26.93858886174597,1,31.84999999999943,0
crossing_give_way,mirrored,425,44.3090510609211,1,27.99999999999975,0
crossing_give_way,mirrored,426,46.40864545945902,1,19.450000000000276,0
crossing_give_way,mirrored,427,23.88792175725927,1,16.85000000000024,0
crossing_give_way,mirrored,428,25.104449852983276,1,23.750000000000185,0
crossing_give_way,mirrored,429,24.37631132525969,1,28.949999999999747,0
crossing_give_way,mirrored,430,17.07431881341027,1,22.100000000000314,0
crossing_give_way,mirrored,431,24.8521030545066,1,29.749999999999613,0
crossing_give_way,mirrored,432,13.870801516241004,1,31.19999999999956,0
crossing_give_way,mirrored,433,60.40670960617132,1,21.350000000000104,0
crossing_give_way,mirrored,434,38.7332042119769,1,21.450000000000305,0
crossing_give_way,mirrored,435,24.603228676896535,1,27.69999999999982,0
crossing_give_way,mirrored,436,22.20928952576674,1,18.050000000000257,0
crossing_give_way,mirrored,437,29.537186890347666,1,27.999999999999766,0
crossing_give_way,mirrored,438,23.781601889154082,1,18.90000000000027,0
crossing_give_way,mirrored,439,48.82203415547433,1,25.749999999999897,0
crossing_give_way,mirrored,440,28.882292115295442,1,24.600000000000083,0
crossing_give_way,mirrored,441,36.76253622218769,1,18.25000000000026,0
crossing_give_way,mirrored,442,35.94134250588217,1,22.100000000000303,0
crossing_give_way,mirrored,443,19.546707008360446,1,26.79999999999992,0
crossing_give_way,mirrored,444,45.14320025078182,1,29.1499999999997,0
crossing_give_way,mirrored,445,33.34586984352694,1,30.449999999999594,0
crossing_give_way,mirrored,446,11.827822759878782,1,41.699999999998624,0
crossing_give_way,mirrored,447,43.96278383683102,1,24.15000000000011,0
crossing_give_way,mirrored,448,38.18292812400818,1,24.800000000000075,0
crossing_give_way,mirrored,449,38.615400312049914,1,23.850000000000158,0
crossing_give_way,mirrored,450,55.76788128648708,1,19.350000000000275,0
crossing_give_way,mirrored,451,21.829345278774625,1,24.500000000000053,0
crossing_give_way,mirrored,452,18.03751434784285,1,18.650000000000265,0
crossing_give_way,mirrored,453,62.10372942262379,1,20.850000000000232,0
crossing_give_way,mirrored,454,27.34316227956237,1,16.85000000000024,0
crossing_give_way,mirrored,455,20.64975428672877,1,32.649999999999395,0
crossing_give_way,mirrored,456,95.72180520028336,0,0.0,0
crossing_give_way,mirrored,457,113.54126342435565,0,0.0,0
crossing_give_way,mirrored,458,32.17411624699501,1,23.800000000000153,0
crossing_give_way,mirrored,459,28.874798819971186,1,29.049999999999667,0
crossing_give_way,mirrored,460,45.22892403546295,1,18.40000000000026,0
crossing_give_way,mirrored,461,14.659264632665677,1,34.69999999999894,0
crossing_give_way,mirrored,462,27.231124081945268,1,28.949999999999722,0
crossing_give_way,mirrored,463,58.88744027907315,1,21.650000000000137,0
crossing_give_way,mirrored,464,33.57415885896267,1,19.60000000000028,0
crossing_give_way,mirrored,465,21.49429485814752,1,21.400000000000304,0
crossing_give_way,mirrored,466,21.076906360308808,1,28.149999999999757,0
crossing_give_way,mirrored,467,40.55413251079371,1,21.450000000000305,0
crossing_give_way,mirrored,468,35.316126285654356,1,29.449999999999722,0
crossing_give_way,mirrored,469,41.38901780132693,1,22.450000000000234,0
crossing_give_way,mirrored,470,42.8950356236799,1,28.249999999999755,0
crossing_give_way,mirrored,471,22.602943862272994,1,28.3499999999998,0
crossing_give_way,mirrored,472,12.017901900186654,1,39.79999999999868,0
crossing_give_way,mirrored,473,39.856449665233,1,26.249999999999904,0
crossing_give_way,mirrored,474,35.3663153638451,1,26.799999999999848,0
crossing_give_way,mirrored,475,16.309937459346603,1,25.450000000000113,0
crossing_give_way,mirrored,476,45.5502908807608,1,29.199999999999545,0
crossing_give_way,mirrored,477,16.48051277742434,1,42.39999999999867,0
crossing_give_way,mirrored,478,21.35544374218392,1,29.54999999999969,0
crossing_give_way,mirrored,479,22.125002185966792,1,41.54999999999883,0
crossing_give_way,mirrored,480,32.947402308714516,1,19.80000000000028,0
crossing_give_way,mirrored,481,20.307696779249284,1,34.59999999999922,0
crossing_give_way,mirrored,482,29.650534924629167,1,28.54999999999983,0
crossing_give_way,mirrored,483,20.49363777528058,1,27.849999999999714,0
crossing_give_way,mirrored,484,19.33824289651804,1,29.19999999999969,0
crossing_give_way,mirrored,485,19.003188491221387,1,18.10000000000025,0
crossing_give_way,mirrored,486,26.627577942637515,1,20.150000000000286,0
crossing_give_way,mirrored,487,11.114191469044604,1,41.94999999999851,0
crossing_give_way,mirrored,488,40.02668978013311,1,21.1500000000003,0
crossing_give_way,mirrored,489,42.734589295689574,1,32.39999999999937,0
crossing_give_way,mirrored,490,31.015035897580443,1,34.94999999999919,0
crossing_give_way,mirrored,491,33.31309554462993,1,27.849999999999834,0
crossing_give_way,mirrored,492,11.607888617151977,1,41.29999999999852,0
crossing_give_way,mirrored,493,12.905896706834866,1,33.14999999999939,0
crossing_give_way,mirrored,494,16.980150405292147,1,32.89999999999924,0
crossing_give_way,mirrored,495,14.644282211766663,1,27.599999999999827,0
crossing_give_way,mirrored,496,19.94908810902577,1,41.699999999998745,0
crossing_give_way,mirrored,497,28.676198502064498,1,15.050000000000201,0
crossing_give_way,mirrored,498,20.308517116260884,1,24.25000000000014,0
crossing_give_way,mirrored,499,33.75247106334547,1,20.30000000000029,0
crossing_give_way,stbd_lobes,300,29.67401623292563,1,30.599999999999483,0
crossing_give_way,stbd_lobes,301,21.96939479421983,1,19.500000000000277,0
crossing_give_way,stbd_lobes,302,23.97245914064624,1,28.499999999999787,0
crossing_give_way,stbd_lobes,303,37.34120785554497,1,23.850000000000072,0
crossing_give_way,stbd_lobes,304,19.556378339607264,1,20.600000000000293,0
crossing_give_way,stbd_lobes,305,22.53939717310502,1,19.05000000000027,0
crossing_give_way,stbd_lobes,306,17.95660408475373,1,21.8500000000003,0
crossing_give_way,stbd_lobes,307,20.475906480260278,1,29.14999999999966,0
crossing_give_way,stbd_lobes,308,34.09682424612012,1,15.35000000000021,0
crossing_give_way,stbd_lobes,309,16.196234162170917,1,25.000000000000043,0
crossing_give_way,stbd_lobes,310,33.96252947569494,1,29.699999999999687,0
crossing_give_way,stbd_lobes,311,20.81839161618719,1,29.999999999999535,0
crossing_give_way,stbd_lobes,312,16.869418674892447,1,34.19999999999916,0
crossing_give_way,stbd_lobes,313,15.916235593890276,1,30.69999999999949,0
crossing_give_way,stbd_lobes,314,25.858192847191614,1,23.100000000000193,0
crossing_give_way,stbd_lobes,315,32.812992141443594,1,23.40000000000014,0
crossing_give_way,stbd_lobes,316,51.33369019436584,1,27.499999999999723,0
crossing_give_way,stbd_lobes,317,37.123941618447205,1,25.750000000000025,0
crossing_give_way,stbd_lobes,318,33.25717078456197,1,30.349999999999625,0
crossing_give_way,stbd_lobes,319,56.54917297407423,1,16.650000000000237,0
crossing_give_way,stbd_lobes,320,31.47240967149645,1,23.750000000000167,0
crossing_give_way,stbd_lobes,321,45.22210984209838,1,24.949999999999932,0
crossing_give_way,stbd_lobes,322,19.568266139098082,0,25.049999999999784,0
crossing_give_way,stbd_lobes,323,11.911328394773603,1,39.34999999999877,0
crossing_give_way,stbd_lobes,324,19.59010032412818,1,31.74999999999947,0
crossing_give_way,stbd_lobes,325,30.39353079784238,1,29.149999999999686,0
crossing_give_way,stbd_lobes,326,35.98629010007762,1,24.050000000000104,0
crossing_give_way,stbd_lobes,327,16.58586643126451,1,42.749999999998636,0
crossing_give_way,stbd_lobes,328,18.978550108746433,1,44.949999999998504,0
crossing_give_way,stbd_lobes,329,13.770770706581569,1,31.29999999999955,0
crossing_give_way,stbd_lobes,330,23.268641879663924,1,29.94999999999959,0
crossing_give_way,stbd_lobes,331,24.79542352635182,1,32.74999999999936,0
crossing_give_way,stbd_lobes,332,41.374895789439094,1,20.050000000000285,0
crossing_give_way,stbd_lobes,333,26.042061462254456,1,29.89999999999968,0
crossing_give_way,stbd_lobes,334,16.553412659106048,1,29.44999999999969,0
crossing_give_way,stbd_lobes,335,60.04777564768596,1,19.850000000000282,0
crossing_give_way,stbd_lobes,336,14.4962562877366,1,26.75000000000005,0
crossing_give_way,stbd_lobes,337,46.05661374584442,1,17.60000000000025,0
crossing_give_way,stbd_lobes,338,44.150519949307565,1,25.600000000000037,0
crossing_give_way,stbd_lobes,339,45.0382204091583,1,16.400000000000233,0
crossing_give_way,stbd_lobes,340,27.742360857059655,1,24.5000000000001,0
crossing_give_way,stbd_lobes,341,25.728359805940517,1,30.749999999999485,0
crossing_give_way,stbd_lobes,342,66.36778313038533,1,23.99999999999984,0
crossing_give_way,stbd_lobes,343,35.66694504446525,1,18.25000000000026,0
crossing_give_way,stbd_lobes,344,40.892116864893154,1,26.599999999999834,0
crossing_give_way,stbd_lobes,345,14.341221056255344,1,27.149999999999984,0
crossing_give_way,stbd_lobes,346,31.46021531040357,1,32.549999999999365,0
crossing_give_way,stbd_lobes,347,60.27609527518207,1,22.950000000000024,0
crossing_give_way,stbd_lobes,348,17.23552576571178,1,35.54999999999908,0
crossing_give_way,stbd_lobes,349,41.28084306647139,1,24.50000000000008,0
crossing_give_way,stbd_lobes,350,21.90153093485441,1,48.099999999998374,0
crossing_give_way,stbd_lobes,351,17.88894644586375,1,32.799999999999315,0
crossing_give_way,stbd_lobes,352,14.296483872817637,1,30.549999999999603,0
crossing_give_way,stbd_lobes,353,31.392732611157957,1,23.250000000000213,0
crossing_give_way,stbd_lobes,354,33.05151794126305,1,24.600000000000062,0
crossing_give_way,stbd_lobes,355,44.15424449288037,1,20.750000000000295,0
crossing_give_way,stbd_lobes,356,16.122097792929015,1,29.849999999999596,0
crossing_give_way,stbd_lobes,357,29.028543324993098,1,15.350000000000218,0
crossing_give_way,stbd_lobes,358,18.0209631603079,1,29.299999999999635,0
crossing_give_way,stbd_lobes,359,24.840450111588527,1,21.80000000000031,0
crossing_give_way,stbd_lobes,360,19.5816809999205,1,28.699999999999736,0
crossing_give_way,stbd_lobes,361,39.432934257191825,1,31.3999999999994,0
crossing_give_way,stbd_lobes,362,13.29462023414068,1,36.099999999999156,0
crossing_give_way,stbd_lobes,363,12.431148543154942,1,46.749999999998174,0
crossing_give_way,stbd_lobes,364,18.326777414495144,1,28.54999999999972,0
crossing_give_way,stbd_lobes,365,12.568674280883256,1,56.49999999999748,0
crossing_give_way,stbd_lobes,366,44.401501327605416,1,23.700000000000106,0
crossing_give_way,stbd_lobes,367,57.97977988693601,1,29.69999999999942,0
crossing_give_way,stbd_lobes,368,13.34326677931552,1,31.949999999999367,0
crossing_give_way,stbd_lobes,369,112.78337056551544,0,0.0,0
crossing_give_way,stbd_lobes,370,17.980084807262763,1,18.600000000000264,0
crossing_give_way,stbd_lobes,371,42.26417869029773,1,21.450000000000305,0
crossing_give_way,stbd_lobes,372,47.245750648268064,1,17.400000000000247,0
crossing_give_way,stbd_lobes,373,19.870995196488032,1,22.400000000000265,0
crossing_give_way,stbd_lobes,374,58.765049054818405,1,19.450000000000276,0
crossing_give_way,stbd_lobes,375,22.90862200705723,1,21.0000000000003,0
crossing_give_way,stbd_lobes,376,14.92460658789344,1,32.0999999999993,0
crossing_give_way,stbd_lobes,377,49.86274418937618,1,27.099999999999778,0
crossing_give_way,stbd_lobes,378,41.596989091735495,1,27.499999999999826,0
crossing_give_way,stbd_lobes,379,46.26993301702346,1,28.14999999999968,0
crossing_give_way,stbd_lobes,380,31.99883768000061,1,31.799999999999475,0
crossing_give_way,stbd_lobes,381,24.57490547477328,1,23.600000000000136,0
crossing_give_way,stbd_lobes,382,16.570313913959215,1,23.90000000000018,0
crossing_give_way,stbd_lobes,383,51.82174134013834,1,58.69999999999749,0
crossing_give_way,stbd_lobes,384,27.166782355635558,1,33.19999999999921,0
crossing_give_way,stbd_lobes,385,20.72012033631451,1,31.799999999999415,0
crossing_give_way,stbd_lobes,386,17.685233368237967,1,33.09999999999931,0
crossing_give_way,stbd_lobes,387,22.961549315914457,1,25.000000000000046,0
crossing_give_way,stbd_lobes,388,17.041189271472543,1,30.84999999999951,0
crossing_give_way,stbd_lobes,389,13.074637734923009,1,35.399999999999174,0
crossing_give_way,stbd_lobes,390,32.78026315613728,1,29.34999999999969,0
crossing_give_way,stbd_lobes,391,16.24435764342554,1,24.200000000000106,0
crossing_give_way,stbd_lobes,392,23.691828384612336,1,30.9999999999995,0
crossing_give_way,stbd_lobes,393,30.65941248519359,1,24.150000000000116,0
crossing_give_way,stbd_lobes,394,22.219879345373354,1,26.49999999999995,0
crossing_give_way,stbd_lobes,395,51.77609720802446,1,29.949999999999513,0
crossing_give_way,stbd_lobes,396,28.126081342429593,1,23.45000000000022,0
crossing_give_way,stbd_lobes,397,17.439874671111106,1,21.450000000000305,0
crossing_give_way,stbd_lobes,398,34.639063869084865,1,33.049999999999386,0
crossing_give_way,stbd_lobes,399,28.85341171687874,1,24.2500000000001,0
crossing_give_way,stbd_lobes,400,48.83470927625469,1,24.100000000000044,0
crossing_give_way,stbd_lobes,401,38.339725258752125,1,29.399999999999658,0
crossing_give_way,stbd_lobes,402,26.047862345388445,1,28.049999999999784,0
crossing_give_way,stbd_lobes,403,41.613844420721634,1,21.750000000000238,0
crossing_give_way,stbd_lobes,404,38.98837702594593,1,24.65000000000008,0
crossing_give_way,stbd_lobes,405,50.54883137352486,1,24.35000000000002,0
crossing_give_way,stbd_lobes,406,32.71653513528073,1,23.75000000000015,0
crossing_give_way,stbd_lobes,407,15.44993011818803,1,27.949999999999854,0
crossing_give_way,stbd_lobes,408,18.638939075054786,1,33.69999999999929,0
crossing_give_way,stbd_lobes,409,18.762541660087734,1,35.5499999999991,0
crossing_give_way,stbd_lobes,410,50.007600722636106,1,16.750000000000238,0
crossing_give_way,stbd_lobes,411,46.51789901426026,1,22.550000000000182,0
crossing_give_way,stbd_lobes,412,36.97318257981476,1,18.550000000000264,0
crossing_give_way,stbd_lobes,413,17.98538250882366,1,42.049999999998704,0
crossing_give_way,stbd_lobes,414,24.47961554286999,1,23.100000000000193,0
crossing_give_way,stbd_lobes,415,22.260661883886158,1,31.34999999999952,0
crossing_give_way,stbd_lobes,416,38.895433003814915,1,28.399999999999785,0
crossing_give_way,stbd_lobes,417,13.641114981489336,1,30.599999999999625,0
crossing_give_way,stbd_lobes,418,16.75995595185886,1,22.600000000000257,0
crossing_give_way,stbd_lobes,419,17.989154905834734,1,34.64999999999917,0
crossing_give_way,stbd_lobes,420,43.769385229554054,1,27.39999999999984,0
crossing_give_way,stbd_lobes,421,16.109874374763468,1,32.09999999999937,0
crossing_give_way,stbd_lobes,422,34.051084117879554,1,27.54999999999983,0
crossing_give_way,stbd_lobes,423,64.71336603930911,1,21.850000000000097,0
crossing_give_way,stbd_lobes,424,26.93858886174597,1,31.84999999999943,0
crossing_give_way,stbd_lobes,425,44.3090510609211,1,27.99999999999975,0
crossing_give_way,stbd_lobes,426,46.40864545945902,1,19.450000000000276,0
crossing_give_way,stbd_lobes,427,23.88792175725927,1,16.85000000000024,0
crossing_give_way,stbd_lobes,428,25.104449852983276,1,23.750000000000185,0
crossing_give_way,stbd_lobes,429,24.37631132525969,1,28.949999999999747,0
crossing_give_way,stbd_lobes,430,17.170286148724912,1,22.100000000000314,0
crossing_give_way,stbd_lobes,431,24.8521030545066,1,29.749999999999613,0
crossing_give_way,stbd_lobes,432,13.590280732246441,1,30.549999999999596,0
crossing_give_way,stbd_lobes,433,60.40670960617132,1,21.350000000000104,0
crossing_give_way,stbd_lobes,434,38.7332042119769,1,21.450000000000305,0
crossing_give_way,stbd_lobes,435,24.603228676896535,1,27.69999999999982,0
crossing_give_way,stbd_lobes,436,22.20928952576674,1,18.050000000000257,0
crossing_give_way,stbd_lobes,437,29.537186890347666,1,27.999999999999766,0
crossing_give_way,stbd_lobes,438,23.781601889154082,1,18.90000000000027,0
crossing_give_way,stbd_lobes,439,48.82203415547433,1,25.749999999999897,0
crossing_give_way,stbd_lobes,440,28.882292115295442,1,24.600000000000083,0
crossing_give_way,stbd_lobes,441,36.76253622218769,1,18.25000000000026,0
crossing_give_way,stbd_lobes,442,35.94134250588217,1,22.100000000000303,0
crossing_give_way,stbd_lobes,443,19.546707008360446,1,26.79999999999992,0
crossing_give_way,stbd_lobes,444,45.14320025078182,1,29.1499999999997,0
crossing_give_way,stbd_lobes,445,33.34586984352694,1,30.449999999999594,0
crossing_give_way,stbd_lobes,446,12.125467624570902,1,40.84999999999867,0
crossing_give_way,stbd_lobes,447,43.96278383683102,1,24.15000000000011,0
crossing_give_way,stbd_lobes,448,38.18292812400818,1,24.800000000000075,0
crossing_give_way,stbd_lobes,449,38.615400312049914,1,23.850000000000158,0
crossing_give_way,stbd_lobes,450,55.76788128648708,1,19.350000000000275,0
crossing_give_way,stbd_lobes,451,21.829345278774625,1,24.500000000000053,0
crossing_give_way,stbd_lobes,452,18.03751434784285,1,18.650000000000265,0
crossing_give_way,stbd_lobes,453,62.10372942262379,1,20.850000000000232,0
crossing_give_way,stbd_lobes,454,27.34316227956237,1,16.85000000000024,0
crossing_give_way,stbd_lobes,455,20.64975428672877,1,32.649999999999395,0
crossing_give_way,stbd_lobes,456,95.72180520028336,0,0.0,0
crossing_give_way,stbd_lobes,457,113.54126342435565,0,0.0,0
crossing_give_way,stbd_lobes,458,32.17411624699501,1,23.800000000000153,0
crossing_give_way,stbd_lobes,459,28.874798819971186,1,29.049999999999667,0
crossing_give_way,stbd_lobes,460,45.22892403546295,1,18.40000000000026,0
crossing_give_way,stbd_lobes,461,14.659264632665677,1,34.69999999999894,0
crossing_give_way,stbd_lobes,462,27.231124081945268,1,28.949999999999722,0
crossing_give_way,stbd_lobes,463,58.88744027907315,1,21.650000000000137,0
crossing_give_way,stbd_lobes,464,33.57415885896267,1,19.60000000000028,0
crossing_give_way,stbd_lobes,465,21.49429485814752,1,21.400000000000304,0
crossing_give_way,stbd_lobes,466,21.076906360308808,1,28.149999999999757,0
crossing_give_way,stbd_lobes,467,40.55413251079371,1,21.450000000000305,0
crossing_give_way,stbd_lobes,468,35.316126285654356,1,29.449999999999722,0
crossing_give_way,stbd_lobes,469,41.38901780132693,1,22.450000000000234,0
crossing_give_way,stbd_lobes,470,42.8950356236799,1,28.249999999999755,0
crossing_give_way,stbd_lobes,471,22.602943862272994,1,28.3499999999998,0
crossing_give_way,stbd_lobes,472,11.78612256313766,1,39.69999999999869,0
crossing_give_way,stbd_lobes,473,39.856449665233,1,26.249999999999904,0
crossing_give_way,stbd_lobes,474,35.3663153638451,1,26.799999999999848,0
crossing_give_way,stbd_lobes,475,16.39975777488609,1,25.50000000000011,0
crossing_give_way,stbd_lobes,476,45.5502908807608,1,29.199999999999545,0
crossing_give_way,stbd_lobes,477,16.47902765387473,1,42.39999999999867,0
crossing_give_way,stbd_lobes,478,21.35544374218392,1,29.54999999999969,0
crossing_give_way,stbd_lobes,479,22.125002185966792,1,41.54999999999883,0
crossing_give_way,stbd_lobes,480,32.947402308714516,1,19.80000000000028,0
crossing_give_way,stbd_lobes,481,20.307696779249284,1,34.59999999999922,0
crossing_give_way,stbd_lobes,482,29.650534924629167,1,28.54999999999983,0
crossing_give_way,stbd_lobes,483,20.49363777528058,1,27.849999999999714,0
crossing_give_way,stbd_lobes,484,19.33824289651804,1,29.19999999999969,0
crossing_give_way,stbd_lobes,485,19.003188491221387,1,18.10000000000025,0
crossing_give_way,stbd_lobes,486,26.627577942637515,1,20.150000000000286,0
crossing_give_way,stbd_lobes,487,11.790463845316173,1,41.699999999998525,0
crossing_give_way,stbd_lobes,488,40.02668978013311,1,21.1500000000003,0
crossing_give_way,stbd_lobes,489,42.734589295689574,1,32.39999999999937,0
crossing_give_way,stbd_lobes,490,31.015035897580443,1,34.94999999999919,0
crossing_give_way,stbd_lobes,491,33.31309554462993,1,27.849999999999834,0
crossing_give_way,stbd_lobes,492,12.115038090398302,1,40.69999999999855,0
crossing_give_way,stbd_lobes,493,13.41354273582914,1,32.149999999999444,0
crossing_give_way,stbd_lobes,494,16.980150405292147,1,32.89999999999924,0
crossing_give_way,stbd_lobes,495,14.04180423155421,1,29.29999999999973,0
crossing_give_way,stbd_lobes,496,19.94908810902577,1,41.699999999998745,0
crossing_give_way,stbd_lobes,497,28.676198502064498,1,15.050000000000201,0
crossing_give_way,stbd_lobes,498,20.308517116260884,1,24.25000000000014,0
crossing_give_way,stbd_lobes,499,33.75247106334547,1,20.30000000000029,0
crossing_give_way,ot_flip,300,29.67401623292563,1,30.599999999999483,0
crossing_give_way,ot_flip,301,25.918907531021944,1,20.200000000000287,0
crossing_give_way,ot_flip,302,23.97245914064624,1,28.499999999999787,0
crossing_give_way,ot_flip,303,37.34120785554497,1,23.850000000000072,0
crossing_give_way,ot_flip,304,24.81674298726064,1,21.650000000000308,0
crossing_give_way,ot_flip,305,26.193383168458364,1,19.75000000000028,0
crossing_give_way,ot_flip,306,23.92280723447548,1,23.05000000000023,0
crossing_give_way,ot_flip,307,20.792458290869707,1,29.249999999999655,0
crossing_give_way,ot_flip,308,34.09682424612012,1,15.35000000000021,0
crossing_give_way,ot_flip,309,22.524746773901505,1,26.44999999999996,0
crossing_give_way,ot_flip,310,33.96252947569494,1,29.699999999999687,0
crossing_give_way,ot_flip,311,20.81839161618719,1,29.999999999999535,0
crossing_give_way,ot_flip,312,18.835816079962132,1,36.29999999999904,0
crossing_give_way,ot_flip,313,19.65699452059747,1,34.0999999999993,0
crossing_give_way,ot_flip,314,25.858192847191614,1,23.100000000000193,0
crossing_give_way,ot_flip,315,32.812992141443594,1,23.40000000000014,0
crossing_give_way,ot_flip,316,51.33369019436584,1,27.499999999999723,0
crossing_give_way,ot_flip,317,37.123941618447205,1,25.750000000000025,0
crossing_give_way,ot_flip,318,33.25717078456197,1,30.349999999999625,0
crossing_give_way,ot_flip,319,56.54917297407423,1,16.650000000000237,0
crossing_give_way,ot_flip,320,31.47240967149645,1,23.750000000000167,0
crossing_give_way,ot_flip,321,45.22210984209838,1,24.949999999999932,0
crossing_give_way,ot_flip,322,14.733311113187165,1,40.74999999999889,0
crossing_give_way,ot_flip,323,17.680580954771898,1,48.549999999998256,0
crossing_give_way,ot_flip,324,19.754693750723245,1,31.849999999999465,0
crossing_give_way,ot_flip,325,30.39353079784238,1,29.149999999999686,0
crossing_give_way,ot_flip,326,35.98629010007762,1,24.050000000000104,0
crossing_give_way,ot_flip,327,17.954565232668113,1,45.0999999999985,0
crossing_give_way,ot_flip,328,18.978550108746433,1,44.949999999998504,0
crossing_give_way,ot_flip,329,20.467378996658304,1,33.8999999999994,0
crossing_give_way,ot_flip,330,23.268641879663924,1,29.94999999999959,0
crossing_give_way,ot_flip,331,24.79542352635182,1,32.74999999999936,0
crossing_give_way,ot_flip,332,41.374895789439094,1,20.050000000000285,0
crossing_give_way,ot_flip,333,26.042061462254456,1,29.89999999999968,0
crossing_give_way,ot_flip,334,20.992394484143237,1,31.54999999999957,0
crossing_give_way,ot_flip,335,60.04777564768596,1,19.850000000000282,0
crossing_give_way,ot_flip,336,21.07784919714056,1,26.95000000000004,0
crossing_give_way,ot_flip,337,46.05661374584442,1,17.60000000000025,0
crossing_give_way,ot_flip,338,44.150519949307565,1,25.600000000000037,0
crossing_give_way,ot_flip,339,45.0382204091583,1,16.400000000000233,0
crossing_give_way,ot_flip,340,27.742360857059655,1,24.5000000000001,0
crossing_give_way,ot_flip,341,25.728359805940517,1,30.749999999999485,0
crossing_give_way,ot_flip,342,66.36778313038533,1,23.99999999999984,0
crossing_give_way,ot_flip,343,35.66694504446525,1,18.25000000000026,0
crossing_give_way,ot_flip,344,40.892116864893154,1,26.599999999999834,0
crossing_give_way,ot_flip,345,21.44235584553893,1,27.89999999999994,0
crossing_give_way,ot_flip,346,31.46021531040357,1,32.549999999999365,0
crossing_give_way,ot_flip,347,60.27609527518207,1,22.950000000000024,0
crossing_give_way,ot_flip,348,18.623537157275283,1,37.049999999998995,0
crossing_give_way,ot_flip,349,41.28084306647139,1,24.50000000000008,0
crossing_give_way,ot_flip,350,21.90153093485441,1,48.099999999998374,0
crossing_give_way,ot_flip,351,19.380777745068077,1,33.79999999999926,0
crossing_give_way,ot_flip,352,17.609390566174365,0,27.149999999999796,0
crossing_give_way,ot_flip,353,31.392732611157957,1,23.250000000000213,0
crossing_give_way,ot_flip,354,33.05151794126305,1,24.600000000000062,0
crossing_give_way,ot_flip,355,44.15424449288037,1,20.750000000000295,0
crossing_give_way,ot_flip,356,19.92637973617325,1,32.79999999999943,0
crossing_give_way,ot_flip,357,29.472488019434284,1,15.400000000000219,0
crossing_give_way,ot_flip,358,20.48970967192025,1,33.04999999999942,0
crossing_give_way,ot_flip,359,25.426851092519836,1,21.950000000000312,0
crossing_give_way,ot_flip,360,21.575194907244818,1,29.69999999999968,0
crossing_give_way,ot_flip,361,39.432934257191825,1,31.3999999999994,0
crossing_give_way,ot_flip,362,19.42920116556007,1,40.39999999999891,0
crossing_give_way,ot_flip,363,18.66768598611594,0,43.599999999998346,0
crossing_give_way,ot_flip,364,21.442805171473676,1,30.099999999999632,0
crossing_give_way,ot_flip,365,17.82187834514469,0,36.5999999999986,0
crossing_give_way,ot_flip,366,44.401501327605416,1,23.700000000000106,0
crossing_give_way,ot_flip,367,57.97977988693601,1,29.69999999999942,0
crossing_give_way,ot_flip,368,19.993418778088994,1,33.19999999999929,0
crossing_give_way,ot_flip,369,112.78337056551544,0,0.0,0
crossing_give_way,ot_flip,370,24.136543186193098,1,18.90000000000027,0
crossing_give_way,ot_flip,371,42.26417869029773,1,21.450000000000305,0
crossing_give_way,ot_flip,372,47.245750648268064,1,17.400000000000247,0
crossing_give_way,ot_flip,373,24.133977297736195,1,23.400000000000208,0
crossing_give_way,ot_flip,374,58.765049054818405,1,19.450000000000276,0
crossing_give_way,ot_flip,375,25.203097211268275,1,21.600000000000307,0
crossing_give_way,ot_flip,376,18.310133793843644,1,40.14999999999884,0
crossing_give_way,ot_flip,377,49.86274418937618,1,27.099999999999778,0
crossing_give_way,ot_flip,378,41.596989091735495,1,27.499999999999826,0
crossing_give_way,ot_flip,379,46.26993301702346,1,28.14999999999968,0
crossing_give_way,ot_flip,380,31.99883768000061,1,31.799999999999475,0
crossing_give_way,ot_flip,381,24.800755548465247,1,23.650000000000134,0
crossing_give_way,ot_flip,382,22.81944988188561,1,25.250000000000103,0
crossing_give_way,ot_flip,383,51.82174134013834,1,58.69999999999749,0
crossing_give_way,ot_flip,384,27.166782355635558,1,33.19999999999921,0
crossing_give_way,ot_flip,385,20.72012033631451,1,31.799999999999415,0
crossing_give_way,ot_flip,386,19.291189258931162,1,34.19999999999925,0
crossing_give_way,ot_flip,387,23.69463671814754,1,25.250000000000032,0
crossing_give_way,ot_flip,388,19.982623330563285,1,32.59999999999941,0
crossing_give_way,ot_flip,389,19.294417891581706,1,37.74999999999904,0
crossing_give_way,ot_flip,390,32.78026315613728,1,29.34999999999969,0
crossing_give_way,ot_flip,391,22.79206699644686,1,25.55000000000003,0
crossing_give_way,ot_flip,392,23.691828384612336,1,30.9999999999995,0
crossing_give_way,ot_flip,393,30.65941248519359,1,24.150000000000116,0
crossing_give_way,ot_flip,394,22.92417835004159,1,26.749999999999936,0
crossing_give_way,ot_flip,395,51.77609720802446,1,29.949999999999513,0
crossing_give_way,ot_flip,396,28.126081342429593,1,23.45000000000022,0
crossing_give_way,ot_flip,397,23.729148792744443,1,22.45000000000032,0
crossing_give_way,ot_flip,398,34.639063869084865,1,33.049999999999386,0
crossing_give_way,ot_flip,399,28.85341171687874,1,24.2500000000001,0
crossing_give_way,ot_flip,400,48.83470927625469,1,24.100000000000044,0
crossing_give_way,ot_flip,401,38.339725258752125,1,29.399999999999658,0
crossing_give_way,ot_flip,402,26.047862345388445,1,28.049999999999784,0
crossing_give_way,ot_flip,403,41.613844420721634,1,21.750000000000238,0
crossing_give_way,ot_flip,404,38.98837702594593,1,24.65000000000008,0
crossing_give_way,ot_flip,405,50.54883137352486,1,24.35000000000002,0
crossing_give_way,ot_flip,406,32.71653513528073,1,23.75000000000015,0
crossing_give_way,ot_flip,407,21.503447144084937,1,29.849999999999746,0
crossing_give_way,ot_flip,408,19.145289480727598,1,34.04999999999927,0
crossing_give_way,ot_flip,409,18.867879707170072,1,35.5999999999991,0
crossing_give_way,ot_flip,410,50.007600722636106,1,16.750000000000238,0
crossing_give_way,ot_flip,411,46.51789901426026,1,22.550000000000182,0
crossing_give_way,ot_flip,412,36.97318257981476,1,18.550000000000264,0
crossing_give_way,ot_flip,413,18.342789828931245,1,42.49999999999868,0
crossing_give_way,ot_flip,414,24.894380413315133,1,23.200000000000188,0
crossing_give_way,ot_flip,415,22.260661883886158,1,31.34999999999952,0
crossing_give_way,ot_flip,416,38.895433003814915,1,28.399999999999785,0
crossing_give_way,ot_flip,417,20.493482540890422,1,33.599999999999454,0
crossing_give_way,ot_flip,418,23.2012312895872,1,23.750000000000192,0
crossing_give_way,ot_flip,419,18.87418906093481,1,35.29999999999913,0
crossing_give_way,ot_flip,420,43.769385229554054,1,27.39999999999984,0
crossing_give_way,ot_flip,421,19.06156369847625,1,35.89999999999915,0
crossing_give_way,ot_flip,422,34.051084117879554,1,27.54999999999983,0
crossing_give_way,ot_flip,423,64.71336603930911,1,21.850000000000097,0
crossing_give_way,ot_flip,424,26.93858886174597,1,31.84999999999943,0
crossing_give_way,ot_flip,425,44.3090510609211,1,27.99999999999975,0
crossing_give_way,ot_flip,426,46.40864545945902,1,19.450000000000276,0
crossing_give_way,ot_flip,427,27.17106949385916,1,17.350000000000247,0
crossing_give_way,ot_flip,428,25.104449852983276,1,23.750000000000185,0
crossing_give_way,ot_flip,429,24.37631132525969,1,28.949999999999747,0
crossing_give_way,ot_flip,430,23.436405875962933,1,23.200000000000273,0
crossing_give_way,ot_flip,431,24.8521030545066,1,29.749999999999613,0
crossing_give_way,ot_flip,432,20.45520151162385,1,33.599999999999426,0
crossing_give_way,ot_flip,433,60.40670960617132,1,21.350000000000104,0
crossing_give_way,ot_flip,434,38.7332042119769,1,21.450000000000305,0
crossing_give_way,ot_flip,435,24.603228676896535,1,27.69999999999982,0
crossing_give_way,ot_flip,436,26.136088478776166,1,19.75000000000028,0
crossing_give_way,ot_flip,437,29.537186890347666,1,27.999999999999766,0
crossing_give_way,ot_flip,438,26.382354769285193,1,19.500000000000277,0
crossing_give_way,ot_flip,439,48.82203415547433,1,25.749999999999897,0
crossing_give_way,ot_flip,440,28.882292115295442,1,24.600000000000083,0
crossing_give_way,ot_flip,441,36.76253622218769,1,18.25000000000026,0
crossing_give_way,ot_flip,442,35.94134250588217,1,22.100000000000303,0
crossing_give_way,ot_flip,443,22.272290838097526,1,27.899999999999856,0
crossing_give_way,ot_flip,444,45.14320025078182,1,29.1499999999997,0
crossing_give_way,ot_flip,445,33.34586984352694,1,30.449999999999594,0
crossing_give_way,ot_flip,446,18.004781538644654,1,45.549999999998406,0
crossing_give_way,ot_flip,447,43.96278383683102,1,24.15000000000011,0
crossing_give_way,ot_flip,448,38.18292812400818,1,24.800000000000075,0
crossing_give_way,ot_flip,449,38.615400312049914,1,23.850000000000158,0
crossing_give_way,ot_flip,450,55.76788128648708,1,19.350000000000275,0
crossing_give_way,ot_flip,451,23.586732288748692,1,25.10000000000002,0
crossing_give_way,ot_flip,452,24.21726045681958,1,19.10000000000027,0
crossing_give_way,ot_flip,453,62.10372942262379,1,20.850000000000232,0
crossing_give_way,ot_flip,454,27.933912210823905,1,16.95000000000024,0
crossing_give_way,ot_flip,455,20.64975428672877,1,32.649999999999395,0
crossing_give_way,ot_flip,456,95.72180520028336,0,0.0,0
crossing_give_way,ot_flip,457,113.54126342435565,0,0.0,0
crossing_give_way,ot_flip,458,32.17411624699501,1,23.800000000000153,0
crossing_give_way,ot_flip,459,28.874798819971186,1,29.049999999999667,0
crossing_give_way,ot_flip,460,45.22892403546295,1,18.40000000000026,0
crossing_give_way,ot_flip,461,17.487337360406126,1,49.59999999999809,0
crossing_give_way,ot_flip,462,27.231124081945268,1,28.949999999999722,0
crossing_give_way,ot_flip,463,58.88744027907315,1,21.650000000000137,0
crossing_give_way,ot_flip,464,33.57415885896267,1,19.60000000000028,0
crossing_give_way,ot_flip,465,24.7122117371927,1,22.300000000000303,0
crossing_give_way,ot_flip,466,22.01907033886037,1,28.549999999999734,0
crossing_give_way,ot_flip,467,40.55413251079371,1,21.450000000000305,0
crossing_give_way,ot_flip,468,35.316126285654356,1,29.449999999999722,0
crossing_give_way,ot_flip,469,41.38901780132693,1,22.450000000000234,0
crossing_give_way,ot_flip,470,42.8950356236799,1,28.249999999999755,0
crossing_give_way,ot_flip,471,22.602943862272994,1,28.3499999999998,0
crossing_give_way,ot_flip,472,17.6398033216221,1,48.89999999999817,0
crossing_give_way,ot_flip,473,39.856449665233,1,26.249999999999904,0
crossing_give_way,ot_flip,474,35.3663153638451,1,26.799999999999848,0
crossing_give_way,ot_flip,475,22.25653943279976,1,27.150000000000016,0
crossing_give_way,ot_flip,476,45.5502908807608,1,29.199999999999545,0
crossing_give_way,ot_flip,477,18.006445390801254,1,44.99999999999852,0
crossing_give_way,ot_flip,478,21.61296391725302,1,29.649999999999686,0
crossing_give_way,ot_flip,479,22.125002185966792,1,41.54999999999883,0
crossing_give_way,ot_flip,480,32.947402308714516,1,19.80000000000028,0
crossing_give_way,ot_flip,481,20.307696779249284,1,34.59999999999922,0
crossing_give_way,ot_flip,482,29.650534924629167,1,28.54999999999983,0
crossing_give_way,ot_flip,483,22.08640354974302,1,28.549999999999674,0
crossing_give_way,ot_flip,484,21.324238981703036,1,30.199999999999633,0
crossing_give_way,ot_flip,485,24.978617341774786,1,18.70000000000026,0
crossing_give_way,ot_flip,486,26.777667966079076,1,20.150000000000286,0
crossing_give_way,ot_flip,487,17.40293203939201,1,51.59999999999796,0
crossing_give_way,ot_flip,488,40.02668978013311,1,21.1500000000003,0
crossing_give_way,ot_flip,489,42.734589295689574,1,32.39999999999937,0
crossing_give_way,ot_flip,490,31.015035897580443,1,34.94999999999919,0
crossing_give_way,ot_flip,491,33.31309554462993,1,27.849999999999834,0
crossing_give_way,ot_flip,492,17.799577267842437,1,49.79999999999805,0
crossing_give_way,ot_flip,493,20.048912858616692,1,35.79999999999924,0
crossing_give_way,ot_flip,494,19.373795813496592,1,34.59999999999914,0
crossing_give_way,ot_flip,495,21.173498752852705,1,31.499999999999606,0
crossing_give_way,ot_flip,496,19.94908810902577,1,41.699999999998745,0
crossing_give_way,ot_flip,497,29.8076111104183,1,15.250000000000204,0
crossing_give_way,ot_flip,498,23.34450467229549,1,25.25000000000008,0
crossing_give_way,ot_flip,499,33.75247106334547,1,20.30000000000029,0
crossing_give_way,no_sternpass,300,29.67401623292563,1,30.599999999999483,0
crossing_give_way,no_sternpass,301,23.98257673136048,1,20.000000000000284,0
crossing_give_way,no_sternpass,302,23.97245914064624,1,28.499999999999787,0
crossing_give_way,no_sternpass,303,37.34120785554497,1,23.850000000000072,0
crossing_give_way,no_sternpass,304,22.68331358025396,1,21.500000000000306,0
crossing_give_way,no_sternpass,305,24.36912608385799,1,18.40000000000026,0
crossing_give_way,no_sternpass,306,21.52937227365205,1,22.950000000000237,0
crossing_give_way,no_sternpass,307,20.409977200273403,1,29.19999999999966,0
crossing_give_way,no_sternpass,308,34.09682424612012,1,15.35000000000021,0
crossing_give_way,no_sternpass,309,19.81759026722345,1,25.999999999999986,0
crossing_give_way,no_sternpass,310,33.96252947569494,1,29.699999999999687,0
crossing_give_way,no_sternpass,311,20.511222399465865,1,29.949999999999537,0
crossing_give_way,no_sternpass,312,16.10657644090343,1,35.59999999999908,0
crossing_give_way,no_sternpass,313,17.376907259175255,1,33.649999999999324,0
crossing_give_way,no_sternpass,314,25.858192847191614,1,23.100000000000193,0
crossing_give_way,no_sternpass,315,32.812992141443594,1,23.40000000000014,0
crossing_give_way,no_sternpass,316,51.33369019436584,1,27.499999999999723,0
crossing_give_way,no_sternpass,317,37.123941618447205,1,25.750000000000025,0
crossing_give_way,no_sternpass,318,33.25717078456197,1,30.349999999999625,0
crossing_give_way,no_sternpass,319,56.54917297407423,1,16.650000000000237,0
crossing_give_way,no_sternpass,320,31.47240967149645,1,23.750000000000167,0
crossing_give_way,no_sternpass,321,45.22210984209838,1,24.949999999999932,0
crossing_give_way,no_sternpass,322,11.278680300454194,0,30.74999999999946,0
crossing_give_way,no_sternpass,323,13.82693573055885,1,42.49999999999859,0
crossing_give_way,no_sternpass,324,18.693871451500435,1,31.699999999999473,0
crossing_give_way,no_sternpass,325,30.39353079784238,1,29.149999999999686,0
crossing_give_way,no_sternpass,326,35.98629010007762,1,24.050000000000104,0
crossing_give_way,no_sternpass,327,14.585823235263506,1,39.64999999999881,0
crossing_give_way,no_sternpass,328,16.50414461211944,1,43.74999999999857,0
crossing_give_way,no_sternpass,329,15.321663231965278,1,32.599999999999476,0
crossing_give_way,no_sternpass,330,23.268641879663924,1,29.94999999999959,0
crossing_give_way,no_sternpass,331,24.79542352635182,1,32.74999999999936,0
crossing_give_way,no_sternpass,332,41.374895789439094,1,20.050000000000285,0
crossing_give_way,no_sternpass,333,26.042061462254456,1,29.89999999999968,0
crossing_give_way,no_sternpass,334,19.295170749776908,1,31.19999999999959,0
crossing_give_way,no_sternpass,335,60.04777564768596,1,19.850000000000282,0
crossing_give_way,no_sternpass,336,16.692003057642015,1,26.000000000000092,0
crossing_give_way,no_sternpass,337,46.05661374584442,1,17.60000000000025,0
crossing_give_way,no_sternpass,338,44.150519949307565,1,25.600000000000037,0
crossing_give_way,no_sternpass,339,45.0382204091583,1,16.400000000000233,0
crossing_give_way,no_sternpass,340,27.742360857059655,1,24.5000000000001,0
crossing_give_way,no_sternpass,341,25.728359805940517,1,30.749999999999485,0
crossing_give_way,no_sternpass,342,66.36778313038533,1,23.99999999999984,0
crossing_give_way,no_sternpass,343,35.66694504446525,1,18.25000000000026,0
crossing_give_way,no_sternpass,344,40.892116864893154,1,26.599999999999834,0
crossing_give_way,no_sternpass,345,17.077321745651638,1,26.999999999999993,0
crossing_give_way,no_sternpass,346,31.46021531040357,1,32.549999999999365,0
crossing_give_way,no_sternpass,347,60.27609527518207,1,22.950000000000024,0
crossing_give_way,no_sternpass,348,15.66399526068485,1,36.39999999999903,0
crossing_give_way,no_sternpass,349,41.28084306647139,1,24.50000000000008,0
crossing_give_way,no_sternpass,350,21.90153093485441,1,48.099999999998374,0
crossing_give_way,no_sternpass,351,17.67702775908722,1,33.39999999999928,0
crossing_give_way,no_sternpass,352,13.521552043294756,0,25.2999999999999,0
crossing_give_way,no_sternpass,353,31.392732611157957,1,23.250000000000213,0
crossing_give_way,no_sternpass,354,33.05151794126305,1,24.600000000000062,0
crossing_give_way,no_sternpass,355,44.15424449288037,1,20.750000000000295,0
crossing_give_way,no_sternpass,356,17.720208372504896,1,32.39999999999945,0
crossing_give_way,no_sternpass,357,29.028543324993098,1,15.350000000000218,0
crossing_give_way,no_sternpass,358,19.292914326282283,1,30.199999999999584,0
crossing_give_way,no_sternpass,359,24.840450111588527,1,21.80000000000031,0
crossing_give_way,no_sternpass,360,20.79825319607881,1,29.299999999999702,0
crossing_give_way,no_sternpass,361,39.432934257191825,1,31.3999999999994,0
crossing_give_way,no_sternpass,362,13.615897857752698,1,37.0999999999991,0
crossing_give_way,no_sternpass,363,12.283051749585676,1,44.099999999998325,0
crossing_give_way,no_sternpass,364,20.23656379805263,1,29.59999999999966,0
crossing_give_way,no_sternpass,365,9.149058930040864,0,40.1999999999984,0
crossing_give_way,no_sternpass,366,44.401501327605416,1,23.700000000000106,0
crossing_give_way,no_sternpass,367,57.97977988693601,1,29.69999999999942,0
crossing_give_way,no_sternpass,368,15.905748262417747,1,32.74999999999932,0
crossing_give_way,no_sternpass,369,112.78337056551544,0,0.0,0
crossing_give_way,no_sternpass,370,21.46510050944371,1,18.550000000000264,0
crossing_give_way,no_sternpass,371,42.26417869029773,1,21.450000000000305,0
crossing_give_way,no_sternpass,372,47.245750648268064,1,17.400000000000247,0
crossing_give_way,no_sternpass,373,22.42207266480288,1,23.150000000000222,0
crossing_give_way,no_sternpass,374,58.765049054818405,1,19.450000000000276,0
crossing_give_way,no_sternpass,375,24.00159232851413,1,21.250000000000302,0
crossing_give_way,no_sternpass,376,14.606614996995221,1,39.1499999999989,0
crossing_give_way,no_sternpass,377,49.86274418937618,1,27.099999999999778,0
crossing_give_way,no_sternpass,378,41.596989091735495,1,27.499999999999826,0
crossing_give_way,no_sternpass,379,46.26993301702346,1,28.14999999999968,0
crossing_give_way,no_sternpass,380,31.99883768000061,1,31.799999999999475,0
crossing_give_way,no_sternpass,381,24.57490547477328,1,23.600000000000136,0
crossing_give_way,no_sternpass,382,20.39558306085564,1,24.850000000000126,0
crossing_give_way,no_sternpass,383,51.82174134013834,1,58.69999999999749,0
crossing_give_way,no_sternpass,384,27.166782355635558,1,33.19999999999921,0
crossing_give_way,no_sternpass,385,20.350089212350234,1,31.749999999999417,0
crossing_give_way,no_sternpass,386,17.422210073156773,1,33.79999999999927,0
crossing_give_way,no_sternpass,387,23.14876892416872,1,25.10000000000004,0
crossing_give_way,no_sternpass,388,18.313052077755835,1,32.09999999999944,0
crossing_give_way,no_sternpass,389,14.000471269367885,1,36.89999999999909,0
crossing_give_way,no_sternpass,390,32.78026315613728,1,29.34999999999969,0
crossing_give_way,no_sternpass,391,20.15235079990855,1,25.100000000000055,0
crossing_give_way,no_sternpass,392,23.691828384612336,1,30.9999999999995,0
crossing_give_way,no_sternpass,393,30.65941248519359,1,24.150000000000116,0
crossing_give_way,no_sternpass,394,22.49111203219299,1,26.599999999999945,0
crossing_give_way,no_sternpass,395,51.77609720802446,1,29.949999999999513,0
crossing_give_way,no_sternpass,396,28.126081342429593,1,23.45000000000022,0
crossing_give_way,no_sternpass,397,21.25392495069948,1,22.050000000000313,0
crossing_give_way,no_sternpass,398,34.639063869084865,1,33.049999999999386,0
crossing_give_way,no_sternpass,399,28.85341171687874,1,24.2500000000001,0
crossing_give_way,no_sternpass,400,48.83470927625469,1,24.100000000000044,0
crossing_give_way,no_sternpass,401,38.339725258752125,1,29.399999999999658,0
crossing_give_way,no_sternpass,402,26.047862345388445,1,28.049999999999784,0
crossing_give_way,no_sternpass,403,41.613844420721634,1,21.750000000000238,0
crossing_give_way,no_sternpass,404,38.98837702594593,1,24.65000000000008,0
crossing_give_way,no_sternpass,405,50.54883137352486,1,24.35000000000002,0
crossing_give_way,no_sternpass,406,32.71653513528073,1,23.75000000000015,0
crossing_give_way,no_sternpass,407,18.327075906257576,1,29.24999999999978,0
crossing_give_way,no_sternpass,408,17.28431225487868,1,33.74999999999929,0
crossing_give_way,no_sternpass,409,16.36022178127937,1,35.149999999999125,0
crossing_give_way,no_sternpass,410,50.007600722636106,1,16.750000000000238,0
crossing_give_way,no_sternpass,411,46.51789901426026,1,22.550000000000182,0
crossing_give_way,no_sternpass,412,36.97318257981476,1,18.550000000000264,0
crossing_give_way,no_sternpass,413,15.130883346941008,1,37.24999999999898,0
crossing_give_way,no_sternpass,414,24.47961554286999,1,23.100000000000193,0
crossing_give_way,no_sternpass,415,22.260661883886158,1,31.34999999999952,0
crossing_give_way,no_sternpass,416,38.895433003814915,1,28.399999999999785,0
crossing_give_way,no_sternpass,417,16.689421326375736,1,32.99999999999949,0
crossing_give_way,no_sternpass,418,20.696378022092453,1,23.300000000000217,0
crossing_give_way,no_sternpass,419,16.50590659883957,1,34.849999999999156,0
crossing_give_way,no_sternpass,420,43.769385229554054,1,27.39999999999984,0
crossing_give_way,no_sternpass,421,16.298239218603925,1,35.149999999999196,0
crossing_give_way,no_sternpass,422,34.051084117879554,1,27.54999999999983,0
crossing_give_way,no_sternpass,423,64.71336603930911,1,21.850000000000097,0
crossing_give_way,no_sternpass,424,26.93858886174597,1,31.84999999999943,0
crossing_give_way,no_sternpass,425,44.3090510609211,1,27.99999999999975,0
crossing_give_way,no_sternpass,426,46.40864545945902,1,19.450000000000276,0
crossing_give_way,no_sternpass,427,25.327433946192546,1,17.100000000000243,0
crossing_give_way,no_sternpass,428,25.104449852983276,1,23.750000000000185,0
crossing_give_way,no_sternpass,429,24.37631132525969,1,28.949999999999747,0
crossing_give_way,no_sternpass,430,21.03567534208981,1,22.800000000000296,0
crossing_give_way,no_sternpass,431,24.8521030545066,1,29.749999999999613,0
crossing_give_way,no_sternpass,432,16.406007148844626,1,32.59999999999948,0
crossing_give_way,no_sternpass,433,60.40670960617132,1,21.350000000000104,0
crossing_give_way,no_sternpass,434,38.7332042119769,1,21.450000000000305,0
crossing_give_way,no_sternpass,435,24.603228676896535,1,27.69999999999982,0
crossing_give_way,no_sternpass,436,24.211003825556975,1,19.550000000000278,0
crossing_give_way,no_sternpass,437,29.537186890347666,1,27.999999999999766,0
crossing_give_way,no_sternpass,438,24.842322401828724,1,19.150000000000272,0
crossing_give_way,no_sternpass,439,48.82203415547433,1,25.749999999999897,0
crossing_give_way,no_sternpass,440,28.882292115295442,1,24.600000000000083,0
crossing_give_way,no_sternpass,441,36.76253622218769,1,18.25000000000026,0
crossing_give_way,no_sternpass,442,35.94134250588217,1,22.100000000000303,0
crossing_give_way,no_sternpass,443,21.292505129252916,1,27.49999999999988,0
crossing_give_way,no_sternpass,444,45.14320025078182,1,29.1499999999997,0
crossing_give_way,no_sternpass,445,33.34586984352694,1,30.449999999999594,0
crossing_give_way,no_sternpass,446,13.34457044683341,1,42.549999999998576,0
crossing_give_way,no_sternpass,447,43.96278383683102,1,24.15000000000011,0
crossing_give_way,no_sternpass,448,38.18292812400818,1,24.800000000000075,0
crossing_give_way,no_sternpass,449,38.615400312049914,1,23.850000000000158,0
crossing_give_way,no_sternpass,450,55.76788128648708,1,19.350000000000275,0
crossing_give_way,no_sternpass,451,22.791221061201398,1,24.800000000000036,0
crossing_give_way,no_sternpass,452,21.674022687425914,1,18.750000000000266,0
crossing_give_way,no_sternpass,453,62.10372942262379,1,20.850000000000232,0
crossing_give_way,no_sternpass,454,27.34316227956237,1,16.85000000000024,0
crossing_give_way,no_sternpass,455,20.193919421661327,1,32.5999999999994,0
crossing_give_way,no_sternpass,456,95.72180520028336,0,0.0,0
crossing_give_way,no_sternpass,457,113.54126342435565,0,0.0,0
crossing_give_way,no_sternpass,458,32.17411624699501,1,23.800000000000153,0
crossing_give_way,no_sternpass,459,28.874798819971186,1,29.049999999999667,0
crossing_give_way,no_sternpass,460,45.22892403546295,1,18.40000000000026,0
crossing_give_way,no_sternpass,461,14.171636724885833,1,43.44999999999844,0
crossing_give_way,no_sternpass,462,27.231124081945268,1,28.949999999999722,0
crossing_give_way,no_sternpass,463,58.88744027907315,1,21.650000000000137,0
crossing_give_way,no_sternpass,464,33.57415885896267,1,19.60000000000028,0
crossing_give_way,no_sternpass,465,23.172264820096853,1,21.90000000000031,0
crossing_give_way,no_sternpass,466,21.552975288809524,1,28.349999999999746,0
crossing_give_way,no_sternpass,467,40.55413251079371,1,21.450000000000305,0
crossing_give_way,no_sternpass,468,35.316126285654356,1,29.449999999999722,0
crossing_give_way,no_sternpass,469,41.38901780132693,1,22.450000000000234,0
crossing_give_way,no_sternpass,470,42.8950356236799,1,28.249999999999755,0
crossing_give_way,no_sternpass,471,22.602943862272994,1,28.3499999999998,0
crossing_give_way,no_sternpass,472,13.862099577619395,1,42.749999999998515,0
crossing_give_way,no_sternpass,473,39.856449665233,1,26.249999999999904,0
crossing_give_way,no_sternpass,474,35.3663153638451,1,26.799999999999848,0
crossing_give_way,no_sternpass,475,19.74736137397025,1,26.950000000000028,0
crossing_give_way,no_sternpass,476,45.5502908807608,1,29.199999999999545,0
crossing_give_way,no_sternpass,477,14.53684540008338,1,39.499999999998835,0
crossing_give_way,no_sternpass,478,21.451169625178732,1,29.59999999999969,0
crossing_give_way,no_sternpass,479,22.125002185966792,1,41.54999999999883,0
crossing_give_way,no_sternpass,480,32.947402308714516,1,19.80000000000028,0
crossing_give_way,no_sternpass,481,19.54026090796013,1,34.499999999999226,0
crossing_give_way,no_sternpass,482,29.650534924629167,1,28.54999999999983,0
crossing_give_way,no_sternpass,483,21.434663084036053,1,28.24999999999969,0
crossing_give_way,no_sternpass,484,20.52555262022438,1,29.849999999999653,0
crossing_give_way,no_sternpass,485,22.610788385331006,1,18.450000000000255,0
crossing_give_way,no_sternpass,486,26.627577942637515,1,20.150000000000286,0
crossing_give_way,no_sternpass,487,13.496074750411381,1,44.64999999999836,0
crossing_give_way,no_sternpass,488,40.02668978013311,1,21.1500000000003,0
crossing_give_way,no_sternpass,489,42.734589295689574,1,32.39999999999937,0
crossing_give_way,no_sternpass,490,31.015035897580443,1,34.94999999999919,0
crossing_give_way,no_sternpass,491,33.31309554462993,1,27.849999999999834,0
crossing_give_way,no_sternpass,492,8.818857544423421,0,69.9999999999969,0
crossing_give_way,no_sternpass,493,15.287183080412241,1,32.54999999999942,0
crossing_give_way,no_sternpass,494,17.529587973240105,1,34.09999999999917,0
crossing_give_way,no_sternpass,495,17.87953960568284,1,30.799999999999645,0
crossing_give_way,no_sternpass,496,18.876247931040627,1,41.199999999998774,0
crossing_give_way,no_sternpass,497,28.676198502064498,1,15.050000000000201,0
crossing_give_way,no_sternpass,498,22.14434959899203,1,24.850000000000104,0
crossing_give_way,no_sternpass,499,33.75247106334547,1,20.30000000000029,0
crossing_give_way,no_anticipation,300,29.67401623292563,1,30.599999999999483,0
crossing_give_way,no_anticipation,301,21.96141933353986,1,19.500000000000277,0
crossing_give_way,no_anticipation,302,23.97245914064624,1,28.499999999999787,0
crossing_give_way,no_anticipation,303,37.34120785554497,1,23.850000000000072,0
crossing_give_way,no_anticipation,304,19.41738498568925,1,20.600000000000293,0
crossing_give_way,no_anticipation,305,22.53939717310502,1,19.05000000000027,0
crossing_give_way,no_anticipation,306,18.224291017423802,1,21.800000000000303,0
crossing_give_way,no_anticipation,307,20.09085727352283,1,29.099999999999664,0
crossing_give_way,no_anticipation,308,34.09682424612012,1,15.35000000000021,0
crossing_give_way,no_anticipation,309,16.820927660494768,1,24.750000000000057,0
crossing_give_way,no_anticipation,310,33.96252947569494,1,29.699999999999687,0
crossing_give_way,no_anticipation,311,20.511222399465865,1,29.949999999999537,0
crossing_give_way,no_anticipation,312,13.024102619439669,1,34.049999999999166,0
crossing_give_way,no_anticipation,313,14.444539621143646,1,31.999999999999417,0
crossing_give_way,no_anticipation,314,25.858192847191614,1,23.100000000000193,0
crossing_give_way,no_anticipation,315,32.812992141443594,1,23.40000000000014,0
crossing_give_way,no_anticipation,316,51.33369019436584,1,27.499999999999723,0
crossing_give_way,no_anticipation,317,37.123941618447205,1,25.750000000000025,0
crossing_give_way,no_anticipation,318,33.25717078456197,1,30.349999999999625,0
crossing_give_way,no_anticipation,319,56.54917297407423,1,16.650000000000237,0
crossing_give_way,no_anticipation,320,31.47240967149645,1,23.750000000000167,0
crossing_give_way,no_anticipation,321,45.22210984209838,1,24.949999999999932,0
crossing_give_way,no_anticipation,322,11.350516595556757,1,36.39999999999914,0
crossing_give_way,no_anticipation,323,9.505296883056683,1,39.89999999999874,0
crossing_give_way,no_anticipation,324,18.399360636986138,1,31.59999999999948,0
crossing_give_way,no_anticipation,325,30.39353079784238,1,29.149999999999686,0
crossing_give_way,no_anticipation,326,35.98629010007762,1,24.050000000000104,0
crossing_give_way,no_anticipation,327,10.691735084709178,1,37.59999999999893,0
crossing_give_way,no_anticipation,328,16.50414461211944,1,43.74999999999857,0
crossing_give_way,no_anticipation,329,14.575703510906742,1,30.849999999999575,0
crossing_give_way,no_anticipation,330,23.268641879663924,1,29.94999999999959,0
crossing_give_way,no_anticipation,331,24.79542352635182,1,32.74999999999936,0
crossing_give_way,no_anticipation,332,41.374895789439094,1,20.050000000000285,0
crossing_give_way,no_anticipation,333,26.042061462254456,1,29.89999999999968,0
crossing_give_way,no_anticipation,334,16.12304360621992,1,29.64999999999968,0
crossing_give_way,no_anticipation,335,60.04777564768596,1,19.850000000000282,0
crossing_give_way,no_anticipation,336,14.671546337755286,1,24.400000000000183,0
crossing_give_way,no_anticipation,337,46.05661374584442,1,17.60000000000025,0
crossing_give_way,no_anticipation,338,44.150519949307565,1,25.600000000000037,0
crossing_give_way,no_anticipation,339,45.0382204091583,1,16.400000000000233,0
crossing_give_way,no_anticipation,340,27.742360857059655,1,24.5000000000001,0
crossing_give_way,no_anticipation,341,25.728359805940517,1,30.749999999999485,0
crossing_give_way,no_anticipation,342,66.36778313038533,1,23.99999999999984,0
crossing_give_way,no_anticipation,343,35.66694504446525,1,18.25000000000026,0
crossing_give_way,no_anticipation,344,40.892116864893154,1,26.599999999999834,0
crossing_give_way,no_anticipation,345,14.35496971320933,1,25.45000000000008,0
crossing_give_way,no_anticipation,346,31.46021531040357,1,32.549999999999365,0
crossing_give_way,no_anticipation,347,60.27609527518207,1,22.950000000000024,0
crossing_give_way,no_anticipation,348,12.935829843544958,1,34.99999999999911,0
crossing_give_way,no_anticipation,349,41.28084306647139,1,24.50000000000008,0
crossing_give_way,no_anticipation,350,21.90153093485441,1,48.099999999998374,0
crossing_give_way,no_anticipation,351,15.449973221729548,1,32.449999999999335,0
crossing_give_way,no_anticipation,352,9.538993569701148,0,25.64999999999988,0
crossing_give_way,no_anticipation,353,31.392732611157957,1,23.250000000000213,0
crossing_give_way,no_anticipation,354,33.05151794126305,1,24.600000000000062,0
crossing_give_way,no_anticipation,355,44.15424449288037,1,20.750000000000295,0
crossing_give_way,no_anticipation,356,14.724174585336687,1,30.84999999999954,0
crossing_give_way,no_anticipation,357,29.028543324993098,1,15.350000000000218,0
crossing_give_way,no_anticipation,358,16.539990976193465,1,29.149999999999643,0
crossing_give_way,no_anticipation,359,24.840450111588527,1,21.80000000000031,0
crossing_give_way,no_anticipation,360,19.095767003694405,1,28.64999999999974,0
crossing_give_way,no_anticipation,361,39.432934257191825,1,31.3999999999994,0
crossing_give_way,no_anticipation,362,13.692007255712884,1,34.349999999999255,0
crossing_give_way,no_anticipation,363,11.536234887934821,0,31.649999999999025,0
crossing_give_way,no_anticipation,364,17.496539761070665,1,28.449999999999726,0
crossing_give_way,no_anticipation,365,14.647058497610525,0,33.349999999998786,0
crossing_give_way,no_anticipation,366,44.401501327605416,1,23.700000000000106,0
crossing_give_way,no_anticipation,367,57.97977988693601,1,29.69999999999942,0
crossing_give_way,no_anticipation,368,14.863558948495129,1,30.949999999999424,0
crossing_give_way,no_anticipation,369,112.78337056551544,0,0.0,0
crossing_give_way,no_anticipation,370,17.302210839030476,1,17.60000000000025,0
crossing_give_way,no_anticipation,371,42.26417869029773,1,21.450000000000305,0
crossing_give_way,no_anticipation,372,47.245750648268064,1,17.400000000000247,0
crossing_give_way,no_anticipation,373,19.688431111134644,1,22.400000000000265,0
crossing_give_way,no_anticipation,374,58.765049054818405,1,19.450000000000276,0
crossing_give_way,no_anticipation,375,22.90862200705723,1,21.0000000000003,0
crossing_give_way,no_anticipation,376,11.369934434074484,1,36.94999999999902,0
crossing_give_way,no_anticipation,377,49.86274418937618,1,27.099999999999778,0
crossing_give_way,no_anticipation,378,41.596989091735495,1,27.499999999999826,0
crossing_give_way,no_anticipation,379,46.26993301702346,1,28.14999999999968,0
crossing_give_way,no_anticipation,380,31.99883768000061,1,31.799999999999475,0
crossing_give_way,no_anticipation,381,24.57490547477328,1,23.600000000000136,0
crossing_give_way,no_anticipation,382,17.308555468693882,1,23.650000000000194,0
crossing_give_way,no_anticipation,383,51.82174134013834,1,58.69999999999749,0
crossing_give_way,no_anticipation,384,27.166782355635558,1,33.19999999999921,0
crossing_give_way,no_anticipation,385,20.350089212350234,1,31.749999999999417,0
crossing_give_way,no_anticipation,386,14.96897328465675,1,32.699999999999335,0
crossing_give_way,no_anticipation,387,22.961549315914457,1,25.000000000000046,0
crossing_give_way,no_anticipation,388,15.039138626224913,1,30.69999999999952,0
crossing_give_way,no_anticipation,389,13.73680774737646,1,34.59999999999922,0
crossing_give_way,no_anticipation,390,32.78026315613728,1,29.34999999999969,0
crossing_give_way,no_anticipation,391,17.18454929209005,1,23.900000000000123,0
crossing_give_way,no_anticipation,392,23.691828384612336,1,30.9999999999995,0
crossing_give_way,no_anticipation,393,30.65941248519359,1,24.150000000000116,0
crossing_give_way,no_anticipation,394,22.219879345373354,1,26.49999999999995,0
crossing_give_way,no_anticipation,395,51.77609720802446,1,29.949999999999513,0
crossing_give_way,no_anticipation,396,28.126081342429593,1,23.45000000000022,0
crossing_give_way,no_anticipation,397,17.858017411500104,1,21.0000000000003,0
crossing_give_way,no_anticipation,398,34.639063869084865,1,33.049999999999386,0
crossing_give_way,no_anticipation,399,28.85341171687874,1,24.2500000000001,0
crossing_give_way,no_anticipation,400,48.83470927625469,1,24.100000000000044,0
crossing_give_way,no_anticipation,401,38.339725258752125,1,29.399999999999658,0
crossing_give_way,no_anticipation,402,26.047862345388445,1,28.049999999999784,0
crossing_give_way,no_anticipation,403,41.613844420721634,1,21.750000000000238,0
crossing_give_way,no_anticipation,404,38.98837702594593,1,24.65000000000008,0
crossing_give_way,no_anticipation,405,50.54883137352486,1,24.35000000000002,0
crossing_give_way,no_anticipation,406,32.71653513528073,1,23.75000000000015,0
crossing_give_way,no_anticipation,407,16.22204786227671,1,27.799999999999862,0
crossing_give_way,no_anticipation,408,16.36102845346748,1,33.34999999999931,0
crossing_give_way,no_anticipation,409,16.097944182295418,1,35.04999999999913,0
crossing_give_way,no_anticipation,410,50.007600722636106,1,16.750000000000238,0
crossing_give_way,no_anticipation,411,46.51789901426026,1,22.550000000000182,0
crossing_give_way,no_anticipation,412,36.97318257981476,1,18.550000000000264,0
crossing_give_way,no_anticipation,413,13.961125419257963,1,36.69999999999901,0
crossing_give_way,no_anticipation,414,24.47961554286999,1,23.100000000000193,0
crossing_give_way,no_anticipation,415,22.260661883886158,1,31.34999999999952,0
crossing_give_way,no_anticipation,416,38.895433003814915,1,28.399999999999785,0
crossing_give_way,no_anticipation,417,15.492107395604815,1,29.2499999999997,0
crossing_give_way,no_anticipation,418,17.44259484125321,1,22.20000000000028,0
crossing_give_way,no_anticipation,419,14.860636241017705,1,34.0999999999992,0
crossing_give_way,no_anticipation,420,43.769385229554054,1,27.39999999999984,0
crossing_give_way,no_anticipation,421,13.15932406756207,1,33.3499999999993,0
crossing_give_way,no_anticipation,422,34.051084117879554,1,27.54999999999983,0
crossing_give_way,no_anticipation,423,64.71336603930911,1,21.850000000000097,0
crossing_give_way,no_anticipation,424,26.93858886174597,1,31.84999999999943,0
crossing_give_way,no_anticipation,425,44.3090510609211,1,27.99999999999975,0
crossing_give_way,no_anticipation,426,46.40864545945902,1,19.450000000000276,0
crossing_give_way,no_anticipation,427,23.88792175725927,1,16.85000000000024,0
crossing_give_way,no_anticipation,428,25.104449852983276,1,23.750000000000185,0
crossing_give_way,no_anticipation,429,24.37631132525969,1,28.949999999999747,0
crossing_give_way,no_anticipation,430,17.656507222048173,1,21.75000000000031,0
crossing_give_way,no_anticipation,431,24.8521030545066,1,29.749999999999613,0
crossing_give_way,no_anticipation,432,15.3254655177366,1,30.99999999999957,0
crossing_give_way,no_anticipation,433,60.40670960617132,1,21.350000000000104,0
crossing_give_way,no_anticipation,434,38.7332042119769,1,21.450000000000305,0
crossing_give_way,no_anticipation,435,24.603228676896535,1,27.69999999999982,0
crossing_give_way,no_anticipation,436,22.209283975317838,1,18.050000000000257,0
crossing_give_way,no_anticipation,437,29.537186890347666,1,27.999999999999766,0
crossing_give_way,no_anticipation,438,23.781601889154082,1,18.90000000000027,0
crossing_give_way,no_anticipation,439,48.82203415547433,1,25.749999999999897,0
crossing_give_way,no_anticipation,440,28.882292115295442,1,24.600000000000083,0
crossing_give_way,no_anticipation,441,36.76253622218769,1,18.25000000000026,0
crossing_give_way,no_anticipation,442,35.94134250588217,1,22.100000000000303,0
crossing_give_way,no_anticipation,443,19.204933031394887,1,26.749999999999922,0
crossing_give_way,no_anticipation,444,45.14320025078182,1,29.1499999999997,0
crossing_give_way,no_anticipation,445,33.34586984352694,1,30.449999999999594,0
crossing_give_way,no_anticipation,446,11.16651427231759,1,41.149999999998656,0
crossing_give_way,no_anticipation,447,43.96278383683102,1,24.15000000000011,0
crossing_give_way,no_anticipation,448,38.18292812400818,1,24.800000000000075,0
crossing_give_way,no_anticipation,449,38.615400312049914,1,23.850000000000158,0
crossing_give_way,no_anticipation,450,55.76788128648708,1,19.350000000000275,0
crossing_give_way,no_anticipation,451,21.778378725527055,1,24.500000000000053,0
crossing_give_way,no_anticipation,452,17.665058577229395,1,17.850000000000254,0
crossing_give_way,no_anticipation,453,62.10372942262379,1,20.850000000000232,0
crossing_give_way,no_anticipation,454,27.34316227956237,1,16.85000000000024,0
crossing_give_way,no_anticipation,455,20.193919421661327,1,32.5999999999994,0
crossing_give_way,no_anticipation,456,95.72180520028336,0,0.0,0
crossing_give_way,no_anticipation,457,113.54126342435565,0,0.0,0
crossing_give_way,no_anticipation,458,32.17411624699501,1,23.800000000000153,0
crossing_give_way,no_anticipation,459,28.874798819971186,1,29.049999999999667,0
crossing_give_way,no_anticipation,460,45.22892403546295,1,18.40000000000026,0
crossing_give_way,no_anticipation,461,9.150951971645112,1,39.999999999998636,0
crossing_give_way,no_anticipation,462,27.231124081945268,1,28.949999999999722,0
crossing_give_way,no_anticipation,463,58.88744027907315,1,21.650000000000137,0
crossing_give_way,no_anticipation,464,33.57415885896267,1,19.60000000000028,0
crossing_give_way,no_anticipation,465,21.41732221743148,1,21.400000000000304,0
crossing_give_way,no_anticipation,466,20.92386299154604,1,28.149999999999757,0
crossing_give_way,no_anticipation,467,40.55413251079371,1,21.450000000000305,0
crossing_give_way,no_anticipation,468,35.316126285654356,1,29.449999999999722,0
crossing_give_way,no_anticipation,469,41.38901780132693,1,22.450000000000234,0
crossing_give_way,no_anticipation,470,42.8950356236799,1,28.249999999999755,0
crossing_give_way,no_anticipation,471,22.602943862272994,1,28.3499999999998,0
crossing_give_way,no_anticipation,472,9.275447742953844,1,39.84999999999868,0
crossing_give_way,no_anticipation,473,39.856449665233,1,26.249999999999904,0
crossing_give_way,no_anticipation,474,35.3663153638451,1,26.799999999999848,0
crossing_give_way,no_anticipation,475,16.910875418326285,1,25.450000000000113,0
crossing_give_way,no_anticipation,476,45.5502908807608,1,29.199999999999545,0
crossing_give_way,no_anticipation,477,10.490131969499481,1,37.34999999999896,0
crossing_give_way,no_anticipation,478,21.291472568675374,1,29.499999999999694,0
crossing_give_way,no_anticipation,479,22.125002185966792,1,41.54999999999883,0
crossing_give_way,no_anticipation,480,32.947402308714516,1,19.80000000000028,0
crossing_give_way,no_anticipation,481,19.54026090796013,1,34.499999999999226,0
crossing_give_way,no_anticipation,482,29.650534924629167,1,28.54999999999983,0
crossing_give_way,no_anticipation,483,20.372574827997234,1,27.849999999999714,0
crossing_give_way,no_anticipation,484,18.77143708003489,1,29.099999999999696,0
crossing_give_way,no_anticipation,485,18.745994590770273,1,17.700000000000244,0
crossing_give_way,no_anticipation,486,26.627577942637515,1,20.150000000000286,0
crossing_give_way,no_anticipation,487,9.214096879251235,1,41.59999999999853,0
crossing_give_way,no_anticipation,488,40.02668978013311,1,21.1500000000003,0
crossing_give_way,no_anticipation,489,42.734589295689574,1,32.39999999999937,0
crossing_give_way,no_anticipation,490,31.015035897580443,1,34.94999999999919,0
crossing_give_way,no_anticipation,491,33.31309554462993,1,27.849999999999834,0
crossing_give_way,no_anticipation,492,10.355907544583792,1,41.14999999999853,0
crossing_give_way,no_anticipation,493,14.700125143184788,1,30.84999999999952,0
crossing_give_way,no_anticipation,494,14.321403127273012,1,32.599999999999255,0
crossing_give_way,no_anticipation,495,16.197069020708373,1,29.29999999999973,0
crossing_give_way,no_anticipation,496,18.876247931040627,1,41.199999999998774,0
crossing_give_way,no_anticipation,497,28.676198502064498,1,15.050000000000201,0
crossing_give_way,no_anticipation,498,20.03004825054604,1,24.25000000000014,0
crossing_give_way,no_anticipation,499,33.75247106334547,1,20.30000000000029,0
crossing_give_way,c3bf,300,32.582032968170736,0,27.449999999999662,0
crossing_give_way,c3bf,301,25.04728734090562,0,19.900000000000283,0
crossing_give_way,c3bf,302,32.924731561592296,0,24.150000000000034,0
crossing_give_way,c3bf,303,26.57674953824707,1,25.050000000000004,0
crossing_give_way,c3bf,304,28.22989755854905,0,19.900000000000283,0
crossing_give_way,c3bf,305,24.07944273416126,0,19.70000000000028,0
crossing_give_way,c3bf,306,31.12376548048988,0,19.950000000000284,0
crossing_give_way,c3bf,307,38.52271966753275,0,24.349999999999934,0
crossing_give_way,c3bf,308,30.87512027193256,1,15.700000000000214,0
crossing_give_way,c3bf,309,36.64378689402263,0,20.30000000000029,0
crossing_give_way,c3bf,310,28.048254813168235,0,27.849999999999792,0
crossing_give_way,c3bf,311,38.813358078489,0,24.79999999999983,0
crossing_give_way,c3bf,312,48.92543221825926,0,23.999999999999737,0
crossing_give_way,c3bf,313,46.3997825905714,0,23.199999999999918,0
crossing_give_way,c3bf,314,26.74153214715903,0,22.45000000000023,0
crossing_give_way,c3bf,315,22.090843009441365,0,24.45000000000008,0
crossing_give_way,c3bf,316,31.21584713548494,1,28.39999999999967,0
crossing_give_way,c3bf,317,21.655245086862248,0,26.749999999999968,0
crossing_give_way,c3bf,318,28.79955143500674,0,27.849999999999767,0
crossing_give_way,c3bf,319,41.58253728738845,1,17.400000000000247,0
crossing_give_way,c3bf,320,23.42605263079241,0,24.25000000000014,0
crossing_give_way,c3bf,321,30.047087080007007,1,24.99999999999993,0
crossing_give_way,c3bf,322,63.63240561138206,0,16.80000000000024,0
crossing_give_way,c3bf,323,62.707203793487864,0,21.349999999999795,0
crossing_give_way,c3bf,324,42.88700120997986,0,24.999999999999854,0
crossing_give_way,c3bf,325,29.047912373387344,0,26.199999999999854,0
crossing_give_way,c3bf,326,20.62389780441972,0,25.650000000000013,0
crossing_give_way,c3bf,327,54.782127610837165,0,23.84999999999971,0
crossing_give_way,c3bf,328,49.08561476596394,0,26.749999999999538,0
crossing_give_way,c3bf,329,46.563997379480845,0,20.500000000000163,0
crossing_give_way,c3bf,330,34.32335622174246,0,24.449999999999903,0
crossing_give_way,c3bf,331,38.20984433606555,0,27.099999999999678,0
crossing_give_way,c3bf,332,31.02894681307935,1,20.550000000000292,0
crossing_give_way,c3bf,333,32.91589598060824,0,25.14999999999995,0
crossing_give_way,c3bf,334,41.11667126634369,0,22.500000000000085,0
crossing_give_way,c3bf,335,41.61177320891329,1,20.550000000000292,0
crossing_give_way,c3bf,336,41.3141445760565,0,18.40000000000026,0
crossing_give_way,c3bf,337,35.04244839159045,1,18.000000000000256,0
crossing_give_way,c3bf,338,28.770734496728572,1,26.299999999999997,0
crossing_give_way,c3bf,339,35.25070504264712,1,16.850000000000236,0
crossing_give_way,c3bf,340,26.61609850718265,0,23.500000000000156,0
crossing_give_way,c3bf,341,35.54476268247305,0,26.44999999999973,0
crossing_give_way,c3bf,342,43.98309580264668,1,25.199999999999772,0
crossing_give_way,c3bf,343,29.81468149467514,1,18.700000000000266,0
crossing_give_way,c3bf,344,26.883958928129438,1,27.099999999999806,0
crossing_give_way,c3bf,345,41.39789231863121,0,19.250000000000274,0
crossing_give_way,c3bf,346,31.160370786911876,0,28.099999999999618,0
crossing_give_way,c3bf,347,39.2674810909418,1,24.44999999999994,0
crossing_give_way,c3bf,348,49.88552375394558,0,24.349999999999717,0
crossing_give_way,c3bf,349,27.975103832406347,1,25.300000000000036,0
crossing_give_way,c3bf,350,45.49293303665251,0,29.399999999999434,0
crossing_give_way,c3bf,351,44.72864824459696,0,24.449999999999786,0
crossing_give_way,c3bf,352,46.09118846765325,0,18.30000000000026,0
crossing_give_way,c3bf,353,22.971494995135117,0,23.950000000000173,0
crossing_give_way,c3bf,354,23.12010211337726,0,25.00000000000004,0
crossing_give_way,c3bf,355,31.666501639797065,1,21.450000000000305,0
crossing_give_way,c3bf,356,45.767556498779896,0,22.999999999999986,0
crossing_give_way,c3bf,357,28.07825787439999,1,16.650000000000237,0
crossing_give_way,c3bf,358,41.05164335087714,0,23.499999999999964,0
crossing_give_way,c3bf,359,25.897412580729554,0,21.650000000000308,0
crossing_give_way,c3bf,360,36.92332768728986,0,23.100000000000055,0
crossing_give_way,c3bf,361,24.24335513510577,0,30.04999999999948,0
crossing_give_way,c3bf,362,54.104426497882564,0,20.550000000000043,0
crossing_give_way,c3bf,363,69.66511671684849,0,0.0,0
crossing_give_way,c3bf,364,38.1614423860808,0,22.700000000000053,0
crossing_give_way,c3bf,365,77.99969745273421,0,0.0,0
crossing_give_way,c3bf,366,29.68455895067872,1,24.900000000000038,0
crossing_give_way,c3bf,367,33.634079547477356,1,31.64999999999931,0
crossing_give_way,c3bf,368,46.84360133084699,0,22.149999999999924,0
crossing_give_way,c3bf,369,112.78337056551544,0,0.0,0
crossing_give_way,c3bf,370,29.33524787418734,0,17.300000000000246,0
crossing_give_way,c3bf,371,30.597622991530677,1,21.80000000000029,0
crossing_give_way,c3bf,372,35.67639797023972,1,17.900000000000254,0
crossing_give_way,c3bf,373,29.95343063764162,0,20.800000000000296,0
crossing_give_way,c3bf,374,41.08405066479927,1,20.000000000000284,0
crossing_give_way,c3bf,375,26.168706856834916,0,20.850000000000296,0
crossing_give_way,c3bf,376,55.70848941194908,0,22.799999999999823,0
crossing_give_way,c3bf,377,30.996077079247794,1,27.299999999999766,0
crossing_give_way,c3bf,378,26.30258175379941,1,28.749999999999755,0
crossing_give_way,c3bf,379,28.515868877837605,1,28.49999999999966,0
crossing_give_way,c3bf,380,29.828242713939886,0,27.749999999999705,0
crossing_give_way,c3bf,381,28.270936743959453,0,22.450000000000202,0
crossing_give_way,c3bf,382,35.282792207242,0,20.100000000000286,0
crossing_give_way,c3bf,383,27.738433402044063,1,45.84999999999822,0
crossing_give_way,c3bf,384,35.30883319854529,0,27.699999999999523,0
crossing_give_way,c3bf,385,40.16303452893461,0,25.449999999999775,0
crossing_give_way,c3bf,386,45.52507642420758,0,24.349999999999813,0
crossing_give_way,c3bf,387,30.644397543029616,0,22.65000000000018,0
crossing_give_way,c3bf,388,43.755528854488524,0,23.599999999999923,0
crossing_give_way,c3bf,389,53.344178887086485,0,21.299999999999976,0
crossing_give_way,c3bf,390,26.729198775639702,0,26.749999999999837,0
crossing_give_way,c3bf,391,35.176372277068346,0,20.050000000000285,0
crossing_give_way,c3bf,392,37.01473126516326,0,25.999999999999783,0
crossing_give_way,c3bf,393,24.439631714351545,0,24.150000000000116,0
crossing_give_way,c3bf,394,32.694353784723184,0,23.050000000000146,0
crossing_give_way,c3bf,395,28.77694440043301,1,34.149999999999274,0
crossing_give_way,c3bf,396,25.7416869478015,0,23.150000000000237,0
crossing_give_way,c3bf,397,31.769131216033244,0,19.00000000000027,0
crossing_give_way,c3bf,398,29.3493784170423,0,29.249999999999602,0
crossing_give_way,c3bf,399,25.799406204124715,0,23.650000000000134,0
crossing_give_way,c3bf,400,31.983002974049725,1,24.650000000000013,0
crossing_give_way,c3bf,401,23.15536224927984,0,28.44999999999971,0
crossing_give_way,c3bf,402,33.61608354651267,0,25.449999999999932,0
crossing_give_way,c3bf,403,30.134032515768258,1,22.100000000000218,0
crossing_give_way,c3bf,404,26.9342303079838,1,25.55000000000003,0
crossing_give_way,c3bf,405,32.92103629488741,1,24.749999999999996,0
crossing_give_way,c3bf,406,22.561799083887223,0,24.550000000000104,0
crossing_give_way,c3bf,407,41.07818046089854,0,21.050000000000246,0
crossing_give_way,c3bf,408,45.70722378117284,0,24.999999999999783,0
crossing_give_way,c3bf,409,47.38919707177771,0,25.499999999999673,0
crossing_give_way,c3bf,410,38.06848502402078,1,16.95000000000024,0
crossing_give_way,c3bf,411,31.9304754897858,1,22.900000000000162,0
crossing_give_way,c3bf,412,30.063689189733264,1,19.05000000000027,0
crossing_give_way,c3bf,413,50.45557278776954,0,25.149999999999665,0
crossing_give_way,c3bf,414,27.686568133559348,0,22.200000000000244,0
crossing_give_way,c3bf,415,39.32037273766144,0,25.84999999999983,0
crossing_give_way,c3bf,416,22.005101792446126,0,28.1499999999998,0
crossing_give_way,c3bf,417,44.93146785470114,0,21.850000000000122,0
crossing_give_way,c3bf,418,33.5666465432054,0,19.400000000000276,0
crossing_give_way,c3bf,419,47.380391969060696,0,24.749999999999726,0
crossing_give_way,c3bf,420,27.253635447226838,1,28.699999999999765,0
crossing_give_way,c3bf,421,49.54138991280919,0,23.39999999999986,0
crossing_give_way,c3bf,422,25.252455671161204,0,26.599999999999884,0
crossing_give_way,c3bf,423,43.69376636648466,1,23.100000000000026,0
crossing_give_way,c3bf,424,35.80456515376311,0,27.24999999999969,0
crossing_give_way,c3bf,425,27.54753106563585,1,28.54999999999972,0
crossing_give_way,c3bf,426,33.999775030245765,1,19.75000000000028,0
crossing_give_way,c3bf,427,21.446781483527374,0,19.250000000000274,0
crossing_give_way,c3bf,428,27.76483246972211,0,22.550000000000253,0
crossing_give_way,c3bf,429,33.33885299064111,0,24.400000000000006,0
crossing_give_way,c3bf,430,32.83579504112876,0,19.350000000000275,0
crossing_give_way,c3bf,431,33.14580504118573,0,24.749999999999897,0
crossing_give_way,c3bf,432,45.89923441917418,0,21.450000000000113,0
crossing_give_way,c3bf,433,40.97455010092823,1,21.900000000000073,0
crossing_give_way,c3bf,434,29.082418455890107,1,21.90000000000028,0
crossing_give_way,c3bf,435,31.316862000103693,0,23.950000000000035,0
crossing_give_way,c3bf,436,24.419117665453225,0,19.70000000000028,0
crossing_give_way,c3bf,437,28.198437217477473,0,25.249999999999922,0
crossing_give_way,c3bf,438,23.152432957172454,0,19.900000000000283,0
crossing_give_way,c3bf,439,30.724138427838195,1,26.74999999999984,0
crossing_give_way,c3bf,440,26.118966870413974,0,23.80000000000013,0
crossing_give_way,c3bf,441,29.970166720289722,1,18.95000000000027,0
crossing_give_way,c3bf,442,27.228809069019984,1,22.950000000000255,0
crossing_give_way,c3bf,443,35.09702508558499,0,22.500000000000163,0
crossing_give_way,c3bf,444,27.18246115536232,1,29.999999999999652,0
crossing_give_way,c3bf,445,27.187000580782477,0,27.299999999999773,0
crossing_give_way,c3bf,446,63.70800108601983,0,20.04999999999985,0
crossing_give_way,c3bf,447,29.467824411675846,1,24.85000000000007,0
crossing_give_way,c3bf,448,26.49449032776628,1,25.700000000000024,0
crossing_give_way,c3bf,449,27.308442564518963,1,24.650000000000112,0
crossing_give_way,c3bf,450,39.45479826888799,1,19.60000000000028,0
crossing_give_way,c3bf,451,30.536511569792843,0,22.150000000000187,0
crossing_give_way,c3bf,452,29.341513143451298,0,17.65000000000025,0
crossing_give_way,c3bf,453,42.28453424182889,1,21.900000000000173,0
crossing_give_way,c3bf,454,19.42499819693235,0,20.150000000000286,0
crossing_give_way,c3bf,455,41.34979654314998,0,25.79999999999978,0
crossing_give_way,c3bf,456,95.72180520028336,0,0.0,0
crossing_give_way,c3bf,457,113.54126342435565,0,0.0,0
crossing_give_way,c3bf,458,23.271242876362844,0,24.450000000000117,0
crossing_give_way,c3bf,459,32.10404582166148,0,26.599999999999806,0
crossing_give_way,c3bf,460,34.03538179094228,1,18.800000000000267,0
crossing_give_way,c3bf,461,61.14439738898919,0,22.149999999999647,0
crossing_give_way,c3bf,462,30.910350992745613,0,25.049999999999944,0
crossing_give_way,c3bf,463,39.65696124680656,1,22.250000000000103,0
crossing_give_way,c3bf,464,28.0188935780262,1,20.250000000000288,0
crossing_give_way,c3bf,465,27.73764924057439,0,20.700000000000294,0
crossing_give_way,c3bf,466,35.06829711439597,0,23.35000000000003,0
crossing_give_way,c3bf,467,29.505880454194465,1,22.200000000000273,0
crossing_give_way,c3bf,468,25.25042540826036,0,27.39999999999984,0
crossing_give_way,c3bf,469,29.346259153897854,1,23.100000000000197,0
crossing_give_way,c3bf,470,26.46700239197585,1,29.449999999999687,0
crossing_give_way,c3bf,471,34.31717357511032,0,23.800000000000058,0
crossing_give_way,c3bf,472,62.506344706475204,0,21.499999999999723,0
crossing_give_way,c3bf,473,26.249825338338244,1,27.39999999999984,0
crossing_give_way,c3bf,474,23.513810195490045,0,26.649999999999856,0
crossing_give_way,c3bf,475,37.83067911280691,0,20.850000000000296,0
crossing_give_way,c3bf,476,26.297929512091546,1,32.049999999999386,0
crossing_give_way,c3bf,477,55.888445096207974,0,23.549999999999738,0
crossing_give_way,c3bf,478,36.101385140622604,0,23.900000000000013,0
crossing_give_way,c3bf,479,42.374560003333855,0,27.69999999999962,0
crossing_give_way,c3bf,480,27.36583750129075,1,20.650000000000293,0
crossing_give_way,c3bf,481,43.5181883312756,0,26.29999999999969,0
crossing_give_way,c3bf,482,29.172053953282926,0,25.55,0
crossing_give_way,c3bf,483,34.34060535190537,0,23.099999999999984,0
crossing_give_way,c3bf,484,37.674224008927126,0,23.20000000000003,0
crossing_give_way,c3bf,485,27.677369190274373,0,18.10000000000025,0
crossing_give_way,c3bf,486,22.87368489225499,0,21.250000000000302,0
crossing_give_way,c3bf,487,65.471631395106,0,0.0,0
crossing_give_way,c3bf,488,29.425443429133697,1,21.950000000000312,0
crossing_give_way,c3bf,489,22.374119521521372,0,31.39999999999943,0
crossing_give_way,c3bf,490,32.55722789365813,0,28.69999999999955,0
crossing_give_way,c3bf,491,26.127203869748364,0,26.54999999999991,0
crossing_give_way,c3bf,492,64.06161941327827,0,20.24999999999972,0
crossing_give_way,c3bf,493,48.28175183092822,0,21.30000000000006,0
crossing_give_way,c3bf,494,45.00053552271721,0,24.04999999999974,0
crossing_give_way,c3bf,495,41.66877655169127,0,21.450000000000177,0
crossing_give_way,c3bf,496,45.86303543745523,0,26.799999999999592,0
crossing_give_way,c3bf,497,28.71984653756929,1,15.500000000000208,0
crossing_give_way,c3bf,498,32.18465333309891,0,21.700000000000284,0
crossing_give_way,c3bf,499,27.574621648770847,1,21.0000000000003,0
crossing_give_way,no_nominal_shaping,300,21.910891480109832,0,10.349999999999412,0
crossing_give_way,no_nominal_shaping,301,21.7862370024525,0,17.350000000000055,0
crossing_give_way,no_nominal_shaping,302,22.07025012954288,0,9.949999999999775,0
crossing_give_way,no_nominal_shaping,303,12.864067261823239,1,24.349999999999184,0
crossing_give_way,no_nominal_shaping,304,21.98994298470606,0,12.900000000000183,0
crossing_give_way,no_nominal_shaping,305,21.7668955781058,0,19.749999999999936,0
crossing_give_way,no_nominal_shaping,306,22.28387536576519,0,10.650000000000151,0
crossing_give_way,no_nominal_shaping,307,27.321501271924372,0,0.0,0
crossing_give_way,no_nominal_shaping,308,20.214905565624345,1,10.400000000000148,0
crossing_give_way,no_nominal_shaping,309,23.989896675381438,0,6.050000000000086,0
crossing_give_way,no_nominal_shaping,310,17.56360880520634,0,15.149999999999363,0
crossing_give_way,no_nominal_shaping,311,28.115333895223536,0,0.0,0
crossing_give_way,no_nominal_shaping,312,45.111214578696895,0,0.0,0
crossing_give_way,no_nominal_shaping,313,41.00381506882814,0,0.0,0
crossing_give_way,no_nominal_shaping,314,21.644290686024334,0,15.949999999999825,0
crossing_give_way,no_nominal_shaping,315,11.511114710142909,1,36.14999999999862,0
crossing_give_way,no_nominal_shaping,316,14.088489229803503,1,9.249999999999474,0
crossing_give_way,no_nominal_shaping,317,12.19785778342629,1,38.64999999999837,0
crossing_give_way,no_nominal_shaping,318,19.23360307337404,0,15.499999999999293,0
crossing_give_way,no_nominal_shaping,319,30.7017617287317,1,0.0,0
crossing_give_way,no_nominal_shaping,320,15.02047666792447,1,28.649999999999082,0
crossing_give_way,no_nominal_shaping,321,13.630253194583505,1,11.249999999999702,0
crossing_give_way,no_nominal_shaping,322,63.457730400840305,0,0.0,0
crossing_give_way,no_nominal_shaping,323,62.50714921464741,0,0.0,0
crossing_give_way,no_nominal_shaping,324,35.352300147095654,0,0.0,0
crossing_give_way,no_nominal_shaping,325,21.537531754664883,0,14.49999999999945,0
crossing_give_way,no_nominal_shaping,326,11.836837625047139,1,29.04999999999898,0
crossing_give_way,no_nominal_shaping,327,53.149769350868944,0,0.0,0
crossing_give_way,no_nominal_shaping,328,45.58951723111605,0,0.0,0
crossing_give_way,no_nominal_shaping,329,40.7839112926029,0,0.0,0
crossing_give_way,no_nominal_shaping,330,22.453197938499542,0,8.399999999999647,0
crossing_give_way,no_nominal_shaping,331,27.530790162413535,0,0.0,0
crossing_give_way,no_nominal_shaping,332,12.319047526438169,1,11.70000000000016,0
crossing_give_way,no_nominal_shaping,333,22.012591249925936,0,9.99999999999967,0
crossing_give_way,no_nominal_shaping,334,31.601820873258912,0,0.0,0
crossing_give_way,no_nominal_shaping,335,30.775277306497298,1,0.0,0
crossing_give_way,no_nominal_shaping,336,31.336519379996968,0,0.0,0
crossing_give_way,no_nominal_shaping,337,20.434721004936907,1,6.900000000000098,0
crossing_give_way,no_nominal_shaping,338,6.782237757794511,1,28.049999999998885,0
crossing_give_way,no_nominal_shaping,339,21.08324406720176,1,6.900000000000098,0
crossing_give_way,no_nominal_shaping,340,21.567863817193697,0,17.19999999999969,0
crossing_give_way,no_nominal_shaping,341,22.975085641085034,0,6.299999999999642,0
crossing_give_way,no_nominal_shaping,342,35.37440680230274,1,0.0,0
crossing_give_way,no_nominal_shaping,343,17.58207175698157,1,11.350000000000161,0
crossing_give_way,no_nominal_shaping,344,13.978166216849646,1,20.449999999999203,0
crossing_give_way,no_nominal_shaping,345,31.51913031210236,0,0.0,0
crossing_give_way,no_nominal_shaping,346,21.697452495776332,0,12.14999999999931,0
crossing_give_way,no_nominal_shaping,347,26.28748193605742,1,0.0,0
crossing_give_way,no_nominal_shaping,348,46.51630204581023,0,0.0,0
crossing_give_way,no_nominal_shaping,349,6.851862018646703,1,27.899999999998965,0
crossing_give_way,no_nominal_shaping,350,40.50306559035818,0,0.0,0
crossing_give_way,no_nominal_shaping,351,38.56841289871595,0,0.0,0
crossing_give_way,no_nominal_shaping,352,39.61091275049634,0,0.0,0
crossing_give_way,no_nominal_shaping,353,15.153480102560271,1,24.99999999999933,0
crossing_give_way,no_nominal_shaping,354,15.249298755417934,1,25.099999999999184,0
crossing_give_way,no_nominal_shaping,355,15.5380636173583,1,10.000000000000142,0
crossing_give_way,no_nominal_shaping,356,39.920570546736045,0,0.0,0
crossing_give_way,no_nominal_shaping,357,9.996442474269609,1,17.60000000000024,0
crossing_give_way,no_nominal_shaping,358,31.892659896833553,0,0.0,0
crossing_give_way,no_nominal_shaping,359,21.67808499950628,0,16.999999999999925,0
crossing_give_way,no_nominal_shaping,360,24.073367358213826,0,0.0,0
crossing_give_way,no_nominal_shaping,361,13.480125586375602,0,26.04999999999852,0
crossing_give_way,no_nominal_shaping,362,52.04665091603699,0,0.0,0
crossing_give_way,no_nominal_shaping,363,69.66511671684849,0,0.0,0
crossing_give_way,no_nominal_shaping,364,26.279493323822365,0,0.0,0
crossing_give_way,no_nominal_shaping,365,77.99969745273421,0,0.0,0
crossing_give_way,no_nominal_shaping,366,13.685323549236314,1,11.849999999999806,0
crossing_give_way,no_nominal_shaping,367,17.301339751094527,1,5.899999999999665,0
crossing_give_way,no_nominal_shaping,368,41.64192079544754,0,0.0,0
crossing_give_way,no_nominal_shaping,369,112.78337056551544,0,0.0,0
crossing_give_way,no_nominal_shaping,370,22.704889517486055,0,10.950000000000156,0
crossing_give_way,no_nominal_shaping,371,10.123227451851978,1,13.799999999999912,0
crossing_give_way,no_nominal_shaping,372,20.894061404255766,1,5.850000000000083,0
crossing_give_way,no_nominal_shaping,373,21.977129589749982,0,11.850000000000115,0
crossing_give_way,no_nominal_shaping,374,29.924957144782038,1,0.0,0
crossing_give_way,no_nominal_shaping,375,21.7466253444246,0,15.950000000000028,0
crossing_give_way,no_nominal_shaping,376,54.26829135703301,0,0.0,0
crossing_give_way,no_nominal_shaping,377,14.037302152798185,1,9.749999999999538,0
crossing_give_way,no_nominal_shaping,378,13.882234679512102,1,27.29999999999879,0
crossing_give_way,no_nominal_shaping,379,13.067506157713298,1,12.549999999999429,0
crossing_give_way,no_nominal_shaping,380,21.562496658197578,0,13.949999999999285,0
crossing_give_way,no_nominal_shaping,381,21.71031646308846,0,13.949999999999882,0
crossing_give_way,no_nominal_shaping,382,23.31137612874625,0,7.450000000000106,0
crossing_give_way,no_nominal_shaping,383,12.766465070383099,1,10.799999999999386,0
crossing_give_way,no_nominal_shaping,384,23.066894225361214,0,5.349999999999696,0
crossing_give_way,no_nominal_shaping,385,30.85253329669382,0,0.0,0
crossing_give_way,no_nominal_shaping,386,39.83839289027294,0,0.0,0
crossing_give_way,no_nominal_shaping,387,21.84742035540554,0,11.849999999999916,0
crossing_give_way,no_nominal_shaping,388,36.6925894688301,0,0.0,0
crossing_give_way,no_nominal_shaping,389,51.0605586269384,0,0.0,0
crossing_give_way,no_nominal_shaping,390,15.91601521972057,0,17.79999999999931,0
crossing_give_way,no_nominal_shaping,391,23.257153697205577,0,7.75000000000011,0
crossing_give_way,no_nominal_shaping,392,24.964959743509862,0,0.0,0
crossing_give_way,no_nominal_shaping,393,14.249287263208863,0,19.499999999999556,0
crossing_give_way,no_nominal_shaping,394,22.110468144389998,0,10.049999999999908,0
crossing_give_way,no_nominal_shaping,395,12.854083015177698,1,11.649999999999338,0
crossing_give_way,no_nominal_shaping,396,16.050733641148792,0,18.14999999999973,0
crossing_give_way,no_nominal_shaping,397,22.58774644960733,0,9.950000000000141,0
crossing_give_way,no_nominal_shaping,398,19.568978284862176,0,14.849999999999156,0
crossing_give_way,no_nominal_shaping,399,15.785506869962232,0,18.299999999999617,0
crossing_give_way,no_nominal_shaping,400,15.226336825253995,1,8.99999999999979,0
crossing_give_way,no_nominal_shaping,401,15.234686829264447,0,56.64999999999705,0
crossing_give_way,no_nominal_shaping,402,22.156416520940176,0,9.249999999999652,0
crossing_give_way,no_nominal_shaping,403,9.340385306495728,1,15.149999999999789,0
crossing_give_way,no_nominal_shaping,404,13.33175903892701,1,16.899999999999622,0
crossing_give_way,no_nominal_shaping,405,16.214649858343947,1,7.599999999999774,0
crossing_give_way,no_nominal_shaping,406,11.666529865412128,1,41.44999999999834,0
crossing_give_way,no_nominal_shaping,407,31.20153415248733,0,0.0,0
crossing_give_way,no_nominal_shaping,408,40.16316149633768,0,0.0,0
crossing_give_way,no_nominal_shaping,409,42.905179035827665,0,0.0,0
crossing_give_way,no_nominal_shaping,410,23.694324152499238,1,0.0,0
crossing_give_way,no_nominal_shaping,411,15.642754543219231,1,9.399999999999952,0
crossing_give_way,no_nominal_shaping,412,13.712576354958834,1,11.850000000000168,0
crossing_give_way,no_nominal_shaping,413,47.379913534124164,0,0.0,0
crossing_give_way,no_nominal_shaping,414,21.697352331084737,0,14.549999999999905,0
crossing_give_way,no_nominal_shaping,415,29.167508667324597,0,0.0,0
crossing_give_way,no_nominal_shaping,416,15.993385473278526,0,49.29999999999758,0
crossing_give_way,no_nominal_shaping,417,38.28087731160946,0,0.0,0
crossing_give_way,no_nominal_shaping,418,22.899405106661142,0,8.750000000000124,0
crossing_give_way,no_nominal_shaping,419,42.82628509982501,0,0.0,0
crossing_give_way,no_nominal_shaping,420,13.380841555413236,1,21.799999999999073,0
crossing_give_way,no_nominal_shaping,421,45.879095756450376,0,0.0,0
crossing_give_way,no_nominal_shaping,422,14.263794140737433,0,19.74999999999928,0
crossing_give_way,no_nominal_shaping,423,34.72409886527417,1,0.0,0
crossing_give_way,no_nominal_shaping,424,23.16017090615679,0,0.0,0
crossing_give_way,no_nominal_shaping,425,12.637695245999971,1,20.749999999999076,0
crossing_give_way,no_nominal_shaping,426,18.895492976661117,1,7.700000000000109,0
crossing_give_way,no_nominal_shaping,427,18.73921822981674,1,26.44999999999967,0
crossing_give_way,no_nominal_shaping,428,21.649498062475352,0,14.899999999999892,0
crossing_give_way,no_nominal_shaping,429,22.148118632583778,0,9.549999999999745,0
crossing_give_way,no_nominal_shaping,430,22.729227995826033,0,9.300000000000132,0
crossing_give_way,no_nominal_shaping,431,22.10205970660262,0,9.699999999999626,0
crossing_give_way,no_nominal_shaping,432,39.791523537794994,0,0.0,0
crossing_give_way,no_nominal_shaping,433,29.744200916328843,1,0.0,0
crossing_give_way,no_nominal_shaping,434,9.034731461824869,1,16.49999999999982,0
crossing_give_way,no_nominal_shaping,435,21.818344610177668,0,11.549999999999752,0
crossing_give_way,no_nominal_shaping,436,21.773463425256892,0,18.450000000000003,0
crossing_give_way,no_nominal_shaping,437,21.524734777761235,0,15.449999999999502,0
crossing_give_way,no_nominal_shaping,438,21.76941628932004,0,23.29999999999975,0
crossing_give_way,no_nominal_shaping,439,13.902425341157858,1,10.199999999999612,0
crossing_give_way,no_nominal_shaping,440,15.967627746645947,0,17.89999999999963,0
crossing_give_way,no_nominal_shaping,441,13.460961059194075,1,12.250000000000174,0
crossing_give_way,no_nominal_shaping,442,12.529483772709659,1,19.74999999999967,0
crossing_give_way,no_nominal_shaping,443,22.85714192411219,0,7.6999999999999496,0
crossing_give_way,no_nominal_shaping,444,13.37922929370306,1,11.799999999999535,0
crossing_give_way,no_nominal_shaping,445,16.391280114685152,0,17.24999999999926,0
crossing_give_way,no_nominal_shaping,446,63.59154813643158,0,0.0,0
crossing_give_way,no_nominal_shaping,447,7.343912205420354,1,22.249999999999254,0
crossing_give_way,no_nominal_shaping,448,13.138733213415744,1,22.34999999999932,0
crossing_give_way,no_nominal_shaping,449,13.644369115678254,1,15.949999999999743,0
crossing_give_way,no_nominal_shaping,450,26.66769742593689,1,0.0,0
crossing_give_way,no_nominal_shaping,451,21.873604611907304,0,11.79999999999993,0
crossing_give_way,no_nominal_shaping,452,22.606686887505386,0,11.050000000000157,0
crossing_give_way,no_nominal_shaping,453,32.090398949939136,1,0.0,0
crossing_give_way,no_nominal_shaping,454,17.157517311872105,1,16.500000000000206,0
crossing_give_way,no_nominal_shaping,455,32.96144185814227,0,0.0,0
crossing_give_way,no_nominal_shaping,456,95.72180520028336,0,0.0,0
crossing_give_way,no_nominal_shaping,457,113.54126342435565,0,0.0,0
crossing_give_way,no_nominal_shaping,458,16.459304460899624,1,30.549999999998946,0
crossing_give_way,no_nominal_shaping,459,21.820543671998003,0,11.049999999999478,0
crossing_give_way,no_nominal_shaping,460,19.307744803960162,1,7.8500000000001116,0
crossing_give_way,no_nominal_shaping,461,60.771222436640535,0,0.0,0
crossing_give_way,no_nominal_shaping,462,21.721230669477823,0,12.099999999999628,0
crossing_give_way,no_nominal_shaping,463,27.08967903909716,1,0.0,0
crossing_give_way,no_nominal_shaping,464,11.938876450847802,1,17.199999999999996,0
crossing_give_way,no_nominal_shaping,465,21.843880768934884,0,13.750000000000096,0
crossing_give_way,no_nominal_shaping,466,22.779455902618,0,7.649999999999796,0
crossing_give_way,no_nominal_shaping,467,9.288805101357825,1,15.649999999999842,0
crossing_give_way,no_nominal_shaping,468,14.166542551952567,0,20.749999999999172,0
crossing_give_way,no_nominal_shaping,469,8.153985807288782,1,17.799999999999645,0
crossing_give_way,no_nominal_shaping,470,13.899868664089247,1,26.699999999998752,0
crossing_give_way,no_nominal_shaping,471,22.447431360660655,0,8.449999999999815,0
crossing_give_way,no_nominal_shaping,472,62.28865962100009,0,0.0,0
crossing_give_way,no_nominal_shaping,473,12.674577781424322,1,26.849999999998897,0
crossing_give_way,no_nominal_shaping,474,15.451744796207304,0,52.499999999997435,0
crossing_give_way,no_nominal_shaping,475,25.286730163643163,0,0.0,0
crossing_give_way,no_nominal_shaping,476,13.092246989988256,1,12.699999999999278,0
crossing_give_way,no_nominal_shaping,477,54.51403968674667,0,0.0,0
crossing_give_way,no_nominal_shaping,478,23.28249647794821,0,6.09999999999976,0
crossing_give_way,no_nominal_shaping,479,35.1866841205072,0,0.0,0
crossing_give_way,no_nominal_shaping,480,11.968920278429037,1,18.59999999999993,0
crossing_give_way,no_nominal_shaping,481,36.88082070243866,0,0.0,0
crossing_give_way,no_nominal_shaping,482,21.559006173820663,0,14.24999999999962,0
crossing_give_way,no_nominal_shaping,483,22.571532036575903,0,8.499999999999758,0
crossing_give_way,no_nominal_shaping,484,25.457051063651043,0,0.0,0
crossing_give_way,no_nominal_shaping,485,22.291424784065345,0,12.350000000000176,0
crossing_give_way,no_nominal_shaping,486,13.921871343570391,0,21.249999999999755,0
crossing_give_way,no_nominal_shaping,487,65.44392656535241,0,0.0,0
crossing_give_way,no_nominal_shaping,488,9.496183694389929,1,15.749999999999883,0
crossing_give_way,no_nominal_shaping,489,14.2415075553139,0,15.549999999999116,0
crossing_give_way,no_nominal_shaping,490,21.92202394359186,0,10.299999999999415,0
crossing_give_way,no_nominal_shaping,491,14.856090909535903,0,19.29999999999931,0
crossing_give_way,no_nominal_shaping,492,63.96874869033244,0,0.0,0
crossing_give_way,no_nominal_shaping,493,43.708302143759425,0,0.0,0
crossing_give_way,no_nominal_shaping,494,39.08496895341677,0,0.0,0
crossing_give_way,no_nominal_shaping,495,32.404286924103275,0,0.0,0
crossing_give_way,no_nominal_shaping,496,40.72599469112519,0,0.0,0
crossing_give_way,no_nominal_shaping,497,11.0716418382878,1,15.600000000000222,0
crossing_give_way,no_nominal_shaping,498,22.175231914840115,0,10.200000000000067,0
crossing_give_way,no_nominal_shaping,499,12.187962799298576,1,18.549999999999876,0
crossing_give_way,no_nominal_shaping_no_direction,300,21.91755239980927,0,10.699999999999392,0
crossing_give_way,no_nominal_shaping_no_direction,301,21.80100588992985,0,18.100000000000083,0
crossing_give_way,no_nominal_shaping_no_direction,302,22.08597776875374,0,10.499999999999783,0
crossing_give_way,no_nominal_shaping_no_direction,303,13.481064519202276,1,32.54999999999883,0
crossing_give_way,no_nominal_shaping_no_direction,304,22.01130974527749,0,13.700000000000195,0
crossing_give_way,no_nominal_shaping_no_direction,305,21.77377585755382,0,20.399999999999974,0
crossing_give_way,no_nominal_shaping_no_direction,306,22.313657319949268,0,11.400000000000162,0
crossing_give_way,no_nominal_shaping_no_direction,307,27.321501271924372,0,0.0,0
crossing_give_way,no_nominal_shaping_no_direction,308,17.03510150059421,1,16.90000000000024,0
crossing_give_way,no_nominal_shaping_no_direction,309,23.99029806266578,0,6.050000000000086,0
crossing_give_way,no_nominal_shaping_no_direction,310,17.703520206391484,0,17.54999999999929,0
crossing_give_way,no_nominal_shaping_no_direction,311,28.115333895223536,0,0.0,0
crossing_give_way,no_nominal_shaping_no_direction,312,45.111214578696895,0,0.0,0
crossing_give_way,no_nominal_shaping_no_direction,313,41.00381506882814,0,0.0,0
crossing_give_way,no_nominal_shaping_no_direction,314,21.654692736609487,0,16.799999999999848,0
crossing_give_way,no_nominal_shaping_no_direction,315,13.319568102887143,1,39.099999999998545,0
crossing_give_way,no_nominal_shaping_no_direction,316,18.671597487078518,1,13.749999999999403,0
crossing_give_way,no_nominal_shaping_no_direction,317,12.940876291240045,1,42.94999999999823,0
crossing_give_way,no_nominal_shaping_no_direction,318,21.499311997725172,0,16.24999999999931,0
crossing_give_way,no_nominal_shaping_no_direction,319,30.7017617287317,1,0.0,0
crossing_give_way,no_nominal_shaping_no_direction,320,14.252410862452567,1,33.799999999998875,0
crossing_give_way,no_nominal_shaping_no_direction,321,17.509036479466044,1,14.04999999999972,0
crossing_give_way,no_nominal_shaping_no_direction,322,63.457730400840305,0,0.0,0
crossing_give_way,no_nominal_shaping_no_direction,323,62.50714921464741,0,0.0,0
crossing_give_way,no_nominal_shaping_no_direction,324,35.352300147095654,0,0.0,0
crossing_give_way,no_nominal_shaping_no_direction,325,21.546237294149932,0,15.299999999999464,0
crossing_give_way,no_nominal_shaping_no_direction,326,13.31154978740966,1,31.94999999999892,0
crossing_give_way,no_nominal_shaping_no_direction,327,53.149769350868944,0,0.0,0
crossing_give_way,no_nominal_shaping_no_direction,328,45.58951723111605,0,0.0,0
crossing_give_way,no_nominal_shaping_no_direction,329,40.7839112926029,0,0.0,0
crossing_give_way,no_nominal_shaping_no_direction,330,22.461132244762037,0,8.59999999999965,0
crossing_give_way,no_nominal_shaping_no_direction,331,27.530790162413535,0,0.0,0
crossing_give_way,no_nominal_shaping_no_direction,332,18.160075990687524,1,13.050000000000185,0
crossing_give_way,no_nominal_shaping_no_direction,333,22.02284146329831,0,10.449999999999676,0
crossing_give_way,no_nominal_shaping_no_direction,334,31.601820873258912,0,0.0,0
crossing_give_way,no_nominal_shaping_no_direction,335,30.775277306497298,1,0.0,0
crossing_give_way,no_nominal_shaping_no_direction,336,31.336519379996968,0,0.0,0
crossing_give_way,no_nominal_shaping_no_direction,337,23.13505140679413,1,10.100000000000144,0
crossing_give_way,no_nominal_shaping_no_direction,338,14.659705670617074,1,51.99999999999767,0
crossing_give_way,no_nominal_shaping_no_direction,339,23.76786419952767,1,9.950000000000141,0
crossing_give_way,no_nominal_shaping_no_direction,340,21.575522725297365,0,18.199999999999715,0
crossing_give_way,no_nominal_shaping_no_direction,341,22.974035013358506,0,6.249999999999645,0
crossing_give_way,no_nominal_shaping_no_direction,342,35.37440680230274,1,0.0,0
crossing_give_way,no_nominal_shaping_no_direction,343,15.70559625818587,1,19.849999999999977,0
crossing_give_way,no_nominal_shaping_no_direction,344,14.405457293940941,0,110.34999999999631,0
crossing_give_way,no_nominal_shaping_no_direction,345,31.51913031210236,0,0.0,0
crossing_give_way,no_nominal_shaping_no_direction,346,21.70544689684919,0,12.699999999999278,0
crossing_give_way,no_nominal_shaping_no_direction,347,26.28748193605742,1,0.0,0
crossing_give_way,no_nominal_shaping_no_direction,348,46.51630204581023,0,0.0,0
crossing_give_way,no_nominal_shaping_no_direction,349,14.715337408584157,1,52.749999999997684,0
crossing_give_way,no_nominal_shaping_no_direction,350,40.50306559035818,0,0.0,0
crossing_give_way,no_nominal_shaping_no_direction,351,38.56841289871595,0,0.0,0
crossing_give_way,no_nominal_shaping_no_direction,352,39.61091275049634,0,0.0,0
crossing_give_way,no_nominal_shaping_no_direction,353,14.513440632213928,1,27.799999999999258,0
crossing_give_way,no_nominal_shaping_no_direction,354,14.342176688743667,1,27.69999999999913,0
crossing_give_way,no_nominal_shaping_no_direction,355,19.145518687146264,1,12.70000000000016,0
crossing_give_way,no_nominal_shaping_no_direction,356,39.920570546736045,0,0.0,0
crossing_give_way,no_nominal_shaping_no_direction,357,15.576233512447935,1,20.100000000000176,0
crossing_give_way,no_nominal_shaping_no_direction,358,31.892659896833553,0,0.0,0
crossing_give_way,no_nominal_shaping_no_direction,359,21.68895297764994,0,17.84999999999995,0
crossing_give_way,no_nominal_shaping_no_direction,360,24.073367358213826,0,0.0,0
crossing_give_way,no_nominal_shaping_no_direction,361,13.627649194717804,0,26.199999999998585,0
crossing_give_way,no_nominal_shaping_no_direction,362,52.04665091603699,0,0.0,0
crossing_give_way,no_nominal_shaping_no_direction,363,69.66511671684849,0,0.0,0
crossing_give_way,no_nominal_shaping_no_direction,364,26.279493323822365,0,0.0,0
crossing_give_way,no_nominal_shaping_no_direction,365,77.99969745273421,0,0.0,0
crossing_give_way,no_nominal_shaping_no_direction,366,14.93995847889552,1,37.299999999998505,0
crossing_give_way,no_nominal_shaping_no_direction,367,20.186882216438725,1,10.499999999999403,0
crossing_give_way,no_nominal_shaping_no_direction,368,41.64192079544754,0,0.0,0
crossing_give_way,no_nominal_shaping_no_direction,369,112.78337056551544,0,0.0,0
crossing_give_way,no_nominal_shaping_no_direction,370,22.73771829936114,0,11.700000000000166,0
crossing_give_way,no_nominal_shaping_no_direction,371,17.724001851084402,1,13.550000000000079,0
crossing_give_way,no_nominal_shaping_no_direction,372,23.63218667340562,1,9.550000000000136,0
crossing_give_way,no_nominal_shaping_no_direction,373,22.0011609834699,0,12.65000000000013,0
crossing_give_way,no_nominal_shaping_no_direction,374,29.924957144782038,1,0.0,0
crossing_give_way,no_nominal_shaping_no_direction,375,21.762871379906752,0,16.80000000000005,0
crossing_give_way,no_nominal_shaping_no_direction,376,54.26829135703301,0,0.0,0
crossing_give_way,no_nominal_shaping_no_direction,377,18.49397615118996,1,14.199999999999495,0
crossing_give_way,no_nominal_shaping_no_direction,378,14.483476667132011,0,150.15000000000546,0
crossing_give_way,no_nominal_shaping_no_direction,379,14.3778445256458,0,95.5499999999949,0
crossing_give_way,no_nominal_shaping_no_direction,380,21.571457594443697,0,14.6999999999993,0
crossing_give_way,no_nominal_shaping_no_direction,381,21.72460959345562,0,14.799999999999898,0
crossing_give_way,no_nominal_shaping_no_direction,382,23.325560274265495,0,7.700000000000109,0
crossing_give_way,no_nominal_shaping_no_direction,383,16.87219365873351,1,17.899999999998983,0
crossing_give_way,no_nominal_shaping_no_direction,384,23.06686500909243,0,5.349999999999696,0
crossing_give_way,no_nominal_shaping_no_direction,385,30.85253329669382,0,0.0,0
crossing_give_way,no_nominal_shaping_no_direction,386,39.83839289027294,0,0.0,0
crossing_give_way,no_nominal_shaping_no_direction,387,21.867730578059614,0,12.59999999999993,0
crossing_give_way,no_nominal_shaping_no_direction,388,36.6925894688301,0,0.0,0
crossing_give_way,no_nominal_shaping_no_direction,389,51.0605586269384,0,0.0,0
crossing_give_way,no_nominal_shaping_no_direction,390,16.18989981510881,0,19.19999999999932,0
crossing_give_way,no_nominal_shaping_no_direction,391,23.283661555593266,0,8.200000000000117,0
crossing_give_way,no_nominal_shaping_no_direction,392,24.964959743509862,0,0.0,0
crossing_give_way,no_nominal_shaping_no_direction,393,14.406785150579271,0,20.449999999999584,0
crossing_give_way,no_nominal_shaping_no_direction,394,22.128800183472325,0,10.599999999999916,0
crossing_give_way,no_nominal_shaping_no_direction,395,16.782043596873745,1,18.09999999999897,0
crossing_give_way,no_nominal_shaping_no_direction,396,16.458544868901885,0,19.09999999999975,0
crossing_give_way,no_nominal_shaping_no_direction,397,22.619943353407788,0,10.60000000000015,0
crossing_give_way,no_nominal_shaping_no_direction,398,19.39148567890358,0,15.449999999999143,0
crossing_give_way,no_nominal_shaping_no_direction,399,16.04463405122466,0,19.29999999999964,0
crossing_give_way,no_nominal_shaping_no_direction,400,19.300360836126835,1,13.049999999999766,0
crossing_give_way,no_nominal_shaping_no_direction,401,14.855379292924937,0,49.24999999999757,0
crossing_give_way,no_nominal_shaping_no_direction,402,22.163675358760816,0,9.549999999999656,0
crossing_give_way,no_nominal_shaping_no_direction,403,15.235532386235374,1,30.549999999999056,0
crossing_give_way,no_nominal_shaping_no_direction,404,14.66433850694841,1,58.199999999997395,0
crossing_give_way,no_nominal_shaping_no_direction,405,20.092058138762056,1,11.749999999999776,0
crossing_give_way,no_nominal_shaping_no_direction,406,13.18723075052886,1,44.64999999999826,0
crossing_give_way,no_nominal_shaping_no_direction,407,31.20153415248733,0,0.0,0
crossing_give_way,no_nominal_shaping_no_direction,408,40.16316149633768,0,0.0,0
crossing_give_way,no_nominal_shaping_no_direction,409,42.905179035827665,0,0.0,0
crossing_give_way,no_nominal_shaping_no_direction,410,25.647689530404723,1,7.400000000000105,0
crossing_give_way,no_nominal_shaping_no_direction,411,19.15542222457618,1,13.199999999999925,0
crossing_give_way,no_nominal_shaping_no_direction,412,15.838266959990289,1,19.349999999999955,0
crossing_give_way,no_nominal_shaping_no_direction,413,47.379913534124164,0,0.0,0
crossing_give_way,no_nominal_shaping_no_direction,414,21.710169973927048,0,15.449999999999921,0
crossing_give_way,no_nominal_shaping_no_direction,415,29.167508667324597,0,0.0,0
crossing_give_way,no_nominal_shaping_no_direction,416,16.46805975263314,0,77.59999999999609,0
crossing_give_way,no_nominal_shaping_no_direction,417,38.28087731160946,0,0.0,0
crossing_give_way,no_nominal_shaping_no_direction,418,22.928824577290058,0,9.300000000000132,0
crossing_give_way,no_nominal_shaping_no_direction,419,42.82628509982501,0,0.0,0
crossing_give_way,no_nominal_shaping_no_direction,420,14.409329726370629,0,88.7999999999954,0
crossing_give_way,no_nominal_shaping_no_direction,421,45.879095756450376,0,0.0,0
crossing_give_way,no_nominal_shaping_no_direction,422,14.507798374856302,0,21.399999999999267,0
crossing_give_way,no_nominal_shaping_no_direction,423,34.72409886527417,1,0.0,0
crossing_give_way,no_nominal_shaping_no_direction,424,23.16017090615679,0,0.0,0
crossing_give_way,no_nominal_shaping_no_direction,425,14.387718169914205,0,82.94999999999568,0
crossing_give_way,no_nominal_shaping_no_direction,426,21.885291698859675,1,10.950000000000156,0
crossing_give_way,no_nominal_shaping_no_direction,427,16.094941658526228,1,31.149999999999473,0
crossing_give_way,no_nominal_shaping_no_direction,428,21.66264825282943,0,15.799999999999912,0
crossing_give_way,no_nominal_shaping_no_direction,429,22.159314193870976,0,9.89999999999975,0
crossing_give_way,no_nominal_shaping_no_direction,430,22.758421382123277,0,9.85000000000014,0
crossing_give_way,no_nominal_shaping_no_direction,431,22.113922502279213,0,10.099999999999632,0
crossing_give_way,no_nominal_shaping_no_direction,432,39.791523537794994,0,0.0,0
crossing_give_way,no_nominal_shaping_no_direction,433,29.744200916328843,1,0.0,0
crossing_give_way,no_nominal_shaping_no_direction,434,15.161587495168828,1,33.64999999999897,0
crossing_give_way,no_nominal_shaping_no_direction,435,21.838746509461018,0,12.349999999999763,0
crossing_give_way,no_nominal_shaping_no_direction,436,21.784629511152513,0,19.150000000000034,0
crossing_give_way,no_nominal_shaping_no_direction,437,21.5349419181113,0,16.349999999999522,0
crossing_give_way,no_nominal_shaping_no_direction,438,21.764021069096533,0,23.6499999999998,0
crossing_give_way,no_nominal_shaping_no_direction,439,18.275657547439515,1,14.649999999999558,0
crossing_give_way,no_nominal_shaping_no_direction,440,17.203053391468313,0,19.349999999999625,0
crossing_give_way,no_nominal_shaping_no_direction,441,16.018236696895848,1,19.00000000000009,0
crossing_give_way,no_nominal_shaping_no_direction,442,14.176104232419604,1,24.34999999999951,0
crossing_give_way,no_nominal_shaping_no_direction,443,22.865990134325646,0,7.899999999999952,0
crossing_give_way,no_nominal_shaping_no_direction,444,14.418350703450288,0,147.0000000000051,0
crossing_give_way,no_nominal_shaping_no_direction,445,16.94393410767689,0,19.299999999999226,0
crossing_give_way,no_nominal_shaping_no_direction,446,63.59154813643158,0,0.0,0
crossing_give_way,no_nominal_shaping_no_direction,447,15.982523346929739,1,14.74999999999983,0
crossing_give_way,no_nominal_shaping_no_direction,448,13.460409308067444,1,30.59999999999896,0
crossing_give_way,no_nominal_shaping_no_direction,449,14.744629600754676,1,52.749999999997776,0
crossing_give_way,no_nominal_shaping_no_direction,450,26.66769742593689,1,0.0,0
crossing_give_way,no_nominal_shaping_no_direction,451,21.897289721711896,0,12.649999999999942,0
crossing_give_way,no_nominal_shaping_no_direction,452,22.637524545796772,0,11.750000000000167,0
crossing_give_way,no_nominal_shaping_no_direction,453,32.090398949939136,1,0.0,0
crossing_give_way,no_nominal_shaping_no_direction,454,16.820170194170675,1,18.0500000000002,0
crossing_give_way,no_nominal_shaping_no_direction,455,32.96144185814227,0,0.0,0
crossing_give_way,no_nominal_shaping_no_direction,456,95.72180520028336,0,0.0,0
crossing_give_way,no_nominal_shaping_no_direction,457,113.54126342435565,0,0.0,0
crossing_give_way,no_nominal_shaping_no_direction,458,14.537990264414821,1,38.84999999999856,0
crossing_give_way,no_nominal_shaping_no_direction,459,21.83020726350617,0,11.499999999999488,0
crossing_give_way,no_nominal_shaping_no_direction,460,22.18053903334383,1,10.900000000000155,0
crossing_give_way,no_nominal_shaping_no_direction,461,60.771222436640535,0,0.0,0
crossing_give_way,no_nominal_shaping_no_direction,462,21.73514344999511,0,12.799999999999642,0
crossing_give_way,no_nominal_shaping_no_direction,463,27.08967903909716,1,0.0,0
crossing_give_way,no_nominal_shaping_no_direction,464,15.112769213628987,1,26.849999999999547,0
crossing_give_way,no_nominal_shaping_no_direction,465,21.86195038435554,0,14.650000000000112,0
crossing_give_way,no_nominal_shaping_no_direction,466,22.78469015509837,0,7.799999999999798,0
crossing_give_way,no_nominal_shaping_no_direction,467,15.368455185676654,1,23.199999999999537,0
crossing_give_way,no_nominal_shaping_no_direction,468,14.289841531493003,0,21.849999999999195,0
crossing_give_way,no_nominal_shaping_no_direction,469,15.146373257159187,1,33.84999999999887,0
crossing_give_way,no_nominal_shaping_no_direction,470,14.407256975343232,0,148.65000000000532,0
crossing_give_way,no_nominal_shaping_no_direction,471,22.454737220984985,0,8.649999999999817,0
crossing_give_way,no_nominal_shaping_no_direction,472,62.28865962100009,0,0.0,0
crossing_give_way,no_nominal_shaping_no_direction,473,14.390880619364825,0,110.3999999999962,0
crossing_give_way,no_nominal_shaping_no_direction,474,16.01391376804224,0,89.94999999999541,0
crossing_give_way,no_nominal_shaping_no_direction,475,25.286730163643163,0,0.0,0
crossing_give_way,no_nominal_shaping_no_direction,476,14.954023784840698,1,80.79999999999553,0
crossing_give_way,no_nominal_shaping_no_direction,477,54.51403968674667,0,0.0,0
crossing_give_way,no_nominal_shaping_no_direction,478,23.28048821060882,0,6.049999999999759,0
crossing_give_way,no_nominal_shaping_no_direction,479,35.1866841205072,0,0.0,0
crossing_give_way,no_nominal_shaping_no_direction,480,14.819656293923781,1,20.24999999999993,0
crossing_give_way,no_nominal_shaping_no_direction,481,36.88082070243866,0,0.0,0
crossing_give_way,no_nominal_shaping_no_direction,482,21.56904625397451,0,15.049999999999635,0
crossing_give_way,no_nominal_shaping_no_direction,483,22.589885173502992,0,8.949999999999765,0
crossing_give_way,no_nominal_shaping_no_direction,484,25.457051063651043,0,0.0,0
crossing_give_way,no_nominal_shaping_no_direction,485,22.32183501844461,0,13.100000000000186,0
crossing_give_way,no_nominal_shaping_no_direction,486,14.180385003938603,0,21.349999999999824,0
crossing_give_way,no_nominal_shaping_no_direction,487,65.44392656535241,0,0.0,0
crossing_give_way,no_nominal_shaping_no_direction,488,15.417288483084656,1,24.499999999999506,0
crossing_give_way,no_nominal_shaping_no_direction,489,12.301925079873538,0,48.44999999999732,0
crossing_give_way,no_nominal_shaping_no_direction,490,21.92738600092859,0,10.599999999999397,0
crossing_give_way,no_nominal_shaping_no_direction,491,14.995863819777432,0,20.299999999999333,0
crossing_give_way,no_nominal_shaping_no_direction,492,63.96874869033244,0,0.0,0
crossing_give_way,no_nominal_shaping_no_direction,493,43.708302143759425,0,0.0,0
crossing_give_way,no_nominal_shaping_no_direction,494,39.08496895341677,0,0.0,0
crossing_give_way,no_nominal_shaping_no_direction,495,32.404286924103275,0,0.0,0
crossing_give_way,no_nominal_shaping_no_direction,496,40.72599469112519,0,0.0,0
crossing_give_way,no_nominal_shaping_no_direction,497,15.87203417140998,1,18.150000000000258,0
crossing_give_way,no_nominal_shaping_no_direction,498,22.19692640256901,0,10.850000000000076,0
crossing_give_way,no_nominal_shaping_no_direction,499,14.78566179472416,1,20.699999999999854,0
crossing_give_way,no_nominal_shaping_mirrored,300,26.235413681135068,0,16.549999999999333,0
crossing_give_way,no_nominal_shaping_mirrored,301,23.292952001602483,0,17.8000000000002,0
crossing_give_way,no_nominal_shaping_mirrored,302,26.478939864565017,0,15.299999999999784,0
crossing_give_way,no_nominal_shaping_mirrored,303,19.42378455726311,1,51.14999999999786,0
crossing_give_way,no_nominal_shaping_mirrored,304,24.75426638228829,0,15.600000000000222,0
crossing_give_way,no_nominal_shaping_mirrored,305,22.859792225832255,0,18.75000000000016,0
crossing_give_way,no_nominal_shaping_mirrored,306,25.984016897368335,0,14.300000000000203,0
crossing_give_way,no_nominal_shaping_mirrored,307,29.695740364038368,0,11.549999999999713,0
crossing_give_way,no_nominal_shaping_mirrored,308,19.634594748607295,1,15.50000000000022,0
crossing_give_way,no_nominal_shaping_mirrored,309,28.622449797393276,0,12.000000000000153,0
crossing_give_way,no_nominal_shaping_mirrored,310,24.57900599727091,0,20.199999999999353,0
crossing_give_way,no_nominal_shaping_mirrored,311,29.961439739389903,0,11.249999999999599,0
crossing_give_way,no_nominal_shaping_mirrored,312,45.111214578696895,0,0.0,0
crossing_give_way,no_nominal_shaping_mirrored,313,41.00381506882814,0,0.0,0
crossing_give_way,no_nominal_shaping_mirrored,314,24.069086230051884,0,18.149999999999913,0
crossing_give_way,no_nominal_shaping_mirrored,315,22.41638709562616,0,26.099999999999383,0
crossing_give_way,no_nominal_shaping_mirrored,316,14.020538044679087,1,11.649999999999505,0
crossing_give_way,no_nominal_shaping_mirrored,317,14.033942279189212,1,34.99999999999878,0
crossing_give_way,no_nominal_shaping_mirrored,318,24.88190926849337,0,19.599999999999348,0
crossing_give_way,no_nominal_shaping_mirrored,319,30.7017617287317,1,0.0,0
crossing_give_way,no_nominal_shaping_mirrored,320,22.98858971850025,0,24.09999999999954,0
crossing_give_way,no_nominal_shaping_mirrored,321,14.32912975967695,1,13.249999999999766,0
crossing_give_way,no_nominal_shaping_mirrored,322,63.457730400840305,0,0.0,0
crossing_give_way,no_nominal_shaping_mirrored,323,62.50714921464741,0,0.0,0
crossing_give_way,no_nominal_shaping_mirrored,324,35.352300147095654,0,0.0,0
crossing_give_way,no_nominal_shaping_mirrored,325,24.947205838031707,0,18.499999999999496,0
crossing_give_way,no_nominal_shaping_mirrored,326,19.229564951310213,1,55.14999999999769,0
crossing_give_way,no_nominal_shaping_mirrored,327,53.149769350868944,0,0.0,0
crossing_give_way,no_nominal_shaping_mirrored,328,45.58951723111605,0,0.0,0
crossing_give_way,no_nominal_shaping_mirrored,329,40.7839112926029,0,0.0,0
crossing_give_way,no_nominal_shaping_mirrored,330,27.188338513912836,0,14.549999999999656,0
crossing_give_way,no_nominal_shaping_mirrored,331,29.282189053920202,0,11.699999999999406,0
crossing_give_way,no_nominal_shaping_mirrored,332,16.41649593680721,1,12.800000000000182,0
crossing_give_way,no_nominal_shaping_mirrored,333,26.282244286532013,0,15.599999999999682,0
crossing_give_way,no_nominal_shaping_mirrored,334,31.97002551310032,0,7.499999999999858,0
crossing_give_way,no_nominal_shaping_mirrored,335,30.775277306497298,1,0.0,0
crossing_give_way,no_nominal_shaping_mirrored,336,32.208041764794714,0,8.550000000000122,0
crossing_give_way,no_nominal_shaping_mirrored,337,19.32708181328656,1,9.000000000000128,0
crossing_give_way,no_nominal_shaping_mirrored,338,14.082733583563682,1,15.84999999999977,0
crossing_give_way,no_nominal_shaping_mirrored,339,20.325343148288272,1,9.050000000000129,0
crossing_give_way,no_nominal_shaping_mirrored,340,24.181512283037872,0,19.149999999999796,0
crossing_give_way,no_nominal_shaping_mirrored,341,27.713784234861492,0,14.199999999999456,0
crossing_give_way,no_nominal_shaping_mirrored,342,35.37440680230274,1,0.0,0
crossing_give_way,no_nominal_shaping_mirrored,343,17.59790206237098,1,18.65000000000008,0
crossing_give_way,no_nominal_shaping_mirrored,344,19.223358556553986,1,78.74999999999609,0
crossing_give_way,no_nominal_shaping_mirrored,345,32.222473816806726,0,8.550000000000122,0
crossing_give_way,no_nominal_shaping_mirrored,346,25.74573090084195,0,17.84999999999925,0
crossing_give_way,no_nominal_shaping_mirrored,347,26.28748193605742,1,0.0,0
crossing_give_way,no_nominal_shaping_mirrored,348,46.51630204581023,0,0.0,0
crossing_give_way,no_nominal_shaping_mirrored,349,19.29331238890073,1,43.349999999998275,0
crossing_give_way,no_nominal_shaping_mirrored,350,40.50306559035818,0,0.0,0
crossing_give_way,no_nominal_shaping_mirrored,351,38.56841289871595,0,0.0,0
crossing_give_way,no_nominal_shaping_mirrored,352,39.61091275049634,0,0.0,0
crossing_give_way,no_nominal_shaping_mirrored,353,22.793112405352616,0,24.749999999999538,0
crossing_give_way,no_nominal_shaping_mirrored,354,22.991846326022934,0,25.59999999999936,0
crossing_give_way,no_nominal_shaping_mirrored,355,16.19964053988133,1,12.250000000000174,0
crossing_give_way,no_nominal_shaping_mirrored,356,39.920570546736045,0,0.0,0
crossing_give_way,no_nominal_shaping_mirrored,357,20.43190665547944,1,23.500000000000036,0
crossing_give_way,no_nominal_shaping_mirrored,358,32.16456583157479,0,0.0,0
crossing_give_way,no_nominal_shaping_mirrored,359,23.695621247570866,0,18.350000000000044,0
crossing_give_way,no_nominal_shaping_mirrored,360,28.581987503369913,0,12.549999999999848,0
crossing_give_way,no_nominal_shaping_mirrored,361,18.63940704410673,0,27.849999999998644,0
crossing_give_way,no_nominal_shaping_mirrored,362,52.04665091603699,0,0.0,0
crossing_give_way,no_nominal_shaping_mirrored,363,69.66511671684849,0,0.0,0
crossing_give_way,no_nominal_shaping_mirrored,364,29.389209362618104,0,11.599999999999856,0
crossing_give_way,no_nominal_shaping_mirrored,365,77.99969745273421,0,0.0,0
crossing_give_way,no_nominal_shaping_mirrored,366,14.539728444471413,1,14.399999999999846,0
crossing_give_way,no_nominal_shaping_mirrored,367,15.21008608100348,1,0.0,0
crossing_give_way,no_nominal_shaping_mirrored,368,41.64192079544754,0,0.0,0
crossing_give_way,no_nominal_shaping_mirrored,369,112.78337056551544,0,0.0,0
crossing_give_way,no_nominal_shaping_mirrored,370,25.557851750185208,0,13.550000000000193,0
crossing_give_way,no_nominal_shaping_mirrored,371,15.595508051363705,1,13.00000000000012,0
crossing_give_way,no_nominal_shaping_mirrored,372,19.85964755708313,1,8.250000000000117,0
crossing_give_way,no_nominal_shaping_mirrored,373,25.464068547753232,0,15.250000000000146,0
crossing_give_way,no_nominal_shaping_mirrored,374,29.924957144782038,1,0.0,0
crossing_give_way,no_nominal_shaping_mirrored,375,23.832341511359708,0,17.650000000000123,0
crossing_give_way,no_nominal_shaping_mirrored,376,54.26829135703301,0,0.0,0
crossing_give_way,no_nominal_shaping_mirrored,377,14.115273506399157,1,12.099999999999604,0
crossing_give_way,no_nominal_shaping_mirrored,378,19.216805432381275,0,144.0000000000038,0
crossing_give_way,no_nominal_shaping_mirrored,379,13.401485631426205,1,15.299999999999468,0
crossing_give_way,no_nominal_shaping_mirrored,380,25.373349504758234,0,18.84999999999931,0
crossing_give_way,no_nominal_shaping_mirrored,381,24.694873237090476,0,16.999999999999936,0
crossing_give_way,no_nominal_shaping_mirrored,382,27.77937088857443,0,12.500000000000178,0
crossing_give_way,no_nominal_shaping_mirrored,383,12.583462663367964,1,15.099999999999142,0
crossing_give_way,no_nominal_shaping_mirrored,384,27.844099139929423,0,14.499999999999222,0
crossing_give_way,no_nominal_shaping_mirrored,385,31.35999089041973,0,8.549999999999514,0
crossing_give_way,no_nominal_shaping_mirrored,386,39.83839289027294,0,0.0,0
crossing_give_way,no_nominal_shaping_mirrored,387,25.60569739188744,0,15.849999999999941,0
crossing_give_way,no_nominal_shaping_mirrored,388,36.6925894688301,0,0.0,0
crossing_give_way,no_nominal_shaping_mirrored,389,51.0605586269384,0,0.0,0
crossing_give_way,no_nominal_shaping_mirrored,390,24.572755625412924,0,21.34999999999936,0
crossing_give_way,no_nominal_shaping_mirrored,391,27.971859917861114,0,12.800000000000182,0
crossing_give_way,no_nominal_shaping_mirrored,392,28.73969486729194,0,12.999999999999531,0
crossing_give_way,no_nominal_shaping_mirrored,393,23.242555262754433,0,21.899999999999626,0
crossing_give_way,no_nominal_shaping_mirrored,394,26.3628071158921,0,14.949999999999921,0
crossing_give_way,no_nominal_shaping_mirrored,395,13.045167642666003,1,15.449999999999122,0
crossing_give_way,no_nominal_shaping_mirrored,396,23.64058061098189,0,19.54999999999986,0
crossing_give_way,no_nominal_shaping_mirrored,397,26.29841795199102,0,13.550000000000193,0
crossing_give_way,no_nominal_shaping_mirrored,398,25.11007982712307,0,19.749999999999154,0
crossing_give_way,no_nominal_shaping_mirrored,399,23.786229351410995,0,19.89999999999974,0
crossing_give_way,no_nominal_shaping_mirrored,400,15.039246642507202,1,11.199999999999854,0
crossing_give_way,no_nominal_shaping_mirrored,401,16.23019575434093,0,28.799999999998857,0
crossing_give_way,no_nominal_shaping_mirrored,402,26.611964510748034,0,15.249999999999662,0
crossing_give_way,no_nominal_shaping_mirrored,403,15.458732735024793,1,13.55000000000004,0
crossing_give_way,no_nominal_shaping_mirrored,404,19.417859949184013,1,47.74999999999807,0
crossing_give_way,no_nominal_shaping_mirrored,405,15.367213854293635,1,9.649999999999835,0
crossing_give_way,no_nominal_shaping_mirrored,406,22.668504465705418,0,24.599999999999486,0
crossing_give_way,no_nominal_shaping_mirrored,407,31.860475292637084,0,8.400000000000055,0
crossing_give_way,no_nominal_shaping_mirrored,408,40.16316149633768,0,0.0,0
crossing_give_way,no_nominal_shaping_mirrored,409,42.905179035827665,0,0.0,0
crossing_give_way,no_nominal_shaping_mirrored,410,23.62456428066056,1,0.0,0
crossing_give_way,no_nominal_shaping_mirrored,411,15.530355805194283,1,11.45000000000001,0
crossing_give_way,no_nominal_shaping_mirrored,412,17.53431349834756,1,18.350000000000048,0
crossing_give_way,no_nominal_shaping_mirrored,413,47.379913534124164,0,0.0,0
crossing_give_way,no_nominal_shaping_mirrored,414,24.449203119721375,0,17.249999999999968,0
crossing_give_way,no_nominal_shaping_mirrored,415,30.21357106511789,0,10.04999999999957,0
crossing_give_way,no_nominal_shaping_mirrored,416,14.523504090315763,0,46.79999999999794,0
crossing_give_way,no_nominal_shaping_mirrored,417,38.28087731160946,0,0.0,0
crossing_give_way,no_nominal_shaping_mirrored,418,27.08237201605571,0,13.050000000000185,0
crossing_give_way,no_nominal_shaping_mirrored,419,42.82628509982501,0,0.0,0
crossing_give_way,no_nominal_shaping_mirrored,420,13.37531118567658,1,18.849999999999447,0
crossing_give_way,no_nominal_shaping_mirrored,421,45.879095756450376,0,0.0,0
crossing_give_way,no_nominal_shaping_mirrored,422,23.772774643004833,0,22.799999999999343,0
crossing_give_way,no_nominal_shaping_mirrored,423,34.72409886527417,1,0.0,0
crossing_give_way,no_nominal_shaping_mirrored,424,27.74042894151175,0,14.099999999999405,0
crossing_give_way,no_nominal_shaping_mirrored,425,13.509021927351501,1,17.89999999999944,0
crossing_give_way,no_nominal_shaping_mirrored,426,17.71028812221926,1,9.600000000000136,0
crossing_give_way,no_nominal_shaping_mirrored,427,21.778646665421935,0,21.850000000000083,0
crossing_give_way,no_nominal_shaping_mirrored,428,24.55522615422047,0,17.549999999999958,0
crossing_give_way,no_nominal_shaping_mirrored,429,26.53712466258379,0,15.099999999999756,0
crossing_give_way,no_nominal_shaping_mirrored,430,26.681952808414728,0,13.300000000000189,0
crossing_give_way,no_nominal_shaping_mirrored,431,26.565963195771428,0,15.349999999999635,0
crossing_give_way,no_nominal_shaping_mirrored,432,39.791523537794994,0,0.0,0
crossing_give_way,no_nominal_shaping_mirrored,433,29.744200916328843,1,0.0,0
crossing_give_way,no_nominal_shaping_mirrored,434,19.39645236522814,1,30.69999999999917,0
crossing_give_way,no_nominal_shaping_mirrored,435,26.004640649948033,0,16.249999999999766,0
crossing_give_way,no_nominal_shaping_mirrored,436,22.999767877495945,0,18.200000000000184,0
crossing_give_way,no_nominal_shaping_mirrored,437,24.87866585718314,0,18.84999999999956,0
crossing_give_way,no_nominal_shaping_mirrored,438,22.436147387205807,0,19.80000000000011,0
crossing_give_way,no_nominal_shaping_mirrored,439,14.166954010469363,1,12.599999999999675,0
crossing_give_way,no_nominal_shaping_mirrored,440,23.933229730534926,0,19.699999999999743,0
crossing_give_way,no_nominal_shaping_mirrored,441,19.62701040919308,1,21.20000000000001,0
crossing_give_way,no_nominal_shaping_mirrored,442,19.393506653235157,1,36.449999999998894,0
crossing_give_way,no_nominal_shaping_mirrored,443,27.55813974416479,0,13.499999999999964,0
crossing_give_way,no_nominal_shaping_mirrored,444,13.146836416800271,1,18.14999999999938,0
crossing_give_way,no_nominal_shaping_mirrored,445,24.698532570189034,0,21.049999999999304,0
crossing_give_way,no_nominal_shaping_mirrored,446,63.59154813643158,0,0.0,0
crossing_give_way,no_nominal_shaping_mirrored,447,14.481400622444983,1,14.59999999999987,0
crossing_give_way,no_nominal_shaping_mirrored,448,19.35579036963939,1,52.49999999999781,0
crossing_give_way,no_nominal_shaping_mirrored,449,19.294527684169612,1,43.39999999999837,0
crossing_give_way,no_nominal_shaping_mirrored,450,26.66769742593689,1,0.0,0
crossing_give_way,no_nominal_shaping_mirrored,451,25.70300967283595,0,15.749999999999954,0
crossing_give_way,no_nominal_shaping_mirrored,452,25.49833838564859,0,13.750000000000195,0
crossing_give_way,no_nominal_shaping_mirrored,453,32.090398949939136,1,0.0,0
crossing_give_way,no_nominal_shaping_mirrored,454,16.141194389152673,1,24.249999999999915,0
crossing_give_way,no_nominal_shaping_mirrored,455,32.96144185814227,0,0.0,0
crossing_give_way,no_nominal_shaping_mirrored,456,95.72180520028336,0,0.0,0
crossing_give_way,no_nominal_shaping_mirrored,457,113.54126342435565,0,0.0,0
crossing_give_way,no_nominal_shaping_mirrored,458,22.81831958682054,0,24.04999999999952,0
crossing_give_way,no_nominal_shaping_mirrored,459,26.02879290681238,0,16.64999999999949,0
crossing_give_way,no_nominal_shaping_mirrored,460,18.298340705731324,1,9.80000000000014,0
crossing_give_way,no_nominal_shaping_mirrored,461,60.771222436640535,0,0.0,0
crossing_give_way,no_nominal_shaping_mirrored,462,25.64318580006274,0,16.79999999999965,0
crossing_give_way,no_nominal_shaping_mirrored,463,27.08967903909716,1,0.0,0
crossing_give_way,no_nominal_shaping_mirrored,464,19.5183364609433,1,27.59999999999956,0
crossing_give_way,no_nominal_shaping_mirrored,465,24.517508793519987,0,16.35000000000015,0
crossing_give_way,no_nominal_shaping_mirrored,466,27.478604534908698,0,13.749999999999812,0
crossing_give_way,no_nominal_shaping_mirrored,467,15.513452549357119,1,15.35000000000003,0
crossing_give_way,no_nominal_shaping_mirrored,468,23.896868453266286,0,23.549999999999255,0
crossing_give_way,no_nominal_shaping_mirrored,469,15.191476763676416,1,15.249999999999964,0
crossing_give_way,no_nominal_shaping_mirrored,470,19.181715134295345,0,124.19999999999949,0
crossing_give_way,no_nominal_shaping_mirrored,471,26.945698159433462,0,14.24999999999983,0
crossing_give_way,no_nominal_shaping_mirrored,472,62.28865962100009,0,0.0,0
crossing_give_way,no_nominal_shaping_mirrored,473,19.214127656214874,0,94.44999999999526,0
crossing_give_way,no_nominal_shaping_mirrored,474,23.481729922249155,0,26.79999999999911,0
crossing_give_way,no_nominal_shaping_mirrored,475,29.01874319359739,0,11.350000000000161,0
crossing_give_way,no_nominal_shaping_mirrored,476,12.842279515700133,1,19.649999999999082,0
crossing_give_way,no_nominal_shaping_mirrored,477,54.51403968674667,0,0.0,0
crossing_give_way,no_nominal_shaping_mirrored,478,27.986417320607508,0,13.24999999999979,0
crossing_give_way,no_nominal_shaping_mirrored,479,35.1866841205072,0,0.0,0
crossing_give_way,no_nominal_shaping_mirrored,480,19.474732374401974,1,29.94999999999945,0
crossing_give_way,no_nominal_shaping_mirrored,481,36.88082070243866,0,0.0,0
crossing_give_way,no_nominal_shaping_mirrored,482,24.971435545253065,0,18.149999999999665,0
crossing_give_way,no_nominal_shaping_mirrored,483,27.472003817137978,0,14.299999999999763,0
crossing_give_way,no_nominal_shaping_mirrored,484,29.07454656559338,0,12.099999999999824,0
crossing_give_way,no_nominal_shaping_mirrored,485,24.551718177572077,0,14.700000000000209,0
crossing_give_way,no_nominal_shaping_mirrored,486,22.424601847811907,0,21.699999999999903,0
crossing_give_way,no_nominal_shaping_mirrored,487,65.44392656535241,0,0.0,0
crossing_give_way,no_nominal_shaping_mirrored,488,19.46323778047805,1,27.54999999999938,0
crossing_give_way,no_nominal_shaping_mirrored,489,11.94589275937503,0,51.84999999999725,0
crossing_give_way,no_nominal_shaping_mirrored,490,26.365373579243506,0,16.94999999999919,0
crossing_give_way,no_nominal_shaping_mirrored,491,23.9983610134063,0,21.54999999999943,0
crossing_give_way,no_nominal_shaping_mirrored,492,63.96874869033244,0,0.0,0
crossing_give_way,no_nominal_shaping_mirrored,493,43.708302143759425,0,0.0,0
crossing_give_way,no_nominal_shaping_mirrored,494,39.08496895341677,0,0.0,0
crossing_give_way,no_nominal_shaping_mirrored,495,32.74165774701636,0,0.0,0
crossing_give_way,no_nominal_shaping_mirrored,496,40.72599469112519,0,0.0,0
crossing_give_way,no_nominal_shaping_mirrored,497,20.517548982360026,1,20.35000000000029,0
crossing_give_way,no_nominal_shaping_mirrored,498,26.17317520241756,0,14.600000000000083,0
crossing_give_way,no_nominal_shaping_mirrored,499,19.573600404617796,1,30.549999999999354,0
crossing_give_way,no_nominal_shaping_stbd_lobes,300,26.235413681135068,0,16.549999999999333,0
crossing_give_way,no_nominal_shaping_stbd_lobes,301,23.292952001602483,0,17.8000000000002,0
crossing_give_way,no_nominal_shaping_stbd_lobes,302,26.478939864565017,0,15.299999999999784,0
crossing_give_way,no_nominal_shaping_stbd_lobes,303,19.42378455726311,1,51.14999999999786,0
crossing_give_way,no_nominal_shaping_stbd_lobes,304,24.75426638228829,0,15.600000000000222,0
crossing_give_way,no_nominal_shaping_stbd_lobes,305,22.859792225832255,0,18.75000000000016,0
crossing_give_way,no_nominal_shaping_stbd_lobes,306,25.984016897368335,0,14.300000000000203,0
crossing_give_way,no_nominal_shaping_stbd_lobes,307,29.695740364038368,0,11.549999999999713,0
crossing_give_way,no_nominal_shaping_stbd_lobes,308,19.634594748607295,1,15.50000000000022,0
crossing_give_way,no_nominal_shaping_stbd_lobes,309,28.622449797393276,0,12.000000000000153,0
crossing_give_way,no_nominal_shaping_stbd_lobes,310,24.57900599727091,0,20.199999999999353,0
crossing_give_way,no_nominal_shaping_stbd_lobes,311,29.961439739389903,0,11.249999999999599,0
crossing_give_way,no_nominal_shaping_stbd_lobes,312,45.111214578696895,0,0.0,0
crossing_give_way,no_nominal_shaping_stbd_lobes,313,41.00381506882814,0,0.0,0
crossing_give_way,no_nominal_shaping_stbd_lobes,314,24.069086230051884,0,18.149999999999913,0
crossing_give_way,no_nominal_shaping_stbd_lobes,315,22.41638709562616,0,26.099999999999383,0
crossing_give_way,no_nominal_shaping_stbd_lobes,316,14.020538044679087,1,11.649999999999505,0
crossing_give_way,no_nominal_shaping_stbd_lobes,317,14.950761678714793,1,35.19999999999877,0
crossing_give_way,no_nominal_shaping_stbd_lobes,318,24.88190926849337,0,19.599999999999348,0
crossing_give_way,no_nominal_shaping_stbd_lobes,319,30.7017617287317,1,0.0,0
crossing_give_way,no_nominal_shaping_stbd_lobes,320,22.98858971850025,0,24.09999999999954,0
crossing_give_way,no_nominal_shaping_stbd_lobes,321,14.32912975967695,1,13.249999999999766,0
crossing_give_way,no_nominal_shaping_stbd_lobes,322,63.457730400840305,0,0.0,0
crossing_give_way,no_nominal_shaping_stbd_lobes,323,62.50714921464741,0,0.0,0
crossing_give_way,no_nominal_shaping_stbd_lobes,324,35.352300147095654,0,0.0,0
crossing_give_way,no_nominal_shaping_stbd_lobes,325,24.947205838031707,0,18.499999999999496,0
crossing_give_way,no_nominal_shaping_stbd_lobes,326,19.229564951310213,1,55.14999999999769,0
crossing_give_way,no_nominal_shaping_stbd_lobes,327,53.149769350868944,0,0.0,0
crossing_give_way,no_nominal_shaping_stbd_lobes,328,45.58951723111605,0,0.0,0
crossing_give_way,no_nominal_shaping_stbd_lobes,329,40.7839112926029,0,0.0,0
crossing_give_way,no_nominal_shaping_stbd_lobes,330,27.188338513912836,0,14.549999999999656,0
crossing_give_way,no_nominal_shaping_stbd_lobes,331,29.282189053920202,0,11.699999999999406,0
crossing_give_way,no_nominal_shaping_stbd_lobes,332,16.41649593680721,1,12.800000000000182,0
crossing_give_way,no_nominal_shaping_stbd_lobes,333,26.282244286532013,0,15.599999999999682,0
crossing_give_way,no_nominal_shaping_stbd_lobes,334,31.97002551310032,0,7.499999999999858,0
crossing_give_way,no_nominal_shaping_stbd_lobes,335,30.775277306497298,1,0.0,0
crossing_give_way,no_nominal_shaping_stbd_lobes,336,32.208041764794714,0,8.550000000000122,0
crossing_give_way,no_nominal_shaping_stbd_lobes,337,19.32708181328656,1,9.000000000000128,0
crossing_give_way,no_nominal_shaping_stbd_lobes,338,14.082733583563682,1,15.84999999999977,0
crossing_give_way,no_nominal_shaping_stbd_lobes,339,20.325343148288272,1,9.050000000000129,0
crossing_give_way,no_nominal_shaping_stbd_lobes,340,24.181512283037872,0,19.149999999999796,0
crossing_give_way,no_nominal_shaping_stbd_lobes,341,27.713784234861492,0,14.199999999999456,0
crossing_give_way,no_nominal_shaping_stbd_lobes,342,35.37440680230274,1,0.0,0
crossing_give_way,no_nominal_shaping_stbd_lobes,343,17.59790206237098,1,18.65000000000008,0
crossing_give_way,no_nominal_shaping_stbd_lobes,344,19.223358556553986,1,78.74999999999609,0
crossing_give_way,no_nominal_shaping_stbd_lobes,345,32.222473816806726,0,8.550000000000122,0
crossing_give_way,no_nominal_shaping_stbd_lobes,346,25.74573090084195,0,17.84999999999925,0
crossing_give_way,no_nominal_shaping_stbd_lobes,347,26.28748193605742,1,0.0,0
crossing_give_way,no_nominal_shaping_stbd_lobes,348,46.51630204581023,0,0.0,0
crossing_give_way,no_nominal_shaping_stbd_lobes,349,19.29331238890073,1,43.349999999998275,0
crossing_give_way,no_nominal_shaping_stbd_lobes,350,40.50306559035818,0,0.0,0
crossing_give_way,no_nominal_shaping_stbd_lobes,351,38.56841289871595,0,0.0,0
crossing_give_way,no_nominal_shaping_stbd_lobes,352,39.61091275049634,0,0.0,0
crossing_give_way,no_nominal_shaping_stbd_lobes,353,22.793112405352616,0,24.749999999999538,0
crossing_give_way,no_nominal_shaping_stbd_lobes,354,22.991846326022934,0,25.59999999999936,0
crossing_give_way,no_nominal_shaping_stbd_lobes,355,16.19964053988133,1,12.250000000000174,0
crossing_give_way,no_nominal_shaping_stbd_lobes,356,39.920570546736045,0,0.0,0
crossing_give_way,no_nominal_shaping_stbd_lobes,357,20.43190665547944,1,23.500000000000036,0
crossing_give_way,no_nominal_shaping_stbd_lobes,358,32.16456583157479,0,0.0,0
crossing_give_way,no_nominal_shaping_stbd_lobes,359,23.695621247570866,0,18.350000000000044,0
crossing_give_way,no_nominal_shaping_stbd_lobes,360,28.581987503369913,0,12.549999999999848,0
crossing_give_way,no_nominal_shaping_stbd_lobes,361,18.63940704410673,0,27.849999999998644,0
crossing_give_way,no_nominal_shaping_stbd_lobes,362,52.04665091603699,0,0.0,0
crossing_give_way,no_nominal_shaping_stbd_lobes,363,69.66511671684849,0,0.0,0
crossing_give_way,no_nominal_shaping_stbd_lobes,364,29.389209362618104,0,11.599999999999856,0
crossing_give_way,no_nominal_shaping_stbd_lobes,365,77.99969745273421,0,0.0,0
crossing_give_way,no_nominal_shaping_stbd_lobes,366,14.539728444471413,1,14.399999999999846,0
crossing_give_way,no_nominal_shaping_stbd_lobes,367,15.21008608100348,1,0.0,0
crossing_give_way,no_nominal_shaping_stbd_lobes,368,41.64192079544754,0,0.0,0
crossing_give_way,no_nominal_shaping_stbd_lobes,369,112.78337056551544,0,0.0,0
crossing_give_way,no_nominal_shaping_stbd_lobes,370,25.557851750185208,0,13.550000000000193,0
crossing_give_way,no_nominal_shaping_stbd_lobes,371,15.595508051363705,1,13.00000000000012,0
crossing_give_way,no_nominal_shaping_stbd_lobes,372,19.85964755708313,1,8.250000000000117,0
crossing_give_way,no_nominal_shaping_stbd_lobes,373,25.464068547753232,0,15.250000000000146,0
crossing_give_way,no_nominal_shaping_stbd_lobes,374,29.924957144782038,1,0.0,0
crossing_give_way,no_nominal_shaping_stbd_lobes,375,23.832341511359708,0,17.650000000000123,0
crossing_give_way,no_nominal_shaping_stbd_lobes,376,54.26829135703301,0,0.0,0
crossing_give_way,no_nominal_shaping_stbd_lobes,377,14.115273506399157,1,12.099999999999604,0
crossing_give_way,no_nominal_shaping_stbd_lobes,378,19.216805432381275,0,144.0000000000038,0
crossing_give_way,no_nominal_shaping_stbd_lobes,379,13.401485631426205,1,15.299999999999468,0
crossing_give_way,no_nominal_shaping_stbd_lobes,380,25.373349504758234,0,18.84999999999931,0
crossing_give_way,no_nominal_shaping_stbd_lobes,381,24.694873237090476,0,16.999999999999936,0
crossing_give_way,no_nominal_shaping_stbd_lobes,382,27.77937088857443,0,12.500000000000178,0
crossing_give_way,no_nominal_shaping_stbd_lobes,383,12.583462663367964,1,15.099999999999142,0
crossing_give_way,no_nominal_shaping_stbd_lobes,384,27.844099139929423,0,14.499999999999222,0
crossing_give_way,no_nominal_shaping_stbd_lobes,385,31.35999089041973,0,8.549999999999514,0
crossing_give_way,no_nominal_shaping_stbd_lobes,386,39.83839289027294,0,0.0,0
crossing_give_way,no_nominal_shaping_stbd_lobes,387,25.60569739188744,0,15.849999999999941,0
crossing_give_way,no_nominal_shaping_stbd_lobes,388,36.6925894688301,0,0.0,0
crossing_give_way,no_nominal_shaping_stbd_lobes,389,51.0605586269384,0,0.0,0
crossing_give_way,no_nominal_shaping_stbd_lobes,390,24.572755625412924,0,21.34999999999936,0
crossing_give_way,no_nominal_shaping_stbd_lobes,391,27.971859917861114,0,12.800000000000182,0
crossing_give_way,no_nominal_shaping_stbd_lobes,392,28.73969486729194,0,12.999999999999531,0
crossing_give_way,no_nominal_shaping_stbd_lobes,393,23.242555262754433,0,21.899999999999626,0
crossing_give_way,no_nominal_shaping_stbd_lobes,394,26.3628071158921,0,14.949999999999921,0
crossing_give_way,no_nominal_shaping_stbd_lobes,395,13.045167642666003,1,15.449999999999122,0
crossing_give_way,no_nominal_shaping_stbd_lobes,396,23.64058061098189,0,19.54999999999986,0
crossing_give_way,no_nominal_shaping_stbd_lobes,397,26.29841795199102,0,13.550000000000193,0
crossing_give_way,no_nominal_shaping_stbd_lobes,398,25.11007982712307,0,19.749999999999154,0
crossing_give_way,no_nominal_shaping_stbd_lobes,399,23.786229351410995,0,19.89999999999974,0
crossing_give_way,no_nominal_shaping_stbd_lobes,400,15.039246642507202,1,11.199999999999854,0
crossing_give_way,no_nominal_shaping_stbd_lobes,401,16.23019575434093,0,28.799999999998857,0
crossing_give_way,no_nominal_shaping_stbd_lobes,402,26.611964510748034,0,15.249999999999662,0
crossing_give_way,no_nominal_shaping_stbd_lobes,403,15.458732735024793,1,13.55000000000004,0
crossing_give_way,no_nominal_shaping_stbd_lobes,404,19.417859949184013,1,47.74999999999807,0
crossing_give_way,no_nominal_shaping_stbd_lobes,405,15.367213854293635,1,9.649999999999835,0
crossing_give_way,no_nominal_shaping_stbd_lobes,406,22.668504465705418,0,24.599999999999486,0
crossing_give_way,no_nominal_shaping_stbd_lobes,407,31.860475292637084,0,8.400000000000055,0
crossing_give_way,no_nominal_shaping_stbd_lobes,408,40.16316149633768,0,0.0,0
crossing_give_way,no_nominal_shaping_stbd_lobes,409,42.905179035827665,0,0.0,0
crossing_give_way,no_nominal_shaping_stbd_lobes,410,23.62456428066056,1,0.0,0
crossing_give_way,no_nominal_shaping_stbd_lobes,411,15.530355805194283,1,11.45000000000001,0
crossing_give_way,no_nominal_shaping_stbd_lobes,412,17.53431349834756,1,18.350000000000048,0
crossing_give_way,no_nominal_shaping_stbd_lobes,413,47.379913534124164,0,0.0,0
crossing_give_way,no_nominal_shaping_stbd_lobes,414,24.449203119721375,0,17.249999999999968,0
crossing_give_way,no_nominal_shaping_stbd_lobes,415,30.21357106511789,0,10.04999999999957,0
crossing_give_way,no_nominal_shaping_stbd_lobes,416,14.523504090315763,0,46.79999999999794,0
crossing_give_way,no_nominal_shaping_stbd_lobes,417,38.28087731160946,0,0.0,0
crossing_give_way,no_nominal_shaping_stbd_lobes,418,27.08237201605571,0,13.050000000000185,0
crossing_give_way,no_nominal_shaping_stbd_lobes,419,42.82628509982501,0,0.0,0
crossing_give_way,no_nominal_shaping_stbd_lobes,420,13.376497468230243,1,18.79999999999945,0
crossing_give_way,no_nominal_shaping_stbd_lobes,421,45.879095756450376,0,0.0,0
crossing_give_way,no_nominal_shaping_stbd_lobes,422,23.772774643004833,0,22.799999999999343,0
crossing_give_way,no_nominal_shaping_stbd_lobes,423,34.72409886527417,1,0.0,0
crossing_give_way,no_nominal_shaping_stbd_lobes,424,27.74042894151175,0,14.099999999999405,0
crossing_give_way,no_nominal_shaping_stbd_lobes,425,13.509021927351501,1,17.89999999999944,0
crossing_give_way,no_nominal_shaping_stbd_lobes,426,17.71028812221926,1,9.600000000000136,0
crossing_give_way,no_nominal_shaping_stbd_lobes,427,21.778646665421935,0,21.850000000000083,0
crossing_give_way,no_nominal_shaping_stbd_lobes,428,24.55522615422047,0,17.549999999999958,0
crossing_give_way,no_nominal_shaping_stbd_lobes,429,26.53712466258379,0,15.099999999999756,0
crossing_give_way,no_nominal_shaping_stbd_lobes,430,26.681952808414728,0,13.300000000000189,0
crossing_give_way,no_nominal_shaping_stbd_lobes,431,26.565963195771428,0,15.349999999999635,0
crossing_give_way,no_nominal_shaping_stbd_lobes,432,39.791523537794994,0,0.0,0
crossing_give_way,no_nominal_shaping_stbd_lobes,433,29.744200916328843,1,0.0,0
crossing_give_way,no_nominal_shaping_stbd_lobes,434,19.39645236522814,1,30.69999999999917,0
crossing_give_way,no_nominal_shaping_stbd_lobes,435,26.004640649948033,0,16.249999999999766,0
crossing_give_way,no_nominal_shaping_stbd_lobes,436,22.999767877495945,0,18.200000000000184,0
crossing_give_way,no_nominal_shaping_stbd_lobes,437,24.87866585718314,0,18.84999999999956,0
crossing_give_way,no_nominal_shaping_stbd_lobes,438,22.436147387205807,0,19.80000000000011,0
crossing_give_way,no_nominal_shaping_stbd_lobes,439,14.166954010469363,1,12.599999999999675,0
crossing_give_way,no_nominal_shaping_stbd_lobes,440,23.933229730534926,0,19.699999999999743,0
crossing_give_way,no_nominal_shaping_stbd_lobes,441,19.62701040919308,1,21.20000000000001,0
crossing_give_way,no_nominal_shaping_stbd_lobes,442,19.393506653235157,1,36.449999999998894,0
crossing_give_way,no_nominal_shaping_stbd_lobes,443,27.55813974416479,0,13.499999999999964,0
crossing_give_way,no_nominal_shaping_stbd_lobes,444,13.146836416800271,1,18.14999999999938,0
crossing_give_way,no_nominal_shaping_stbd_lobes,445,24.698532570189034,0,21.049999999999304,0
crossing_give_way,no_nominal_shaping_stbd_lobes,446,63.59154813643158,0,0.0,0
crossing_give_way,no_nominal_shaping_stbd_lobes,447,14.481400622444983,1,14.59999999999987,0
crossing_give_way,no_nominal_shaping_stbd_lobes,448,19.35579036963939,1,52.49999999999781,0
crossing_give_way,no_nominal_shaping_stbd_lobes,449,19.294527684169612,1,43.39999999999837,0
crossing_give_way,no_nominal_shaping_stbd_lobes,450,26.66769742593689,1,0.0,0
crossing_give_way,no_nominal_shaping_stbd_lobes,451,25.70300967283595,0,15.749999999999954,0
crossing_give_way,no_nominal_shaping_stbd_lobes,452,25.49833838564859,0,13.750000000000195,0
crossing_give_way,no_nominal_shaping_stbd_lobes,453,32.090398949939136,1,0.0,0
crossing_give_way,no_nominal_shaping_stbd_lobes,454,16.141194389152673,1,24.249999999999915,0
crossing_give_way,no_nominal_shaping_stbd_lobes,455,32.96144185814227,0,0.0,0
crossing_give_way,no_nominal_shaping_stbd_lobes,456,95.72180520028336,0,0.0,0
crossing_give_way,no_nominal_shaping_stbd_lobes,457,113.54126342435565,0,0.0,0
crossing_give_way,no_nominal_shaping_stbd_lobes,458,22.81831958682054,0,24.04999999999952,0
crossing_give_way,no_nominal_shaping_stbd_lobes,459,26.02879290681238,0,16.64999999999949,0
crossing_give_way,no_nominal_shaping_stbd_lobes,460,18.298340705731324,1,9.80000000000014,0
crossing_give_way,no_nominal_shaping_stbd_lobes,461,60.771222436640535,0,0.0,0
crossing_give_way,no_nominal_shaping_stbd_lobes,462,25.64318580006274,0,16.79999999999965,0
crossing_give_way,no_nominal_shaping_stbd_lobes,463,27.08967903909716,1,0.0,0
crossing_give_way,no_nominal_shaping_stbd_lobes,464,19.5183364609433,1,27.59999999999956,0
crossing_give_way,no_nominal_shaping_stbd_lobes,465,24.517508793519987,0,16.35000000000015,0
crossing_give_way,no_nominal_shaping_stbd_lobes,466,27.478604534908698,0,13.749999999999812,0
crossing_give_way,no_nominal_shaping_stbd_lobes,467,15.513452549357119,1,15.35000000000003,0
crossing_give_way,no_nominal_shaping_stbd_lobes,468,23.896868453266286,0,23.549999999999255,0
crossing_give_way,no_nominal_shaping_stbd_lobes,469,15.191476763676416,1,15.249999999999964,0
crossing_give_way,no_nominal_shaping_stbd_lobes,470,19.181715134295345,0,124.19999999999949,0
crossing_give_way,no_nominal_shaping_stbd_lobes,471,26.945698159433462,0,14.24999999999983,0
crossing_give_way,no_nominal_shaping_stbd_lobes,472,62.28865962100009,0,0.0,0
crossing_give_way,no_nominal_shaping_stbd_lobes,473,19.214127656214874,0,94.44999999999526,0
crossing_give_way,no_nominal_shaping_stbd_lobes,474,23.481729922249155,0,26.79999999999911,0
crossing_give_way,no_nominal_shaping_stbd_lobes,475,29.01874319359739,0,11.350000000000161,0
crossing_give_way,no_nominal_shaping_stbd_lobes,476,12.842279515700133,1,19.649999999999082,0
crossing_give_way,no_nominal_shaping_stbd_lobes,477,54.51403968674667,0,0.0,0
crossing_give_way,no_nominal_shaping_stbd_lobes,478,27.986417320607508,0,13.24999999999979,0
crossing_give_way,no_nominal_shaping_stbd_lobes,479,35.1866841205072,0,0.0,0
crossing_give_way,no_nominal_shaping_stbd_lobes,480,19.474732374401974,1,29.94999999999945,0
crossing_give_way,no_nominal_shaping_stbd_lobes,481,36.88082070243866,0,0.0,0
crossing_give_way,no_nominal_shaping_stbd_lobes,482,24.971435545253065,0,18.149999999999665,0
crossing_give_way,no_nominal_shaping_stbd_lobes,483,27.472003817137978,0,14.299999999999763,0
crossing_give_way,no_nominal_shaping_stbd_lobes,484,29.07454656559338,0,12.099999999999824,0
crossing_give_way,no_nominal_shaping_stbd_lobes,485,24.551718177572077,0,14.700000000000209,0
crossing_give_way,no_nominal_shaping_stbd_lobes,486,22.424601847811907,0,21.699999999999903,0
crossing_give_way,no_nominal_shaping_stbd_lobes,487,65.44392656535241,0,0.0,0
crossing_give_way,no_nominal_shaping_stbd_lobes,488,19.46323778047805,1,27.54999999999938,0
crossing_give_way,no_nominal_shaping_stbd_lobes,489,11.94589275937503,0,51.84999999999725,0
crossing_give_way,no_nominal_shaping_stbd_lobes,490,26.365373579243506,0,16.94999999999919,0
crossing_give_way,no_nominal_shaping_stbd_lobes,491,23.9983610134063,0,21.54999999999943,0
crossing_give_way,no_nominal_shaping_stbd_lobes,492,63.96874869033244,0,0.0,0
crossing_give_way,no_nominal_shaping_stbd_lobes,493,43.708302143759425,0,0.0,0
crossing_give_way,no_nominal_shaping_stbd_lobes,494,39.08496895341677,0,0.0,0
crossing_give_way,no_nominal_shaping_stbd_lobes,495,32.74165774701636,0,0.0,0
crossing_give_way,no_nominal_shaping_stbd_lobes,496,40.72599469112519,0,0.0,0
crossing_give_way,no_nominal_shaping_stbd_lobes,497,20.517548982360026,1,20.35000000000029,0
crossing_give_way,no_nominal_shaping_stbd_lobes,498,26.17317520241756,0,14.600000000000083,0
crossing_give_way,no_nominal_shaping_stbd_lobes,499,19.573600404617796,1,30.549999999999354,0
crossing_give_way,no_nominal_shaping_ot_flip,300,21.910891480109832,0,10.349999999999412,0
crossing_give_way,no_nominal_shaping_ot_flip,301,21.7862370024525,0,17.350000000000055,0
crossing_give_way,no_nominal_shaping_ot_flip,302,22.07025012954288,0,9.949999999999775,0
crossing_give_way,no_nominal_shaping_ot_flip,303,12.864067261823239,1,24.349999999999184,0
crossing_give_way,no_nominal_shaping_ot_flip,304,21.98994298470606,0,12.900000000000183,0
crossing_give_way,no_nominal_shaping_ot_flip,305,21.7668955781058,0,19.749999999999936,0
crossing_give_way,no_nominal_shaping_ot_flip,306,22.28387536576519,0,10.650000000000151,0
crossing_give_way,no_nominal_shaping_ot_flip,307,27.321501271924372,0,0.0,0
crossing_give_way,no_nominal_shaping_ot_flip,308,20.214905565624345,1,10.400000000000148,0
crossing_give_way,no_nominal_shaping_ot_flip,309,23.989896675381438,0,6.050000000000086,0
crossing_give_way,no_nominal_shaping_ot_flip,310,17.56360880520634,0,15.149999999999363,0
crossing_give_way,no_nominal_shaping_ot_flip,311,28.115333895223536,0,0.0,0
crossing_give_way,no_nominal_shaping_ot_flip,312,45.111214578696895,0,0.0,0
crossing_give_way,no_nominal_shaping_ot_flip,313,41.00381506882814,0,0.0,0
crossing_give_way,no_nominal_shaping_ot_flip,314,21.644290686024334,0,15.949999999999825,0
crossing_give_way,no_nominal_shaping_ot_flip,315,11.511114710142909,1,36.14999999999862,0
crossing_give_way,no_nominal_shaping_ot_flip,316,15.299789073804162,1,9.099999999999483,0
crossing_give_way,no_nominal_shaping_ot_flip,317,12.19785778342629,1,38.64999999999837,0
crossing_give_way,no_nominal_shaping_ot_flip,318,19.23360307337404,0,15.499999999999293,0
crossing_give_way,no_nominal_shaping_ot_flip,319,30.7017617287317,1,0.0,0
crossing_give_way,no_nominal_shaping_ot_flip,320,15.02047666792447,1,28.649999999999082,0
crossing_give_way,no_nominal_shaping_ot_flip,321,14.831611051574118,1,11.149999999999707,0
crossing_give_way,no_nominal_shaping_ot_flip,322,63.457730400840305,0,0.0,0
crossing_give_way,no_nominal_shaping_ot_flip,323,62.50714921464741,0,0.0,0
crossing_give_way,no_nominal_shaping_ot_flip,324,35.352300147095654,0,0.0,0
crossing_give_way,no_nominal_shaping_ot_flip,325,21.537531754664883,0,14.49999999999945,0
crossing_give_way,no_nominal_shaping_ot_flip,326,11.836837625047139,1,29.04999999999898,0
crossing_give_way,no_nominal_shaping_ot_flip,327,53.149769350868944,0,0.0,0
crossing_give_way,no_nominal_shaping_ot_flip,328,45.58951723111605,0,0.0,0
crossing_give_way,no_nominal_shaping_ot_flip,329,40.7839112926029,0,0.0,0
crossing_give_way,no_nominal_shaping_ot_flip,330,22.453197938499542,0,8.399999999999647,0
crossing_give_way,no_nominal_shaping_ot_flip,331,27.530790162413535,0,0.0,0
crossing_give_way,no_nominal_shaping_ot_flip,332,12.319047526438169,1,11.70000000000016,0
crossing_give_way,no_nominal_shaping_ot_flip,333,22.012591249925936,0,9.99999999999967,0
crossing_give_way,no_nominal_shaping_ot_flip,334,31.601820873258912,0,0.0,0
crossing_give_way,no_nominal_shaping_ot_flip,335,30.775277306497298,1,0.0,0
crossing_give_way,no_nominal_shaping_ot_flip,336,31.336519379996968,0,0.0,0
crossing_give_way,no_nominal_shaping_ot_flip,337,20.434721004936907,1,6.900000000000098,0
crossing_give_way,no_nominal_shaping_ot_flip,338,6.782237757794511,1,28.049999999998885,0
crossing_give_way,no_nominal_shaping_ot_flip,339,21.08324406720176,1,6.900000000000098,0
crossing_give_way,no_nominal_shaping_ot_flip,340,21.567863817193697,0,17.19999999999969,0
crossing_give_way,no_nominal_shaping_ot_flip,341,22.975085641085034,0,6.299999999999642,0
crossing_give_way,no_nominal_shaping_ot_flip,342,35.37440680230274,1,0.0,0
crossing_give_way,no_nominal_shaping_ot_flip,343,17.58207175698157,1,11.350000000000161,0
crossing_give_way,no_nominal_shaping_ot_flip,344,13.978166216849646,1,20.449999999999203,0
crossing_give_way,no_nominal_shaping_ot_flip,345,31.51913031210236,0,0.0,0
crossing_give_way,no_nominal_shaping_ot_flip,346,21.697452495776332,0,12.14999999999931,0
crossing_give_way,no_nominal_shaping_ot_flip,347,26.28748193605742,1,0.0,0
crossing_give_way,no_nominal_shaping_ot_flip,348,46.51630204581023,0,0.0,0
crossing_give_way,no_nominal_shaping_ot_flip,349,6.851862018646703,1,27.899999999998965,0
crossing_give_way,no_nominal_shaping_ot_flip,350,40.50306559035818,0,0.0,0
crossing_give_way,no_nominal_shaping_ot_flip,351,38.56841289871595,0,0.0,0
crossing_give_way,no_nominal_shaping_ot_flip,352,39.61091275049634,0,0.0,0
crossing_give_way,no_nominal_shaping_ot_flip,353,15.153480102560271,1,24.99999999999933,0
crossing_give_way,no_nominal_shaping_ot_flip,354,15.249298755417934,1,25.099999999999184,0
crossing_give_way,no_nominal_shaping_ot_flip,355,16.628385959070886,1,9.90000000000014,0
crossing_give_way,no_nominal_shaping_ot_flip,356,39.920570546736045,0,0.0,0
crossing_give_way,no_nominal_shaping_ot_flip,357,9.996442474269609,1,17.60000000000024,0
crossing_give_way,no_nominal_shaping_ot_flip,358,31.892659896833553,0,0.0,0
crossing_give_way,no_nominal_shaping_ot_flip,359,21.67808499950628,0,16.999999999999925,0
crossing_give_way,no_nominal_shaping_ot_flip,360,24.073367358213826,0,0.0,0
crossing_give_way,no_nominal_shaping_ot_flip,361,13.480125586375602,0,26.04999999999852,0
crossing_give_way,no_nominal_shaping_ot_flip,362,52.04665091603699,0,0.0,0
crossing_give_way,no_nominal_shaping_ot_flip,363,69.66511671684849,0,0.0,0
crossing_give_way,no_nominal_shaping_ot_flip,364,26.279493323822365,0,0.0,0
crossing_give_way,no_nominal_shaping_ot_flip,365,77.99969745273421,0,0.0,0
crossing_give_way,no_nominal_shaping_ot_flip,366,13.685323549236314,1,11.849999999999806,0
crossing_give_way,no_nominal_shaping_ot_flip,367,17.932024644449065,1,4.449999999999747,0
crossing_give_way,no_nominal_shaping_ot_flip,368,41.64192079544754,0,0.0,0
crossing_give_way,no_nominal_shaping_ot_flip,369,112.78337056551544,0,0.0,0
crossing_give_way,no_nominal_shaping_ot_flip,370,22.704889517486055,0,10.950000000000156,0
crossing_give_way,no_nominal_shaping_ot_flip,371,10.123227451851978,1,13.799999999999912,0
crossing_give_way,no_nominal_shaping_ot_flip,372,20.894061404255766,1,5.850000000000083,0
crossing_give_way,no_nominal_shaping_ot_flip,373,21.977129589749982,0,11.850000000000115,0
crossing_give_way,no_nominal_shaping_ot_flip,374,29.924957144782038,1,0.0,0
crossing_give_way,no_nominal_shaping_ot_flip,375,21.7466253444246,0,15.950000000000028,0
crossing_give_way,no_nominal_shaping_ot_flip,376,54.26829135703301,0,0.0,0
crossing_give_way,no_nominal_shaping_ot_flip,377,15.260682608705409,1,9.649999999999544,0
crossing_give_way,no_nominal_shaping_ot_flip,378,13.882234679512102,1,27.29999999999879,0
crossing_give_way,no_nominal_shaping_ot_flip,379,13.067506157713298,1,12.549999999999429,0
crossing_give_way,no_nominal_shaping_ot_flip,380,21.562496658197578,0,13.949999999999285,0
crossing_give_way,no_nominal_shaping_ot_flip,381,21.71031646308846,0,13.949999999999882,0
crossing_give_way,no_nominal_shaping_ot_flip,382,23.31137612874625,0,7.450000000000106,0
crossing_give_way,no_nominal_shaping_ot_flip,383,12.766465070383099,1,10.799999999999386,0
crossing_give_way,no_nominal_shaping_ot_flip,384,23.066894225361214,0,5.349999999999696,0
crossing_give_way,no_nominal_shaping_ot_flip,385,30.85253329669382,0,0.0,0
crossing_give_way,no_nominal_shaping_ot_flip,386,39.83839289027294,0,0.0,0
crossing_give_way,no_nominal_shaping_ot_flip,387,21.84742035540554,0,11.849999999999916,0
crossing_give_way,no_nominal_shaping_ot_flip,388,36.6925894688301,0,0.0,0
crossing_give_way,no_nominal_shaping_ot_flip,389,51.0605586269384,0,0.0,0
crossing_give_way,no_nominal_shaping_ot_flip,390,15.91601521972057,0,17.79999999999931,0
crossing_give_way,no_nominal_shaping_ot_flip,391,23.257153697205577,0,7.75000000000011,0
crossing_give_way,no_nominal_shaping_ot_flip,392,24.964959743509862,0,0.0,0
crossing_give_way,no_nominal_shaping_ot_flip,393,14.249287263208863,0,19.499999999999556,0
crossing_give_way,no_nominal_shaping_ot_flip,394,22.110468144389998,0,10.049999999999908,0
crossing_give_way,no_nominal_shaping_ot_flip,395,12.854083015177698,1,11.649999999999338,0
crossing_give_way,no_nominal_shaping_ot_flip,396,16.050733641148792,0,18.14999999999973,0
crossing_give_way,no_nominal_shaping_ot_flip,397,22.58774644960733,0,9.950000000000141,0
crossing_give_way,no_nominal_shaping_ot_flip,398,19.568978284862176,0,14.849999999999156,0
crossing_give_way,no_nominal_shaping_ot_flip,399,15.785506869962232,0,18.299999999999617,0
crossing_give_way,no_nominal_shaping_ot_flip,400,16.399026196365973,1,8.849999999999799,0
crossing_give_way,no_nominal_shaping_ot_flip,401,15.234686829264447,0,56.64999999999705,0
crossing_give_way,no_nominal_shaping_ot_flip,402,22.156416520940176,0,9.249999999999652,0
crossing_give_way,no_nominal_shaping_ot_flip,403,9.340385306495728,1,15.149999999999789,0
crossing_give_way,no_nominal_shaping_ot_flip,404,13.33175903892701,1,16.899999999999622,0
crossing_give_way,no_nominal_shaping_ot_flip,405,17.21093951199894,1,7.49999999999978,0
crossing_give_way,no_nominal_shaping_ot_flip,406,11.666529865412128,1,41.44999999999834,0
crossing_give_way,no_nominal_shaping_ot_flip,407,31.20153415248733,0,0.0,0
crossing_give_way,no_nominal_shaping_ot_flip,408,40.16316149633768,0,0.0,0
crossing_give_way,no_nominal_shaping_ot_flip,409,42.905179035827665,0,0.0,0
crossing_give_way,no_nominal_shaping_ot_flip,410,23.694324152499238,1,0.0,0
crossing_give_way,no_nominal_shaping_ot_flip,411,16.753378422425122,1,9.299999999999958,0
crossing_give_way,no_nominal_shaping_ot_flip,412,13.712576354958834,1,11.850000000000168,0
crossing_give_way,no_nominal_shaping_ot_flip,413,47.379913534124164,0,0.0,0
crossing_give_way,no_nominal_shaping_ot_flip,414,21.697352331084737,0,14.549999999999905,0
crossing_give_way,no_nominal_shaping_ot_flip,415,29.167508667324597,0,0.0,0
crossing_give_way,no_nominal_shaping_ot_flip,416,15.993385473278526,0,49.29999999999758,0
crossing_give_way,no_nominal_shaping_ot_flip,417,38.28087731160946,0,0.0,0
crossing_give_way,no_nominal_shaping_ot_flip,418,22.899405106661142,0,8.750000000000124,0
crossing_give_way,no_nominal_shaping_ot_flip,419,42.82628509982501,0,0.0,0
crossing_give_way,no_nominal_shaping_ot_flip,420,13.380841555413236,1,21.799999999999073,0
crossing_give_way,no_nominal_shaping_ot_flip,421,45.879095756450376,0,0.0,0
crossing_give_way,no_nominal_shaping_ot_flip,422,14.263794140737433,0,19.74999999999928,0
crossing_give_way,no_nominal_shaping_ot_flip,423,34.72409886527417,1,0.0,0
crossing_give_way,no_nominal_shaping_ot_flip,424,23.16017090615679,0,0.0,0
crossing_give_way,no_nominal_shaping_ot_flip,425,12.637695245999971,1,20.749999999999076,0
crossing_give_way,no_nominal_shaping_ot_flip,426,18.895492976661117,1,7.700000000000109,0
crossing_give_way,no_nominal_shaping_ot_flip,427,18.73921822981674,1,26.44999999999967,0
crossing_give_way,no_nominal_shaping_ot_flip,428,21.649498062475352,0,14.899999999999892,0
crossing_give_way,no_nominal_shaping_ot_flip,429,22.148118632583778,0,9.549999999999745,0
crossing_give_way,no_nominal_shaping_ot_flip,430,22.729227995826033,0,9.300000000000132,0
crossing_give_way,no_nominal_shaping_ot_flip,431,22.10205970660262,0,9.699999999999626,0
crossing_give_way,no_nominal_shaping_ot_flip,432,39.791523537794994,0,0.0,0
crossing_give_way,no_nominal_shaping_ot_flip,433,29.744200916328843,1,0.0,0
crossing_give_way,no_nominal_shaping_ot_flip,434,9.034731461824869,1,16.49999999999982,0
crossing_give_way,no_nominal_shaping_ot_flip,435,21.818344610177668,0,11.549999999999752,0
crossing_give_way,no_nominal_shaping_ot_flip,436,21.773463425256892,0,18.450000000000003,0
crossing_give_way,no_nominal_shaping_ot_flip,437,21.524734777761235,0,15.449999999999502,0
crossing_give_way,no_nominal_shaping_ot_flip,438,21.76941628932004,0,23.29999999999975,0
crossing_give_way,no_nominal_shaping_ot_flip,439,15.12062462330568,1,10.099999999999618,0
crossing_give_way,no_nominal_shaping_ot_flip,440,15.967627746645947,0,17.89999999999963,0
crossing_give_way,no_nominal_shaping_ot_flip,441,13.460961059194075,1,12.250000000000174,0
crossing_give_way,no_nominal_shaping_ot_flip,442,12.529483772709659,1,19.74999999999967,0
crossing_give_way,no_nominal_shaping_ot_flip,443,22.85714192411219,0,7.6999999999999496,0
crossing_give_way,no_nominal_shaping_ot_flip,444,13.37922929370306,1,11.799999999999535,0
crossing_give_way,no_nominal_shaping_ot_flip,445,16.391280114685152,0,17.24999999999926,0
crossing_give_way,no_nominal_shaping_ot_flip,446,63.59154813643158,0,0.0,0
crossing_give_way,no_nominal_shaping_ot_flip,447,7.343912205420354,1,22.249999999999254,0
crossing_give_way,no_nominal_shaping_ot_flip,448,13.138733213415744,1,22.34999999999932,0
crossing_give_way,no_nominal_shaping_ot_flip,449,13.644369115678254,1,15.949999999999743,0
crossing_give_way,no_nominal_shaping_ot_flip,450,26.66769742593689,1,0.0,0
crossing_give_way,no_nominal_shaping_ot_flip,451,21.873604611907304,0,11.79999999999993,0
crossing_give_way,no_nominal_shaping_ot_flip,452,22.606686887505386,0,11.050000000000157,0
crossing_give_way,no_nominal_shaping_ot_flip,453,32.090398949939136,1,0.0,0
crossing_give_way,no_nominal_shaping_ot_flip,454,17.157517311872105,1,16.500000000000206,0
crossing_give_way,no_nominal_shaping_ot_flip,455,32.96144185814227,0,0.0,0
crossing_give_way,no_nominal_shaping_ot_flip,456,95.72180520028336,0,0.0,0
crossing_give_way,no_nominal_shaping_ot_flip,457,113.54126342435565,0,0.0,0
crossing_give_way,no_nominal_shaping_ot_flip,458,17.037794214141385,1,30.599999999998943,0
crossing_give_way,no_nominal_shaping_ot_flip,459,21.820543671998003,0,11.049999999999478,0
crossing_give_way,no_nominal_shaping_ot_flip,460,19.307744803960162,1,7.8500000000001116,0
crossing_give_way,no_nominal_shaping_ot_flip,461,60.771222436640535,0,0.0,0
crossing_give_way,no_nominal_shaping_ot_flip,462,21.721230669477823,0,12.099999999999628,0
crossing_give_way,no_nominal_shaping_ot_flip,463,27.08967903909716,1,0.0,0
crossing_give_way,no_nominal_shaping_ot_flip,464,11.938876450847802,1,17.199999999999996,0
crossing_give_way,no_nominal_shaping_ot_flip,465,21.843880768934884,0,13.750000000000096,0
crossing_give_way,no_nominal_shaping_ot_flip,466,22.779455902618,0,7.649999999999796,0
crossing_give_way,no_nominal_shaping_ot_flip,467,9.288805101357825,1,15.649999999999842,0
crossing_give_way,no_nominal_shaping_ot_flip,468,14.166542551952567,0,20.749999999999172,0
crossing_give_way,no_nominal_shaping_ot_flip,469,8.153985807288782,1,17.799999999999645,0
crossing_give_way,no_nominal_shaping_ot_flip,470,13.899868664089247,1,26.699999999998752,0
crossing_give_way,no_nominal_shaping_ot_flip,471,22.447431360660655,0,8.449999999999815,0
crossing_give_way,no_nominal_shaping_ot_flip,472,62.28865962100009,0,0.0,0
crossing_give_way,no_nominal_shaping_ot_flip,473,12.674577781424322,1,26.849999999998897,0
crossing_give_way,no_nominal_shaping_ot_flip,474,15.451744796207304,0,52.499999999997435,0
crossing_give_way,no_nominal_shaping_ot_flip,475,25.286730163643163,0,0.0,0
crossing_give_way,no_nominal_shaping_ot_flip,476,13.092246989988256,1,12.699999999999278,0
crossing_give_way,no_nominal_shaping_ot_flip,477,54.51403968674667,0,0.0,0
crossing_give_way,no_nominal_shaping_ot_flip,478,23.28249647794821,0,6.09999999999976,0
crossing_give_way,no_nominal_shaping_ot_flip,479,35.1866841205072,0,0.0,0
crossing_give_way,no_nominal_shaping_ot_flip,480,11.968920278429037,1,18.59999999999993,0
crossing_give_way,no_nominal_shaping_ot_flip,481,36.88082070243866,0,0.0,0
crossing_give_way,no_nominal_shaping_ot_flip,482,21.559006173820663,0,14.24999999999962,0
crossing_give_way,no_nominal_shaping_ot_flip,483,22.571532036575903,0,8.499999999999758,0
crossing_give_way,no_nominal_shaping_ot_flip,484,25.457051063651043,0,0.0,0
crossing_give_way,no_nominal_shaping_ot_flip,485,22.291424784065345,0,12.350000000000176,0
crossing_give_way,no_nominal_shaping_ot_flip,486,13.921871343570391,0,21.249999999999755,0
crossing_give_way,no_nominal_shaping_ot_flip,487,65.44392656535241,0,0.0,0
crossing_give_way,no_nominal_shaping_ot_flip,488,9.496183694389929,1,15.749999999999883,0
crossing_give_way,no_nominal_shaping_ot_flip,489,14.2415075553139,0,15.549999999999116,0
crossing_give_way,no_nominal_shaping_ot_flip,490,21.92202394359186,0,10.299999999999415,0
crossing_give_way,no_nominal_shaping_ot_flip,491,14.856090909535903,0,19.29999999999931,0
crossing_give_way,no_nominal_shaping_ot_flip,492,63.96874869033244,0,0.0,0
crossing_give_way,no_nominal_shaping_ot_flip,493,43.708302143759425,0,0.0,0
crossing_give_way,no_nominal_shaping_ot_flip,494,39.08496895341677,0,0.0,0
crossing_give_way,no_nominal_shaping_ot_flip,495,32.404286924103275,0,0.0,0
crossing_give_way,no_nominal_shaping_ot_flip,496,40.72599469112519,0,0.0,0
crossing_give_way,no_nominal_shaping_ot_flip,497,11.0716418382878,1,15.600000000000222,0
crossing_give_way,no_nominal_shaping_ot_flip,498,22.175231914840115,0,10.200000000000067,0
crossing_give_way,no_nominal_shaping_ot_flip,499,12.187962799298576,1,18.549999999999876,0
overtaking,full,300,14.848282669635898,1,37.89999999999997,0
overtaking,full,301,36.02447337733079,1,17.050000000000114,0
overtaking,full,302,19.64620911047268,1,40.799999999999805,0
overtaking,full,303,13.462636312475327,1,58.09999999999882,0
overtaking,full,304,33.236964291739945,1,18.850000000000136,0
overtaking,full,305,36.84526534470222,1,16.000000000000096,0
overtaking,full,306,31.918622228878526,1,16.850000000000108,0
overtaking,full,307,17.54477094085682,1,35.95000000000008,0
overtaking,full,308,40.30371940966277,1,63.7999999999985,0
overtaking,full,309,28.090997157944425,1,16.150000000000098,0
overtaking,full,310,13.94749301445721,1,43.799999999999635,0
overtaking,full,311,16.87533394144706,1,35.45000000000011,0
overtaking,full,312,17.327449569745202,1,30.900000000000308,0
overtaking,full,313,14.266371981515356,1,31.450000000000315,0
overtaking,full,314,21.594778670989516,1,56.54999999999891,0
overtaking,full,315,14.56523022517081,1,58.049999999998825,0
overtaking,full,316,13.126874733247675,1,59.74999999999873,0
overtaking,full,317,11.417244386509878,1,96.04999999999667,0
overtaking,full,318,14.251828867753982,1,41.29999999999978,0
overtaking,full,319,16.50498814348718,1,54.999999999999,0
overtaking,full,320,11.490602076897334,1,94.34999999999677,0
overtaking,full,321,22.33925616996661,1,67.99999999999827,0
overtaking,full,322,20.653873634566896,1,14.700000000000077,0
overtaking,full,323,15.405884792492047,1,15.450000000000088,0
overtaking,full,324,15.326700160741568,1,18.600000000000133,0
overtaking,full,325,14.694772051172427,1,43.49999999999965,0
overtaking,full,326,13.796910352355258,1,57.74999999999884,0
overtaking,full,327,16.657537908405747,1,28.750000000000277,0
overtaking,full,328,15.412706197564738,1,30.150000000000297,0
overtaking,full,329,24.52990898413734,1,15.500000000000089,0
overtaking,full,330,18.850078844783972,1,38.54999999999993,0
overtaking,full,331,14.843773653271521,1,36.90000000000003,0
overtaking,full,332,13.664083965230278,1,74.3499999999979,0
overtaking,full,333,15.670314684264667,1,40.9499999999998,0
overtaking,full,334,20.861739306842143,1,18.250000000000128,0
overtaking,full,335,10.924139116491537,1,75.44999999999784,0
overtaking,full,336,26.627860501225083,1,16.100000000000097,0
overtaking,full,337,14.835398438736236,1,65.39999999999841,0
overtaking,full,338,12.957497369385322,1,55.749999999998956,0
overtaking,full,339,19.788824161356196,0,67.19999999999831,0
overtaking,full,340,23.904509546100982,1,51.99999999999917,0
overtaking,full,341,15.694390002179913,1,36.55000000000005,0
overtaking,full,342,12.373994220507662,1,42.34999999999972,0
overtaking,full,343,22.74739672502837,1,66.99999999999832,0
overtaking,full,344,13.552335521621638,1,52.54999999999914,0
overtaking,full,345,25.25019146904228,1,16.850000000000108,0
overtaking,full,346,14.623205157343936,1,38.09999999999996,0
overtaking,full,347,11.413980359746793,1,73.94999999999793,0
overtaking,full,348,16.672659218492413,1,30.500000000000302,0
overtaking,full,349,12.994928544380144,1,58.99999999999877,0
overtaking,full,350,14.40737647218365,1,34.450000000000166,0
overtaking,full,351,17.88350251261303,1,31.900000000000315,0
overtaking,full,352,28.41792494951818,1,13.900000000000066,0
overtaking,full,353,14.97904933030986,1,57.849999999998836,0
overtaking,full,354,14.166652439533324,1,54.79999999999901,0
overtaking,full,355,11.497423151756152,1,84.09999999999735,0
overtaking,full,356,17.897449038615253,1,18.150000000000126,0
overtaking,full,357,38.075266724741155,1,64.74999999999845,0
overtaking,full,358,20.552531616093045,1,34.85000000000014,0
overtaking,full,359,27.21862450371108,1,60.499999999998685,0
overtaking,full,360,21.60261877016512,1,38.849999999999916,0
overtaking,full,361,14.097852258338888,1,40.39999999999983,0
overtaking,full,362,21.267983862666913,1,15.55000000000009,0
overtaking,full,363,20.663307450146302,1,14.250000000000071,0
overtaking,full,364,21.955933458756565,1,38.64999999999993,0
overtaking,full,365,16.7784614543559,1,14.650000000000077,0
overtaking,full,366,13.006116866195594,1,62.799999999998555,0
overtaking,full,367,13.039545769712465,1,62.449999999998575,0
overtaking,full,368,20.653875888029823,1,16.850000000000108,0
overtaking,full,369,15.668816813231999,1,13.750000000000064,0
overtaking,full,370,36.61245243446068,1,16.000000000000096,0
overtaking,full,371,10.858460631690718,0,90.59999999999698,0
overtaking,full,372,15.133964711892707,1,62.54999999999857,0
overtaking,full,373,31.28219912049891,1,17.70000000000012,0
overtaking,full,374,11.063365924864708,1,77.14999999999775,0
overtaking,full,375,30.86655781172041,1,62.29999999999858,0
overtaking,full,376,16.189100589741493,1,16.450000000000102,0
overtaking,full,377,13.089953842293175,1,54.14999999999905,0
overtaking,full,378,13.390953451337985,1,49.19999999999933,0
overtaking,full,379,13.457384592066257,1,49.29999999999932,0
overtaking,full,380,15.05089918974312,1,38.94999999999991,0
overtaking,full,381,19.05004043300614,1,85.49999999999726,0
overtaking,full,382,27.543763398363243,1,17.05000000000011,0
overtaking,full,383,11.157680068808064,0,41.19999999999978,0
overtaking,full,384,15.875222714340492,1,34.70000000000015,0
overtaking,full,385,16.825630499575063,1,33.8000000000002,0
overtaking,full,386,17.76147769535497,1,31.850000000000318,0
overtaking,full,387,25.018170824794502,1,48.349999999999376,0
overtaking,full,388,20.093034110394488,1,33.050000000000246,0
overtaking,full,389,21.118502737609166,1,15.800000000000093,0
overtaking,full,390,16.108002118148853,1,42.049999999999734,0
overtaking,full,391,32.40875270069974,1,15.35000000000009,0
overtaking,full,392,16.69518233453556,1,35.200000000000124,0
overtaking,full,393,14.549402539535551,1,54.999999999999,0
overtaking,full,394,22.30852547384431,1,43.89999999999963,0
overtaking,full,395,9.211095748999984,1,95.84999999999668,0
overtaking,full,396,18.067511961809725,1,55.44999999999897,0
overtaking,full,397,32.7376080452077,1,17.150000000000112,0
overtaking,full,398,14.16428242478015,1,38.89999999999991,0
overtaking,full,399,18.011813635810487,1,52.54999999999914,0
overtaking,full,400,12.919468107380387,1,63.54999999999851,0
overtaking,full,401,13.824655323073427,1,45.94999999999951,0
overtaking,full,402,15.718980398848215,1,39.49999999999988,0
overtaking,full,403,10.877149591084038,1,86.54999999999721,0
overtaking,full,404,12.980021297019164,1,58.049999999998825,0
overtaking,full,405,12.953455809500326,1,61.79999999999861,0
overtaking,full,406,15.26667155789244,1,56.04999999999894,0
overtaking,full,407,22.956702774701846,1,17.850000000000122,0
overtaking,full,408,15.921906093074918,1,17.65000000000012,0
overtaking,full,409,15.521741428581375,1,16.95000000000011,0
overtaking,full,410,18.071760264228384,0,67.24999999999831,0
overtaking,full,411,13.022485340707252,1,63.24999999999853,0
overtaking,full,412,14.641999947117956,1,71.24999999999808,0
overtaking,full,413,16.00171709938462,1,30.3500000000003,0
overtaking,full,414,23.58021138388898,1,56.39999999999892,0
overtaking,full,415,15.419505912697096,1,36.15000000000007,0
overtaking,full,416,13.860102934289404,1,47.999999999999396,0
overtaking,full,417,20.181831281204342,1,17.500000000000117,0
overtaking,full,418,31.020663096889525,1,16.550000000000104,0
overtaking,full,419,16.38672893278555,1,31.70000000000032,0
overtaking,full,420,13.068049690054963,1,51.94999999999917,0
overtaking,full,421,16.41936847052308,1,17.80000000000012,0
overtaking,full,422,14.031387349088607,1,47.54999999999942,0
overtaking,full,423,12.504994870043353,1,44.849999999999575,0
overtaking,full,424,15.005929916190654,1,36.35000000000006,0
overtaking,full,425,13.070699959854524,1,52.99999999999911,0
overtaking,full,426,10.460727071213729,0,73.39999999999796,0
overtaking,full,427,35.09024327198422,1,64.34999999999847,0
overtaking,full,428,26.03962705943998,1,52.949999999999115,0
overtaking,full,429,16.531856957715533,1,40.649999999999814,0
overtaking,full,430,30.792425416682967,1,19.400000000000144,0
overtaking,full,431,16.936291023908975,1,39.399999999999885,0
overtaking,full,432,18.9684341562684,1,18.250000000000128,0
overtaking,full,433,12.535556720152261,1,73.19999999999797,0
overtaking,full,434,17.017760958931472,1,68.59999999999823,0
overtaking,full,435,24.544011886738254,1,42.549999999999706,0
overtaking,full,436,34.29023181569041,1,64.39999999999847,0
overtaking,full,437,16.50049318342186,1,43.449999999999655,0
overtaking,full,438,29.77107995502377,1,64.39999999999847,0
overtaking,full,439,13.136914451862753,1,55.49999999999897,0
overtaking,full,440,18.51787746774411,1,51.3999999999992,0
overtaking,full,441,14.228855817988073,0,71.59999999999806,0
overtaking,full,442,15.68119196569738,1,68.19999999999825,0
overtaking,full,443,25.137486336271024,1,18.200000000000127,0
overtaking,full,444,13.364823952982665,1,47.34999999999943,0
overtaking,full,445,15.310770624262224,1,41.54999999999976,0
overtaking,full,446,18.141842552792546,1,15.350000000000087,0
overtaking,full,447,12.978118250385023,1,59.19999999999876,0
overtaking,full,448,13.128112135555318,1,57.19999999999887,0
overtaking,full,449,18.47405457235848,1,67.94999999999827,0
overtaking,full,450,10.20789255718131,0,72.699999999998,0
overtaking,full,451,29.641396816926342,1,47.9499999999994,0
overtaking,full,452,36.06244411061176,1,17.200000000000113,0
overtaking,full,453,12.385615921657362,1,52.049999999999166,0
overtaking,full,454,36.25738203517929,1,65.5499999999984,0
overtaking,full,455,16.048199695200218,1,33.65000000000021,0
overtaking,full,456,16.726306988703946,1,23.3000000000002,0
overtaking,full,457,16.778331183370604,1,19.00000000000014,0
overtaking,full,458,13.200271508781203,1,59.14999999999876,0
overtaking,full,459,15.332000246690304,1,38.99999999999991,0
overtaking,full,460,10.138745990198816,1,80.89999999999753,0
overtaking,full,461,17.659282973338843,1,27.200000000000255,0
overtaking,full,462,16.23871356974168,1,41.64999999999976,0
overtaking,full,463,12.401290901417186,1,77.34999999999773,0
overtaking,full,464,20.491301516788592,1,67.64999999999829,0
overtaking,full,465,31.189287828601966,1,59.04999999999877,0
overtaking,full,466,19.924448947229013,1,40.299999999999834,0
overtaking,full,467,11.130580280735487,1,92.39999999999688,0
overtaking,full,468,14.125087244624947,1,45.29999999999955,0
overtaking,full,469,12.981550937624835,1,65.84999999999839,0
overtaking,full,470,13.144773330676726,1,55.49999999999897,0
overtaking,full,471,16.849476537919074,1,40.69999999999981,0
overtaking,full,472,15.990615916581532,1,15.250000000000085,0
overtaking,full,473,13.653678797360488,1,51.549999999999194,0
overtaking,full,474,14.495088477490567,1,48.24999999999938,0
overtaking,full,475,22.10934242903911,1,19.75000000000015,0
overtaking,full,476,13.44730929293367,1,45.84999999999952,0
overtaking,full,477,15.922561817047276,1,16.100000000000097,0
overtaking,full,478,17.780814208436524,1,38.29999999999995,0
overtaking,full,479,15.019952260925798,1,33.35000000000023,0
overtaking,full,480,14.694940994359769,1,72.54999999999801,0
overtaking,full,481,15.573681527317191,1,32.95000000000025,0
overtaking,full,482,15.173257987963005,1,44.09999999999962,0
overtaking,full,483,29.123200651576784,1,16.2500000000001,0
overtaking,full,484,20.73710073289253,1,38.19999999999995,0
overtaking,full,485,35.066569456713545,1,18.650000000000134,0
overtaking,full,486,21.162798657015358,1,64.64999999999846,0
overtaking,full,487,17.43010264334892,1,26.650000000000247,0
overtaking,full,488,11.818923884776137,1,80.59999999999755,0
overtaking,full,489,13.759616915683237,1,40.449999999999825,0
overtaking,full,490,14.880491106670217,1,35.75000000000009,0
overtaking,full,491,14.126468084579614,1,46.84999999999946,0
overtaking,full,492,18.337311761338224,1,15.350000000000087,0
overtaking,full,493,20.768716314601317,1,16.600000000000104,0
overtaking,full,494,24.320319800030383,1,31.850000000000318,0
overtaking,full,495,26.826950225428252,1,15.500000000000089,0
overtaking,full,496,15.029529198493702,1,34.40000000000017,0
overtaking,full,497,40.87696901178508,1,1.800000000000001,0
overtaking,full,498,25.838107473190707,1,49.29999999999932,0
overtaking,full,499,17.435361900991012,1,65.5499999999984,0
overtaking,no_direction,300,14.00581454284469,1,37.59999999999999,0
overtaking,no_direction,301,36.02447337733079,1,17.050000000000114,0
overtaking,no_direction,302,19.64620911047268,1,40.799999999999805,0
overtaking,no_direction,303,12.896924724073543,1,57.54999999999885,0
overtaking,no_direction,304,33.236964291739945,1,18.850000000000136,0
overtaking,no_direction,305,36.84526534470222,1,16.000000000000096,0
overtaking,no_direction,306,31.918622228878526,1,16.850000000000108,0
overtaking,no_direction,307,17.10771489916467,1,35.75000000000009,0
overtaking,no_direction,308,40.30371940966277,1,63.7999999999985,0
overtaking,no_direction,309,28.090997157944425,1,16.150000000000098,0
overtaking,no_direction,310,13.227433660307454,1,43.799999999999635,0
overtaking,no_direction,311,15.911077279806237,1,35.05000000000013,0
overtaking,no_direction,312,16.394620135397695,1,30.600000000000303,0
overtaking,no_direction,313,15.689553836877272,1,33.15000000000024,0
overtaking,no_direction,314,21.594778670989516,1,56.54999999999891,0
overtaking,no_direction,315,13.907499068081943,1,57.349999999998865,0
overtaking,no_direction,316,13.05808381173794,1,53.2499999999991,0
overtaking,no_direction,317,13.637267086726746,1,97.44999999999659,0
overtaking,no_direction,318,13.474440433098572,1,41.24999999999978,0
overtaking,no_direction,319,18.615707668058914,0,63.7999999999985,0
overtaking,no_direction,320,14.127417640680308,1,92.44999999999688,0
overtaking,no_direction,321,22.33925616996661,1,67.99999999999827,0
overtaking,no_direction,322,20.653873634566896,1,14.700000000000077,0
overtaking,no_direction,323,15.68748811359339,1,29.450000000000287,0
overtaking,no_direction,324,14.84270970532392,1,35.6000000000001,0
overtaking,no_direction,325,13.862657535315314,1,43.04999999999968,0
overtaking,no_direction,326,13.18615737566968,1,57.09999999999888,0
overtaking,no_direction,327,15.786940390376289,1,28.550000000000274,0
overtaking,no_direction,328,14.575752441325761,1,30.150000000000297,0
overtaking,no_direction,329,24.52990898413734,1,15.500000000000089,0
overtaking,no_direction,330,18.850078844783972,1,38.54999999999993,0
overtaking,no_direction,331,13.966265739048719,1,36.90000000000003,0
overtaking,no_direction,332,13.61964647122088,1,77.34999999999773,0
overtaking,no_direction,333,14.731838591529016,1,40.39999999999983,0
overtaking,no_direction,334,20.861739306842143,1,18.250000000000128,0
overtaking,no_direction,335,14.026050136723464,1,89.49999999999704,0
overtaking,no_direction,336,26.627860501225083,1,16.100000000000097,0
overtaking,no_direction,337,17.31560668486056,0,71.44999999999807,0
overtaking,no_direction,338,12.834384763988599,1,55.749999999998956,0
overtaking,no_direction,339,19.72213561320846,0,67.69999999999828,0
overtaking,no_direction,340,23.904509546100982,1,51.99999999999917,0
overtaking,no_direction,341,14.76581838083198,1,36.20000000000007,0
overtaking,no_direction,342,15.64035351646572,1,45.049999999999564,0
overtaking,no_direction,343,23.10606306394932,1,67.24999999999831,0
overtaking,no_direction,344,12.935918587371638,1,52.14999999999916,0
overtaking,no_direction,345,25.25019146904228,1,16.850000000000108,0
overtaking,no_direction,346,13.808890494896783,1,37.89999999999997,0
overtaking,no_direction,347,14.331564607826197,1,72.599999999998,0
overtaking,no_direction,348,15.758669631456202,1,30.3000000000003,0
overtaking,no_direction,349,12.812981347776176,1,58.899999999998776,0
overtaking,no_direction,350,13.573146611836732,1,33.750000000000206,0
overtaking,no_direction,351,17.289548501098515,1,31.70000000000032,0
overtaking,no_direction,352,28.41792494951818,1,13.900000000000066,0
overtaking,no_direction,353,14.396696520336866,1,57.349999999998865,0
overtaking,no_direction,354,13.484181592901946,1,54.04999999999905,0
overtaking,no_direction,355,11.319184907703962,1,85.39999999999728,0
overtaking,no_direction,356,17.314046152087315,1,32.85000000000026,0
overtaking,no_direction,357,38.075266724741155,1,64.74999999999845,0
overtaking,no_direction,358,20.552531616093045,1,34.85000000000014,0
overtaking,no_direction,359,27.21862450371108,1,60.499999999998685,0
overtaking,no_direction,360,21.60261877016512,1,38.849999999999916,0
overtaking,no_direction,361,13.35769554384945,1,40.14999999999984,0
overtaking,no_direction,362,21.267983862666913,1,15.55000000000009,0
overtaking,no_direction,363,20.663307450146302,1,14.250000000000071,0
overtaking,no_direction,364,21.955933458756565,1,38.64999999999993,0
overtaking,no_direction,365,17.10404640768529,1,14.750000000000078,0
overtaking,no_direction,366,13.006966792911564,1,62.799999999998555,0
overtaking,no_direction,367,13.081439041585481,1,54.899999999999004,0
overtaking,no_direction,368,20.653875888029823,1,16.850000000000108,0
overtaking,no_direction,369,16.425261833522523,1,14.550000000000075,0
overtaking,no_direction,370,36.61245243446068,1,16.000000000000096,0
overtaking,no_direction,371,10.858425760240257,0,90.64999999999698,0
overtaking,no_direction,372,17.748752494989027,1,61.749999999998614,0
overtaking,no_direction,373,31.28219912049891,1,17.70000000000012,0
overtaking,no_direction,374,14.800322669467654,1,64.64999999999846,0
overtaking,no_direction,375,30.86655781172041,1,62.29999999999858,0
overtaking,no_direction,376,16.07095804836021,1,29.500000000000288,0
overtaking,no_direction,377,12.955700247607998,1,53.1999999999991,0
overtaking,no_direction,378,12.830705565059077,1,49.09999999999933,0
overtaking,no_direction,379,12.874670627293419,1,49.09999999999933,0
overtaking,no_direction,380,14.174116736781512,1,38.54999999999993,0
overtaking,no_direction,381,19.288691975460075,1,85.49999999999726,0
overtaking,no_direction,382,27.543763398363243,1,17.05000000000011,0
overtaking,no_direction,383,13.073282041762981,1,53.2499999999991,0
overtaking,no_direction,384,14.976027222546504,1,34.35000000000017,0
overtaking,no_direction,385,15.867943493511804,1,33.400000000000226,0
overtaking,no_direction,386,16.9620423509863,1,31.600000000000318,0
overtaking,no_direction,387,25.018170824794502,1,48.349999999999376,0
overtaking,no_direction,388,20.093034110394488,1,33.050000000000246,0
overtaking,no_direction,389,21.118502737609166,1,15.800000000000093,0
overtaking,no_direction,390,15.721431361602544,1,41.89999999999974,0
overtaking,no_direction,391,32.40875270069974,1,15.35000000000009,0
overtaking,no_direction,392,15.787117391191872,1,34.85000000000014,0
overtaking,no_direction,393,13.833292614694344,1,54.29999999999904,0
overtaking,no_direction,394,22.30852547384431,1,43.89999999999963,0
overtaking,no_direction,395,12.887474268171138,1,68.04999999999826,0
overtaking,no_direction,396,18.067511961809725,1,55.44999999999897,0
overtaking,no_direction,397,32.7376080452077,1,17.150000000000112,0
overtaking,no_direction,398,13.393744525618942,1,38.849999999999916,0
overtaking,no_direction,399,18.011813635810487,1,52.54999999999914,0
overtaking,no_direction,400,12.908314929817804,1,63.44999999999852,0
overtaking,no_direction,401,13.136403029898945,1,45.69999999999953,0
overtaking,no_direction,402,14.776337175398165,1,38.99999999999991,0
overtaking,no_direction,403,10.877149591084038,1,86.54999999999721,0
overtaking,no_direction,404,12.722195592921818,1,57.849999999998836,0
overtaking,no_direction,405,12.929478443261477,1,61.899999999998606,0
overtaking,no_direction,406,14.8975788016601,1,55.749999999998956,0
overtaking,no_direction,407,22.956702774701846,1,17.850000000000122,0
overtaking,no_direction,408,15.133682186992914,1,33.00000000000025,0
overtaking,no_direction,409,14.747476663145433,1,33.00000000000025,0
overtaking,no_direction,410,18.41275701736868,0,69.69999999999817,0
overtaking,no_direction,411,13.022485340707252,1,63.24999999999853,0
overtaking,no_direction,412,13.463907112312732,1,86.99999999999719,0
overtaking,no_direction,413,15.1390479067964,1,30.3500000000003,0
overtaking,no_direction,414,23.58021138388898,1,56.39999999999892,0
overtaking,no_direction,415,14.506245715070008,1,36.15000000000007,0
overtaking,no_direction,416,13.165230942210743,1,47.59999999999942,0
overtaking,no_direction,417,20.181831281204342,1,17.500000000000117,0
overtaking,no_direction,418,31.020663096889525,1,16.550000000000104,0
overtaking,no_direction,419,15.502952830778492,1,31.550000000000317,0
overtaking,no_direction,420,12.805694109840616,1,51.4999999999992,0
overtaking,no_direction,421,16.1678172564278,1,31.400000000000315,0
overtaking,no_direction,422,13.306059935359745,1,47.149999999999444,0
overtaking,no_direction,423,15.821316082698901,1,46.29999999999949,0
overtaking,no_direction,424,14.144434661131005,1,36.30000000000006,0
overtaking,no_direction,425,12.828429147561843,1,52.19999999999916,0
overtaking,no_direction,426,14.229624098178913,1,73.34999999999796,0
overtaking,no_direction,427,35.09024327198422,1,64.34999999999847,0
overtaking,no_direction,428,26.03962705943998,1,52.949999999999115,0
overtaking,no_direction,429,15.611352728654259,1,40.19999999999984,0
overtaking,no_direction,430,30.792425416682967,1,19.400000000000144,0
overtaking,no_direction,431,16.45953533693129,1,39.199999999999896,0
overtaking,no_direction,432,18.9684341562684,1,18.250000000000128,0
overtaking,no_direction,433,13.65692236538752,1,81.19999999999752,0
overtaking,no_direction,434,17.019023924935695,1,68.59999999999823,0
overtaking,no_direction,435,24.544011886738254,1,42.549999999999706,0
overtaking,no_direction,436,34.29023181569041,1,64.39999999999847,0
overtaking,no_direction,437,16.235032393798793,1,43.29999999999966,0
overtaking,no_direction,438,29.77107995502377,1,64.39999999999847,0
overtaking,no_direction,439,12.993257082918987,1,54.64999999999902,0
overtaking,no_direction,440,18.51787746774411,1,51.3999999999992,0
overtaking,no_direction,441,15.877710426807555,0,72.94999999999798,0
overtaking,no_direction,442,15.68119196569738,1,68.19999999999825,0
overtaking,no_direction,443,25.137486336271024,1,18.200000000000127,0
overtaking,no_direction,444,12.832191907322244,1,47.299999999999436,0
overtaking,no_direction,445,14.428847016392433,1,41.09999999999979,0
overtaking,no_direction,446,18.141842552792546,1,15.350000000000087,0
overtaking,no_direction,447,12.95349946950213,1,59.099999999998765,0
overtaking,no_direction,448,12.749487528463192,1,56.89999999999889,0
overtaking,no_direction,449,18.47405457235848,1,67.94999999999827,0
overtaking,no_direction,450,14.225801980330834,1,72.24999999999802,0
overtaking,no_direction,451,29.641396816926342,1,47.9499999999994,0
overtaking,no_direction,452,36.06244411061176,1,17.200000000000113,0
overtaking,no_direction,453,15.462313114693629,1,55.399999999998975,0
overtaking,no_direction,454,36.25738203517929,1,65.5499999999984,0
overtaking,no_direction,455,15.10669091781574,1,33.35000000000023,0
overtaking,no_direction,456,15.991419208522784,1,23.3000000000002,0
overtaking,no_direction,457,16.128985311105982,1,18.900000000000137,0
overtaking,no_direction,458,12.769605013629368,1,58.4999999999988,0
overtaking,no_direction,459,14.424161534037818,1,38.54999999999993,0
overtaking,no_direction,460,13.411654696121804,1,92.34999999999688,0
overtaking,no_direction,461,16.86709342391139,1,27.000000000000252,0
overtaking,no_direction,462,15.334922294957158,1,41.19999999999978,0
overtaking,no_direction,463,11.333815370648086,1,99.74999999999646,0
overtaking,no_direction,464,20.767888403956835,1,67.89999999999827,0
overtaking,no_direction,465,31.189287828601966,1,59.04999999999877,0
overtaking,no_direction,466,19.924448947229013,1,40.299999999999834,0
overtaking,no_direction,467,11.131568790215635,1,91.9499999999969,0
overtaking,no_direction,468,13.377531101808097,1,44.89999999999957,0
overtaking,no_direction,469,12.981550937624835,1,65.84999999999839,0
overtaking,no_direction,470,12.863730408343113,1,52.49999999999914,0
overtaking,no_direction,471,16.010807273538145,1,40.299999999999834,0
overtaking,no_direction,472,15.795499877218532,1,28.450000000000273,0
overtaking,no_direction,473,13.011345160666636,1,51.09999999999922,0
overtaking,no_direction,474,13.713562008185988,1,47.649999999999416,0
overtaking,no_direction,475,22.10934242903911,1,19.75000000000015,0
overtaking,no_direction,476,12.881596949189548,1,45.79999999999952,0
overtaking,no_direction,477,15.345609599465998,1,30.200000000000298,0
overtaking,no_direction,478,17.766972656684665,1,38.29999999999995,0
overtaking,no_direction,479,14.140637109670953,1,33.30000000000023,0
overtaking,no_direction,480,13.871617140188684,1,76.84999999999776,0
overtaking,no_direction,481,14.683567719732672,1,32.95000000000025,0
overtaking,no_direction,482,14.290284327234781,1,43.49999999999965,0
overtaking,no_direction,483,29.123200651576784,1,16.2500000000001,0
overtaking,no_direction,484,20.73710073289253,1,38.19999999999995,0
overtaking,no_direction,485,35.066569456713545,1,18.650000000000134,0
overtaking,no_direction,486,21.162798657015358,1,64.64999999999846,0
overtaking,no_direction,487,16.573043135503394,1,26.450000000000244,0
overtaking,no_direction,488,11.821843608652657,1,80.59999999999755,0
overtaking,no_direction,489,13.079775975801127,1,40.34999999999983,0
overtaking,no_direction,490,14.036015770910163,1,35.45000000000011,0
overtaking,no_direction,491,13.383574467022878,1,46.449999999999484,0
overtaking,no_direction,492,17.857839300755362,1,27.000000000000252,0
overtaking,no_direction,493,20.768716314601317,1,16.600000000000104,0
overtaking,no_direction,494,24.320319800030383,1,31.850000000000318,0
overtaking,no_direction,495,26.826950225428252,1,15.500000000000089,0
overtaking,no_direction,496,14.124687712545992,1,34.300000000000175,0
overtaking,no_direction,497,40.87696901178508,1,1.800000000000001,0
overtaking,no_direction,498,25.838107473190707,1,49.29999999999932,0
overtaking,no_direction,499,16.42279523073764,1,65.29999999999842,0
overtaking,mirrored,300,14.167112085674605,1,38.89999999999991,0
overtaking,mirrored,301,36.02447337733079,1,17.050000000000114,0
overtaking,mirrored,302,19.64620911047268,1,40.799999999999805,0
overtaking,mirrored,303,12.895760920724273,1,57.54999999999885,0
overtaking,mirrored,304,33.236964291739945,1,18.850000000000136,0
overtaking,mirrored,305,36.84526534470222,1,16.000000000000096,0
overtaking,mirrored,306,31.918622228878526,1,16.850000000000108,0
overtaking,mirrored,307,17.10771489916467,1,35.75000000000009,0
overtaking,mirrored,308,40.30371940966277,1,63.7999999999985,0
overtaking,mirrored,309,28.090997157944425,1,16.150000000000098,0
overtaking,mirrored,310,13.294046767743332,1,46.04999999999951,0
overtaking,mirrored,311,15.948801744710662,1,35.25000000000012,0
overtaking,mirrored,312,16.6649773133689,1,31.200000000000312,0
overtaking,mirrored,313,18.616477257904986,1,33.45000000000022,0
overtaking,mirrored,314,21.594778670989516,1,56.54999999999891,0
overtaking,mirrored,315,13.90698354015704,1,57.349999999998865,0
overtaking,mirrored,316,13.085030442660026,1,54.59999999999902,0
overtaking,mirrored,317,13.569170028219201,0,98.59999999999653,0
overtaking,mirrored,318,13.5720764007672,1,42.94999999999968,0
overtaking,mirrored,319,16.196338056778785,0,63.04999999999854,0
overtaking,mirrored,320,13.00540169496395,1,93.8499999999968,0
overtaking,mirrored,321,22.33925616996661,1,67.99999999999827,0
overtaking,mirrored,322,20.653873634566896,1,14.700000000000077,0
overtaking,mirrored,323,16.322789705393014,1,30.900000000000308,0
overtaking,mirrored,324,15.124049034745346,1,37.300000000000004,0
overtaking,mirrored,325,13.899208360437836,1,44.149999999999615,0
overtaking,mirrored,326,13.1848235431707,1,57.09999999999888,0
overtaking,mirrored,327,16.355966946995323,1,29.55000000000029,0
overtaking,mirrored,328,15.066840885560282,1,31.350000000000314,0
overtaking,mirrored,329,24.52990898413734,1,15.500000000000089,0
overtaking,mirrored,330,18.850078844783972,1,38.54999999999993,0
overtaking,mirrored,331,14.206728325763962,1,38.74999999999992,0
overtaking,mirrored,332,14.149460700521907,1,79.7999999999976,0
overtaking,mirrored,333,14.762632881779904,1,40.8499999999998,0
overtaking,mirrored,334,20.861739306842143,1,18.250000000000128,0
overtaking,mirrored,335,14.028568115441292,0,74.84999999999788,0
overtaking,mirrored,336,26.627860501225083,1,16.100000000000097,0
overtaking,mirrored,337,15.701646811719405,0,70.8999999999981,0
overtaking,mirrored,338,12.973711738482258,1,57.89999999999883,0
overtaking,mirrored,339,18.649024633430816,0,67.3499999999983,0
overtaking,mirrored,340,23.904509546100982,1,51.99999999999917,0
overtaking,mirrored,341,14.871990459292546,1,36.750000000000036,0
overtaking,mirrored,342,13.077490374861554,0,56.099999999998936,0
overtaking,mirrored,343,23.366825610315917,1,68.09999999999826,0
overtaking,mirrored,344,12.934530123778273,1,52.14999999999916,0
overtaking,mirrored,345,25.25019146904228,1,16.850000000000108,0
overtaking,mirrored,346,13.978007393762518,1,39.199999999999896,0
overtaking,mirrored,347,10.916074041711374,1,71.49999999999807,0
overtaking,mirrored,348,16.224946830304454,1,31.350000000000314,0
overtaking,mirrored,349,12.821066535660727,1,58.99999999999877,0
overtaking,mirrored,350,13.929012373759338,1,35.45000000000011,0
overtaking,mirrored,351,17.420857784552144,1,31.850000000000318,0
overtaking,mirrored,352,28.41792494951818,1,13.900000000000066,0
overtaking,mirrored,353,14.396696520336866,1,57.349999999998865,0
overtaking,mirrored,354,13.481477549489803,1,54.04999999999905,0
overtaking,mirrored,355,11.256389490759027,1,90.59999999999698,0
overtaking,mirrored,356,18.379392636555615,1,33.950000000000195,0
overtaking,mirrored,357,38.075266724741155,1,64.74999999999845,0
overtaking,mirrored,358,20.552531616093045,1,34.85000000000014,0
overtaking,mirrored,359,27.21862450371108,1,60.499999999998685,0
overtaking,mirrored,360,21.60261877016512,1,38.849999999999916,0
overtaking,mirrored,361,13.447445535238769,1,40.9499999999998,0
overtaking,mirrored,362,21.267983862666913,1,15.55000000000009,0
overtaking,mirrored,363,20.716450551425897,1,14.250000000000071,0
overtaking,mirrored,364,21.955933458756565,1,38.64999999999993,0
overtaking,mirrored,365,19.420420464439644,1,15.55000000000009,0
overtaking,mirrored,366,12.914949386922254,1,59.14999999999876,0
overtaking,mirrored,367,13.058104879022165,1,50.299999999999265,0
overtaking,mirrored,368,20.653875888029823,1,16.850000000000108,0
overtaking,mirrored,369,18.337084629927084,1,21.400000000000173,0
overtaking,mirrored,370,36.61245243446068,1,16.000000000000096,0
overtaking,mirrored,371,10.872934972137717,0,94.74999999999675,0
overtaking,mirrored,372,15.935521726872755,0,68.79999999999822,0
overtaking,mirrored,373,31.28219912049891,1,17.70000000000012,0
overtaking,mirrored,374,10.340794091804828,1,69.64999999999817,0
overtaking,mirrored,375,30.86655781172041,1,62.29999999999858,0
overtaking,mirrored,376,16.65580433496631,1,30.750000000000306,0
overtaking,mirrored,377,13.04231560916985,1,54.899999999999004,0
overtaking,mirrored,378,12.870894202450812,1,50.79999999999924,0
overtaking,mirrored,379,12.883541543890622,1,49.249999999999325,0
overtaking,mirrored,380,14.202803412147757,1,38.79999999999992,0
overtaking,mirrored,381,20.475278688035168,1,86.04999999999723,0
overtaking,mirrored,382,27.543763398363243,1,17.05000000000011,0
overtaking,mirrored,383,13.12578692619505,1,53.2499999999991,0
overtaking,mirrored,384,14.96886056014786,1,34.40000000000017,0
overtaking,mirrored,385,15.916875378756478,1,33.600000000000215,0
overtaking,mirrored,386,17.18720394964241,1,31.80000000000032,0
overtaking,mirrored,387,25.018170824794502,1,48.349999999999376,0
overtaking,mirrored,388,20.093034110394488,1,33.050000000000246,0
overtaking,mirrored,389,21.118502737609166,1,15.800000000000093,0
overtaking,mirrored,390,15.721431361602544,1,41.89999999999974,0
overtaking,mirrored,391,32.40875270069974,1,15.35000000000009,0
overtaking,mirrored,392,15.778006254229227,1,34.85000000000014,0
overtaking,mirrored,393,13.830854403012923,1,54.29999999999904,0
overtaking,mirrored,394,22.30852547384431,1,43.89999999999963,0
overtaking,mirrored,395,13.137962780258112,1,71.59999999999806,0
overtaking,mirrored,396,18.067511961809725,1,55.44999999999897,0
overtaking,mirrored,397,32.7376080452077,1,17.150000000000112,0
overtaking,mirrored,398,13.551058593210497,1,40.54999999999982,0
overtaking,mirrored,399,18.011813635810487,1,52.54999999999914,0
overtaking,mirrored,400,12.682113331854133,1,60.64999999999868,0
overtaking,mirrored,401,13.176966939578497,1,46.799999999999464,0
overtaking,mirrored,402,14.817108431177578,1,39.44999999999988,0
overtaking,mirrored,403,10.915911992529812,1,85.59999999999727,0
overtaking,mirrored,404,12.722002719887834,1,57.849999999998836,0
overtaking,mirrored,405,12.697070505550347,1,58.199999999998816,0
overtaking,mirrored,406,14.8975788016601,1,55.749999999998956,0
overtaking,mirrored,407,22.956702774701846,1,17.850000000000122,0
overtaking,mirrored,408,15.503736082973806,1,34.450000000000166,0
overtaking,mirrored,409,15.14730026355766,1,34.650000000000155,0
overtaking,mirrored,410,16.874360590271422,0,69.0999999999982,0
overtaking,mirrored,411,12.950167647931332,1,64.24999999999848,0
overtaking,mirrored,412,16.43169339307902,0,73.29999999999797,0
overtaking,mirrored,413,15.625468297899126,1,31.600000000000318,0
overtaking,mirrored,414,23.58021138388898,1,56.39999999999892,0
overtaking,mirrored,415,14.742838169286502,1,37.74999999999998,0
overtaking,mirrored,416,13.167442854345126,1,47.69999999999941,0
overtaking,mirrored,417,20.2478996517551,1,17.550000000000118,0
overtaking,mirrored,418,31.020663096889525,1,16.550000000000104,0
overtaking,mirrored,419,15.92570207406795,1,32.75000000000026,0
overtaking,mirrored,420,12.911128669580236,1,53.999999999999055,0
overtaking,mirrored,421,16.621172171155333,1,32.65000000000027,0
overtaking,mirrored,422,13.313005102606898,1,48.14999999999939,0
overtaking,mirrored,423,13.420186294020127,0,60.04999999999871,0
overtaking,mirrored,424,14.369863016399476,1,37.69999999999998,0
overtaking,mirrored,425,12.943949671661079,1,54.74999999999901,0
overtaking,mirrored,426,13.062774850674117,1,76.99999999999775,0
overtaking,mirrored,427,35.09024327198422,1,64.34999999999847,0
overtaking,mirrored,428,26.03962705943998,1,52.949999999999115,0
overtaking,mirrored,429,15.603741931208692,1,40.19999999999984,0
overtaking,mirrored,430,30.792425416682967,1,19.400000000000144,0
overtaking,mirrored,431,16.45953533693129,1,39.199999999999896,0
overtaking,mirrored,432,19.730854975630656,1,18.45000000000013,0
overtaking,mirrored,433,10.913304878802213,1,86.8499999999972,0
overtaking,mirrored,434,17.29384553600827,1,68.99999999999821,0
overtaking,mirrored,435,24.544011886738254,1,42.549999999999706,0
overtaking,mirrored,436,34.29023181569041,1,64.39999999999847,0
overtaking,mirrored,437,16.235032393798793,1,43.29999999999966,0
overtaking,mirrored,438,29.77107995502377,1,64.39999999999847,0
overtaking,mirrored,439,13.047477750321024,1,56.24999999999893,0
overtaking,mirrored,440,18.51787746774411,1,51.3999999999992,0
overtaking,mirrored,441,15.927544979963375,0,72.99999999999798,0
overtaking,mirrored,442,15.92532172032956,1,68.19999999999825,0
overtaking,mirrored,443,25.137486336271024,1,18.200000000000127,0
overtaking,mirrored,444,12.907409861647567,1,49.049999999999336,0
overtaking,mirrored,445,14.423050564204306,1,41.09999999999979,0
overtaking,mirrored,446,19.809926630869374,1,15.900000000000095,0
overtaking,mirrored,447,13.066173545371344,1,60.09999999999871,0
overtaking,mirrored,448,12.748608093655028,1,56.89999999999889,0
overtaking,mirrored,449,18.47405457235848,1,67.94999999999827,0
overtaking,mirrored,450,15.323628633646777,1,77.64999999999772,0
overtaking,mirrored,451,29.641396816926342,1,47.9499999999994,0
overtaking,mirrored,452,36.06244411061176,1,17.200000000000113,0
overtaking,mirrored,453,13.99377833136945,0,66.69999999999834,0
overtaking,mirrored,454,36.25738203517929,1,65.5499999999984,0
overtaking,mirrored,455,15.396843915840991,1,34.450000000000166,0
overtaking,mirrored,456,17.055515908761354,1,24.350000000000215,0
overtaking,mirrored,457,17.401634271088472,1,19.80000000000015,0
overtaking,mirrored,458,12.76879000597016,1,58.549999999998796,0
overtaking,mirrored,459,14.475908151197846,1,39.049999999999905,0
overtaking,mirrored,460,14.488875744700723,0,74.69999999999789,0
overtaking,mirrored,461,17.348690085511723,1,27.400000000000258,0
overtaking,mirrored,462,15.32916138099879,1,41.19999999999978,0
overtaking,mirrored,463,11.70564158613531,1,77.34999999999773,0
overtaking,mirrored,464,13.28706011003039,1,79.09999999999764,0
overtaking,mirrored,465,31.189287828601966,1,59.04999999999877,0
overtaking,mirrored,466,19.924448947229013,1,40.299999999999834,0
overtaking,mirrored,467,12.810284873318388,1,74.24999999999791,0
overtaking,mirrored,468,13.400125701957753,1,45.749999999999524,0
overtaking,mirrored,469,12.989276856345548,1,66.04999999999838,0
overtaking,mirrored,470,12.995053964099968,1,55.44999999999897,0
overtaking,mirrored,471,16.01160552068287,1,40.299999999999834,0
overtaking,mirrored,472,16.466039988683516,1,29.75000000000029,0
overtaking,mirrored,473,13.009548530635504,1,51.09999999999922,0
overtaking,mirrored,474,13.709876521891118,1,47.649999999999416,0
overtaking,mirrored,475,22.10934242903911,1,19.75000000000015,0
overtaking,mirrored,476,12.981853588526334,1,47.69999999999941,0
overtaking,mirrored,477,15.912394837278955,1,31.600000000000318,0
overtaking,mirrored,478,17.766972656684665,1,38.29999999999995,0
overtaking,mirrored,479,14.488752292414272,1,34.85000000000014,0
overtaking,mirrored,480,12.79929306464088,1,79.39999999999762,0
overtaking,mirrored,481,15.041128728697197,1,34.35000000000017,0
overtaking,mirrored,482,14.286396272936592,1,43.54999999999965,0
overtaking,mirrored,483,29.123200651576784,1,16.2500000000001,0
overtaking,mirrored,484,20.73710073289253,1,38.19999999999995,0
overtaking,mirrored,485,35.066569456713545,1,18.650000000000134,0
overtaking,mirrored,486,21.162798657015358,1,64.64999999999846,0
overtaking,mirrored,487,17.327759602763884,1,27.350000000000257,0
overtaking,mirrored,488,12.213182878848318,1,77.44999999999773,0
overtaking,mirrored,489,13.213330775811553,1,41.74999999999975,0
overtaking,mirrored,490,14.197145520030395,1,36.250000000000064,0
overtaking,mirrored,491,13.396184006271941,1,47.54999999999942,0
overtaking,mirrored,492,18.943489179007727,1,27.800000000000264,0
overtaking,mirrored,493,20.768716314601317,1,16.600000000000104,0
overtaking,mirrored,494,24.320319800030383,1,31.850000000000318,0
overtaking,mirrored,495,26.826950225428252,1,15.500000000000089,0
overtaking,mirrored,496,14.486551088441283,1,36.10000000000007,0
overtaking,mirrored,497,40.87696901178508,1,1.800000000000001,0
overtaking,mirrored,498,25.838107473190707,1,49.29999999999932,0
overtaking,mirrored,499,16.41907748525121,1,65.29999999999842,0
overtaking,stbd_lobes,300,15.040164557975558,1,39.24999999999989,0
overtaking,stbd_lobes,301,36.02447337733079,1,17.050000000000114,0
overtaking,stbd_lobes,302,19.64620911047268,1,40.799999999999805,0
overtaking,stbd_lobes,303,13.462636312475327,1,58.09999999999882,0
overtaking,stbd_lobes,304,33.236964291739945,1,18.850000000000136,0
overtaking,stbd_lobes,305,36.84526534470222,1,16.000000000000096,0
overtaking,stbd_lobes,306,31.918622228878526,1,16.850000000000108,0
overtaking,stbd_lobes,307,17.54477094085682,1,35.95000000000008,0
overtaking,stbd_lobes,308,40.30371940966277,1,63.7999999999985,0
overtaking,stbd_lobes,309,28.090997157944425,1,16.150000000000098,0
overtaking,stbd_lobes,310,14.015320790350993,1,46.29999999999949,0
overtaking,stbd_lobes,311,16.921308161885833,1,35.700000000000095,0
overtaking,stbd_lobes,312,17.57265648894325,1,31.500000000000316,0
overtaking,stbd_lobes,313,18.616477257904986,1,33.45000000000022,0
overtaking,stbd_lobes,314,21.594778670989516,1,56.54999999999891,0
overtaking,stbd_lobes,315,14.56523022517081,1,58.049999999998825,0
overtaking,stbd_lobes,316,13.085030442660026,1,54.59999999999902,0
overtaking,stbd_lobes,317,13.569170028219201,0,98.59999999999653,0
overtaking,stbd_lobes,318,14.358354906094595,1,43.249999999999666,0
overtaking,stbd_lobes,319,16.196338056778785,0,63.04999999999854,0
overtaking,stbd_lobes,320,13.00540169496395,1,93.8499999999968,0
overtaking,stbd_lobes,321,22.33925616996661,1,67.99999999999827,0
overtaking,stbd_lobes,322,20.653873634566896,1,14.700000000000077,0
overtaking,stbd_lobes,323,17.168011794714527,1,31.10000000000031,0
overtaking,stbd_lobes,324,16.063664973952356,1,37.649999999999984,0
overtaking,stbd_lobes,325,14.743670331129021,1,44.64999999999959,0
overtaking,stbd_lobes,326,13.796910352355258,1,57.74999999999884,0
overtaking,stbd_lobes,327,17.20591868730758,1,29.800000000000292,0
overtaking,stbd_lobes,328,15.90698735433483,1,31.550000000000317,0
overtaking,stbd_lobes,329,24.52990898413734,1,15.500000000000089,0
overtaking,stbd_lobes,330,18.850078844783972,1,38.54999999999993,0
overtaking,stbd_lobes,331,15.059677706051973,1,38.99999999999991,0
overtaking,stbd_lobes,332,14.595806131323965,1,78.99999999999764,0
overtaking,stbd_lobes,333,15.71244738341735,1,41.39999999999977,0
overtaking,stbd_lobes,334,20.861739306842143,1,18.250000000000128,0
overtaking,stbd_lobes,335,14.028568115441292,0,74.84999999999788,0
overtaking,stbd_lobes,336,26.627860501225083,1,16.100000000000097,0
overtaking,stbd_lobes,337,15.701646811719405,0,70.8999999999981,0
overtaking,stbd_lobes,338,13.057423395306643,1,57.94999999999883,0
overtaking,stbd_lobes,339,18.649024633430816,0,67.3499999999983,0
overtaking,stbd_lobes,340,23.904509546100982,1,51.99999999999917,0
overtaking,stbd_lobes,341,15.811477443062586,1,37.15000000000001,0
overtaking,stbd_lobes,342,13.077490374861554,0,56.099999999998936,0
overtaking,stbd_lobes,343,23.366825610315917,1,68.09999999999826,0
overtaking,stbd_lobes,344,13.552335521621638,1,52.54999999999914,0
overtaking,stbd_lobes,345,25.25019146904228,1,16.850000000000108,0
overtaking,stbd_lobes,346,14.822312883144162,1,39.49999999999988,0
overtaking,stbd_lobes,347,10.916074041711374,1,71.49999999999807,0
overtaking,stbd_lobes,348,17.134251722675586,1,31.65000000000032,0
overtaking,stbd_lobes,349,13.002810775277528,1,59.04999999999877,0
overtaking,stbd_lobes,350,14.67291903636196,1,35.6000000000001,0
overtaking,stbd_lobes,351,17.928114137180835,1,32.000000000000306,0
overtaking,stbd_lobes,352,28.41792494951818,1,13.900000000000066,0
overtaking,stbd_lobes,353,14.97904933030986,1,57.849999999998836,0
overtaking,stbd_lobes,354,14.166652439533324,1,54.79999999999901,0
overtaking,stbd_lobes,355,11.256389490759027,1,90.59999999999698,0
overtaking,stbd_lobes,356,18.504784489986545,1,34.00000000000019,0
overtaking,stbd_lobes,357,38.075266724741155,1,64.74999999999845,0
overtaking,stbd_lobes,358,20.552531616093045,1,34.85000000000014,0
overtaking,stbd_lobes,359,27.21862450371108,1,60.499999999998685,0
overtaking,stbd_lobes,360,21.60261877016512,1,38.849999999999916,0
overtaking,stbd_lobes,361,14.205271643188484,1,41.24999999999978,0
overtaking,stbd_lobes,362,21.267983862666913,1,15.55000000000009,0
overtaking,stbd_lobes,363,20.716450551425897,1,14.250000000000071,0
overtaking,stbd_lobes,364,21.955933458756565,1,38.64999999999993,0
overtaking,stbd_lobes,365,19.420420464439644,1,15.55000000000009,0
overtaking,stbd_lobes,366,12.914949386922254,1,59.14999999999876,0
overtaking,stbd_lobes,367,13.058104879022165,1,50.299999999999265,0
overtaking,stbd_lobes,368,20.653875888029823,1,16.850000000000108,0
overtaking,stbd_lobes,369,18.73452434426954,1,15.250000000000085,0
overtaking,stbd_lobes,370,36.61245243446068,1,16.000000000000096,0
overtaking,stbd_lobes,371,10.872934972137717,0,94.74999999999675,0
overtaking,stbd_lobes,372,15.935521726872755,0,68.79999999999822,0
overtaking,stbd_lobes,373,31.28219912049891,1,17.70000000000012,0
overtaking,stbd_lobes,374,10.340794091804828,1,69.64999999999817,0
overtaking,stbd_lobes,375,30.86655781172041,1,62.29999999999858,0
overtaking,stbd_lobes,376,17.53639443103165,1,31.00000000000031,0
overtaking,stbd_lobes,377,13.04231560916985,1,54.899999999999004,0
overtaking,stbd_lobes,378,13.444618942442593,1,50.94999999999923,0
overtaking,stbd_lobes,379,13.468197597864652,1,49.449999999999314,0
overtaking,stbd_lobes,380,15.088526667539847,1,39.199999999999896,0
overtaking,stbd_lobes,381,20.475278688035168,1,86.04999999999723,0
overtaking,stbd_lobes,382,27.543763398363243,1,17.05000000000011,0
overtaking,stbd_lobes,383,13.12578692619505,1,53.2499999999991,0
overtaking,stbd_lobes,384,15.877985823997621,1,34.70000000000015,0
overtaking,stbd_lobes,385,16.87932853377633,1,33.950000000000195,0
overtaking,stbd_lobes,386,17.84118596565815,1,32.000000000000306,0
overtaking,stbd_lobes,387,25.018170824794502,1,48.349999999999376,0
overtaking,stbd_lobes,388,20.093034110394488,1,33.050000000000246,0
overtaking,stbd_lobes,389,21.118502737609166,1,15.800000000000093,0
overtaking,stbd_lobes,390,16.108002118148853,1,42.049999999999734,0
overtaking,stbd_lobes,391,32.40875270069974,1,15.35000000000009,0
overtaking,stbd_lobes,392,16.69518233453556,1,35.200000000000124,0
overtaking,stbd_lobes,393,14.549402539535551,1,54.999999999999,0
overtaking,stbd_lobes,394,22.30852547384431,1,43.89999999999963,0
overtaking,stbd_lobes,395,13.137962780258112,1,71.59999999999806,0
overtaking,stbd_lobes,396,18.067511961809725,1,55.44999999999897,0
overtaking,stbd_lobes,397,32.7376080452077,1,17.150000000000112,0
overtaking,stbd_lobes,398,14.31798842582211,1,40.799999999999805,0
overtaking,stbd_lobes,399,18.011813635810487,1,52.54999999999914,0
overtaking,stbd_lobes,400,12.682113331854133,1,60.64999999999868,0
overtaking,stbd_lobes,401,13.876811831197495,1,47.09999999999945,0
overtaking,stbd_lobes,402,15.771658165936348,1,39.949999999999854,0
overtaking,stbd_lobes,403,10.915911992529812,1,85.59999999999727,0
overtaking,stbd_lobes,404,12.980021297019164,1,58.049999999998825,0
overtaking,stbd_lobes,405,12.697070505550347,1,58.199999999998816,0
overtaking,stbd_lobes,406,15.26667155789244,1,56.04999999999894,0
overtaking,stbd_lobes,407,22.956702774701846,1,17.850000000000122,0
overtaking,stbd_lobes,408,16.437197650667162,1,34.75000000000015,0
overtaking,stbd_lobes,409,16.040096763599458,1,34.90000000000014,0
overtaking,stbd_lobes,410,16.874360590271422,0,69.0999999999982,0
overtaking,stbd_lobes,411,12.950167647931332,1,64.24999999999848,0
overtaking,stbd_lobes,412,16.43169339307902,0,73.29999999999797,0
overtaking,stbd_lobes,413,16.507731413557664,1,31.80000000000032,0
overtaking,stbd_lobes,414,23.58021138388898,1,56.39999999999892,0
overtaking,stbd_lobes,415,15.663061942430039,1,38.09999999999996,0
overtaking,stbd_lobes,416,13.865192161273677,1,48.09999999999939,0
overtaking,stbd_lobes,417,20.2478996517551,1,17.550000000000118,0
overtaking,stbd_lobes,418,31.020663096889525,1,16.550000000000104,0
overtaking,stbd_lobes,419,16.84977710935708,1,33.050000000000246,0
overtaking,stbd_lobes,420,13.13665865572068,1,54.04999999999905,0
overtaking,stbd_lobes,421,17.540367979322628,1,32.95000000000025,0
overtaking,stbd_lobes,422,14.04456180804342,1,48.59999999999936,0
overtaking,stbd_lobes,423,13.420186294020127,0,60.04999999999871,0
overtaking,stbd_lobes,424,15.25173213439777,1,38.04999999999996,0
overtaking,stbd_lobes,425,13.132228262998847,1,54.74999999999901,0
overtaking,stbd_lobes,426,16.11772646855265,1,111.24999999999581,0
overtaking,stbd_lobes,427,35.09024327198422,1,64.34999999999847,0
overtaking,stbd_lobes,428,26.03962705943998,1,52.949999999999115,0
overtaking,stbd_lobes,429,16.531856957715533,1,40.649999999999814,0
overtaking,stbd_lobes,430,30.792425416682967,1,19.400000000000144,0
overtaking,stbd_lobes,431,16.936291023908975,1,39.399999999999885,0
overtaking,stbd_lobes,432,19.730854975630656,1,18.45000000000013,0
overtaking,stbd_lobes,433,10.913304878802213,1,86.8499999999972,0
overtaking,stbd_lobes,434,17.29384553600827,1,68.99999999999821,0
overtaking,stbd_lobes,435,24.544011886738254,1,42.549999999999706,0
overtaking,stbd_lobes,436,34.29023181569041,1,64.39999999999847,0
overtaking,stbd_lobes,437,16.50049318342186,1,43.449999999999655,0
overtaking,stbd_lobes,438,29.77107995502377,1,64.39999999999847,0
overtaking,stbd_lobes,439,13.047477750321024,1,56.24999999999893,0
overtaking,stbd_lobes,440,18.51787746774411,1,51.3999999999992,0
overtaking,stbd_lobes,441,15.927544979963375,0,72.99999999999798,0
overtaking,stbd_lobes,442,15.92532172032956,1,68.19999999999825,0
overtaking,stbd_lobes,443,25.137486336271024,1,18.200000000000127,0
overtaking,stbd_lobes,444,13.449413457415465,1,49.19999999999933,0
overtaking,stbd_lobes,445,15.310770624262224,1,41.54999999999976,0
overtaking,stbd_lobes,446,19.809926630869374,1,15.900000000000095,0
overtaking,stbd_lobes,447,13.086731234380796,1,60.149999999998705,0
overtaking,stbd_lobes,448,13.128112135555318,1,57.19999999999887,0
overtaking,stbd_lobes,449,18.47405457235848,1,67.94999999999827,0
overtaking,stbd_lobes,450,15.923350575086129,1,77.04999999999775,0
overtaking,stbd_lobes,451,29.641396816926342,1,47.9499999999994,0
overtaking,stbd_lobes,452,36.06244411061176,1,17.200000000000113,0
overtaking,stbd_lobes,453,13.99377833136945,0,66.69999999999834,0
overtaking,stbd_lobes,454,36.25738203517929,1,65.5499999999984,0
overtaking,stbd_lobes,455,16.342268390901708,1,34.75000000000015,0
overtaking,stbd_lobes,456,17.64213183613009,1,24.450000000000216,0
overtaking,stbd_lobes,457,17.82603018269529,1,19.85000000000015,0
overtaking,stbd_lobes,458,13.200271508781203,1,59.14999999999876,0
overtaking,stbd_lobes,459,15.394611954258242,1,39.44999999999988,0
overtaking,stbd_lobes,460,14.488875744700723,0,74.69999999999789,0
overtaking,stbd_lobes,461,17.954233817981233,1,27.55000000000026,0
overtaking,stbd_lobes,462,16.23871356974168,1,41.64999999999976,0
overtaking,stbd_lobes,463,11.70564158613531,1,77.34999999999773,0
overtaking,stbd_lobes,464,13.02232509292931,1,79.19999999999763,0
overtaking,stbd_lobes,465,31.189287828601966,1,59.04999999999877,0
overtaking,stbd_lobes,466,19.924448947229013,1,40.299999999999834,0
overtaking,stbd_lobes,467,12.810284873318388,1,74.24999999999791,0
overtaking,stbd_lobes,468,14.156815139612728,1,46.1499999999995,0
overtaking,stbd_lobes,469,12.989276856345548,1,66.04999999999838,0
overtaking,stbd_lobes,470,13.164811599331317,1,55.44999999999897,0
overtaking,stbd_lobes,471,16.849900496260666,1,40.69999999999981,0
overtaking,stbd_lobes,472,17.298164597630635,1,29.950000000000294,0
overtaking,stbd_lobes,473,13.653678797360488,1,51.549999999999194,0
overtaking,stbd_lobes,474,14.495088477490567,1,48.24999999999938,0
overtaking,stbd_lobes,475,22.10934242903911,1,19.75000000000015,0
overtaking,stbd_lobes,476,13.525638270332404,1,47.79999999999941,0
overtaking,stbd_lobes,477,16.774849878828462,1,31.80000000000032,0
overtaking,stbd_lobes,478,17.780814208436524,1,38.29999999999995,0
overtaking,stbd_lobes,479,15.340127315498997,1,35.10000000000013,0
overtaking,stbd_lobes,480,13.572678748429025,1,79.09999999999764,0
overtaking,stbd_lobes,481,15.942994216998517,1,34.650000000000155,0
overtaking,stbd_lobes,482,15.177582821666565,1,44.149999999999615,0
overtaking,stbd_lobes,483,29.123200651576784,1,16.2500000000001,0
overtaking,stbd_lobes,484,20.73710073289253,1,38.19999999999995,0
overtaking,stbd_lobes,485,35.066569456713545,1,18.650000000000134,0
overtaking,stbd_lobes,486,21.162798657015358,1,64.64999999999846,0
overtaking,stbd_lobes,487,18.05375108213413,1,27.50000000000026,0
overtaking,stbd_lobes,488,12.213182878848318,1,77.44999999999773,0
overtaking,stbd_lobes,489,13.892557687714836,1,41.94999999999974,0
overtaking,stbd_lobes,490,15.057470311484087,1,36.55000000000005,0
overtaking,stbd_lobes,491,14.146703532097034,1,47.9499999999994,0
overtaking,stbd_lobes,492,19.093844810324132,1,27.850000000000264,0
overtaking,stbd_lobes,493,20.768716314601317,1,16.600000000000104,0
overtaking,stbd_lobes,494,24.320319800030383,1,31.850000000000318,0
overtaking,stbd_lobes,495,26.826950225428252,1,15.500000000000089,0
overtaking,stbd_lobes,496,15.326193908874115,1,36.35000000000006,0
overtaking,stbd_lobes,497,40.87696901178508,1,1.800000000000001,0
overtaking,stbd_lobes,498,25.838107473190707,1,49.29999999999932,0
overtaking,stbd_lobes,499,17.435361900991012,1,65.5499999999984,0
overtaking,ot_flip,300,15.040164557975558,1,39.24999999999989,0
overtaking,ot_flip,301,36.02447337733079,1,17.050000000000114,0
overtaking,ot_flip,302,19.64620911047268,1,40.799999999999805,0
overtaking,ot_flip,303,13.462636312475327,1,58.09999999999882,0
overtaking,ot_flip,304,33.236964291739945,1,18.850000000000136,0
overtaking,ot_flip,305,36.84526534470222,1,16.000000000000096,0
overtaking,ot_flip,306,31.918622228878526,1,16.850000000000108,0
overtaking,ot_flip,307,17.54477094085682,1,35.95000000000008,0
overtaking,ot_flip,308,40.30371940966277,1,63.7999999999985,0
overtaking,ot_flip,309,28.090997157944425,1,16.150000000000098,0
overtaking,ot_flip,310,14.015320790350993,1,46.29999999999949,0
overtaking,ot_flip,311,16.921308161885833,1,35.700000000000095,0
overtaking,ot_flip,312,17.57265648894325,1,31.500000000000316,0
overtaking,ot_flip,313,18.616477257904986,1,33.45000000000022,0
overtaking,ot_flip,314,21.594778670989516,1,56.54999999999891,0
overtaking,ot_flip,315,14.56523022517081,1,58.049999999998825,0
overtaking,ot_flip,316,13.085030442660026,1,54.59999999999902,0
overtaking,ot_flip,317,13.569170028219201,0,98.59999999999653,0
overtaking,ot_flip,318,14.358354906094595,1,43.249999999999666,0
overtaking,ot_flip,319,16.196338056778785,0,63.04999999999854,0
overtaking,ot_flip,320,14.303641538261198,0,93.14999999999684,0
overtaking,ot_flip,321,22.33925616996661,1,67.99999999999827,0
overtaking,ot_flip,322,20.653873634566896,1,14.700000000000077,0
overtaking,ot_flip,323,17.168011794714527,1,31.10000000000031,0
overtaking,ot_flip,324,16.063664973952356,1,37.649999999999984,0
overtaking,ot_flip,325,14.743670331129021,1,44.64999999999959,0
overtaking,ot_flip,326,13.796910352355258,1,57.74999999999884,0
overtaking,ot_flip,327,17.20591868730758,1,29.800000000000292,0
overtaking,ot_flip,328,15.90698735433483,1,31.550000000000317,0
overtaking,ot_flip,329,24.52990898413734,1,15.500000000000089,0
overtaking,ot_flip,330,18.850078844783972,1,38.54999999999993,0
overtaking,ot_flip,331,15.059677706051973,1,38.99999999999991,0
overtaking,ot_flip,332,14.595806131323965,1,78.99999999999764,0
overtaking,ot_flip,333,15.71244738341735,1,41.39999999999977,0
overtaking,ot_flip,334,20.861739306842143,1,18.250000000000128,0
overtaking,ot_flip,335,14.028568115441292,0,74.84999999999788,0
overtaking,ot_flip,336,26.627860501225083,1,16.100000000000097,0
overtaking,ot_flip,337,15.701646811719405,0,70.8999999999981,0
overtaking,ot_flip,338,13.057423395306643,1,57.94999999999883,0
overtaking,ot_flip,339,18.649024633430816,0,67.3499999999983,0
overtaking,ot_flip,340,23.904509546100982,1,51.99999999999917,0
overtaking,ot_flip,341,15.811477443062586,1,37.15000000000001,0
overtaking,ot_flip,342,8.253262338116063,0,66.14999999999837,0
overtaking,ot_flip,343,23.366825610315917,1,68.09999999999826,0
overtaking,ot_flip,344,13.552335521621638,1,52.54999999999914,0
overtaking,ot_flip,345,25.25019146904228,1,16.850000000000108,0
overtaking,ot_flip,346,14.822312883144162,1,39.49999999999988,0
overtaking,ot_flip,347,14.452368706061161,0,69.49999999999818,0
overtaking,ot_flip,348,17.134251722675586,1,31.65000000000032,0
overtaking,ot_flip,349,13.002810775277528,1,59.04999999999877,0
overtaking,ot_flip,350,14.67291903636196,1,35.6000000000001,0
overtaking,ot_flip,351,17.928114137180835,1,32.000000000000306,0
overtaking,ot_flip,352,28.41792494951818,1,13.900000000000066,0
overtaking,ot_flip,353,14.97904933030986,1,57.849999999998836,0
overtaking,ot_flip,354,14.166652439533324,1,54.79999999999901,0
overtaking,ot_flip,355,11.256389490759027,1,90.59999999999698,0
overtaking,ot_flip,356,18.504784489986545,1,34.00000000000019,0
overtaking,ot_flip,357,38.075266724741155,1,64.74999999999845,0
overtaking,ot_flip,358,20.552531616093045,1,34.85000000000014,0
overtaking,ot_flip,359,27.21862450371108,1,60.499999999998685,0
overtaking,ot_flip,360,21.60261877016512,1,38.849999999999916,0
overtaking,ot_flip,361,14.205271643188484,1,41.24999999999978,0
overtaking,ot_flip,362,21.267983862666913,1,15.55000000000009,0
overtaking,ot_flip,363,20.716450551425897,1,14.250000000000071,0
overtaking,ot_flip,364,21.955933458756565,1,38.64999999999993,0
overtaking,ot_flip,365,19.420420464439644,1,15.55000000000009,0
overtaking,ot_flip,366,12.914949386922254,1,59.14999999999876,0
overtaking,ot_flip,367,13.058104879022165,1,50.299999999999265,0
overtaking,ot_flip,368,20.653875888029823,1,16.850000000000108,0
overtaking,ot_flip,369,18.73452434426954,1,15.250000000000085,0
overtaking,ot_flip,370,36.61245243446068,1,16.000000000000096,0
overtaking,ot_flip,371,10.872934972137717,0,94.74999999999675,0
overtaking,ot_flip,372,15.935521726872755,0,68.79999999999822,0
overtaking,ot_flip,373,31.28219912049891,1,17.70000000000012,0
overtaking,ot_flip,374,14.599764495228268,0,67.19999999999831,0
overtaking,ot_flip,375,30.86655781172041,1,62.29999999999858,0
overtaking,ot_flip,376,17.53639443103165,1,31.00000000000031,0
overtaking,ot_flip,377,13.04231560916985,1,54.899999999999004,0
overtaking,ot_flip,378,13.444618942442593,1,50.94999999999923,0
overtaking,ot_flip,379,13.468197597864652,1,49.449999999999314,0
overtaking,ot_flip,380,15.088526667539847,1,39.199999999999896,0
overtaking,ot_flip,381,20.475278688035168,1,86.04999999999723,0
overtaking,ot_flip,382,27.543763398363243,1,17.05000000000011,0
overtaking,ot_flip,383,13.12578692619505,1,53.2499999999991,0
overtaking,ot_flip,384,15.877985823997621,1,34.70000000000015,0
overtaking,ot_flip,385,16.87932853377633,1,33.950000000000195,0
overtaking,ot_flip,386,17.84118596565815,1,32.000000000000306,0
overtaking,ot_flip,387,25.018170824794502,1,48.349999999999376,0
overtaking,ot_flip,388,20.093034110394488,1,33.050000000000246,0
overtaking,ot_flip,389,21.118502737609166,1,15.800000000000093,0
overtaking,ot_flip,390,16.108002118148853,1,42.049999999999734,0
overtaking,ot_flip,391,32.40875270069974,1,15.35000000000009,0
overtaking,ot_flip,392,16.69518233453556,1,35.200000000000124,0
overtaking,ot_flip,393,14.549402539535551,1,54.999999999999,0
overtaking,ot_flip,394,22.30852547384431,1,43.89999999999963,0
overtaking,ot_flip,395,13.137962780258112,1,71.59999999999806,0
overtaking,ot_flip,396,18.067511961809725,1,55.44999999999897,0
overtaking,ot_flip,397,32.7376080452077,1,17.150000000000112,0
overtaking,ot_flip,398,14.31798842582211,1,40.799999999999805,0
overtaking,ot_flip,399,18.011813635810487,1,52.54999999999914,0
overtaking,ot_flip,400,12.682113331854133,1,60.64999999999868,0
overtaking,ot_flip,401,13.876811831197495,1,47.09999999999945,0
overtaking,ot_flip,402,15.771658165936348,1,39.949999999999854,0
overtaking,ot_flip,403,10.915911992529812,1,85.59999999999727,0
overtaking,ot_flip,404,12.980021297019164,1,58.049999999998825,0
overtaking,ot_flip,405,12.697070505550347,1,58.199999999998816,0
overtaking,ot_flip,406,15.26667155789244,1,56.04999999999894,0
overtaking,ot_flip,407,22.956702774701846,1,17.850000000000122,0
overtaking,ot_flip,408,16.437197650667162,1,34.75000000000015,0
overtaking,ot_flip,409,16.040096763599458,1,34.90000000000014,0
overtaking,ot_flip,410,16.874360590271422,0,69.0999999999982,0
overtaking,ot_flip,411,12.950167647931332,1,64.24999999999848,0
overtaking,ot_flip,412,16.43169339307902,0,73.29999999999797,0
overtaking,ot_flip,413,16.507731413557664,1,31.80000000000032,0
overtaking,ot_flip,414,23.58021138388898,1,56.39999999999892,0
overtaking,ot_flip,415,15.663061942430039,1,38.09999999999996,0
overtaking,ot_flip,416,13.865192161273677,1,48.09999999999939,0
overtaking,ot_flip,417,20.2478996517551,1,17.550000000000118,0
overtaking,ot_flip,418,31.020663096889525,1,16.550000000000104,0
overtaking,ot_flip,419,16.84977710935708,1,33.050000000000246,0
overtaking,ot_flip,420,13.13665865572068,1,54.04999999999905,0
overtaking,ot_flip,421,17.540367979322628,1,32.95000000000025,0
overtaking,ot_flip,422,14.04456180804342,1,48.59999999999936,0
overtaking,ot_flip,423,12.673245363538157,1,66.84999999999833,0
overtaking,ot_flip,424,15.25173213439777,1,38.04999999999996,0
overtaking,ot_flip,425,13.132228262998847,1,54.74999999999901,0
overtaking,ot_flip,426,16.11772646855265,1,111.24999999999581,0
overtaking,ot_flip,427,35.09024327198422,1,64.34999999999847,0
overtaking,ot_flip,428,26.03962705943998,1,52.949999999999115,0
overtaking,ot_flip,429,16.531856957715533,1,40.649999999999814,0
overtaking,ot_flip,430,30.792425416682967,1,19.400000000000144,0
overtaking,ot_flip,431,16.936291023908975,1,39.399999999999885,0
overtaking,ot_flip,432,19.730854975630656,1,18.45000000000013,0
overtaking,ot_flip,433,10.913304878802213,1,86.8499999999972,0
overtaking,ot_flip,434,17.29384553600827,1,68.99999999999821,0
overtaking,ot_flip,435,24.544011886738254,1,42.549999999999706,0
overtaking,ot_flip,436,34.29023181569041,1,64.39999999999847,0
overtaking,ot_flip,437,16.50049318342186,1,43.449999999999655,0
overtaking,ot_flip,438,29.77107995502377,1,64.39999999999847,0
overtaking,ot_flip,439,13.047477750321024,1,56.24999999999893,0
overtaking,ot_flip,440,18.51787746774411,1,51.3999999999992,0
overtaking,ot_flip,441,15.927544979963375,0,72.99999999999798,0
overtaking,ot_flip,442,15.92532172032956,1,68.19999999999825,0
overtaking,ot_flip,443,25.137486336271024,1,18.200000000000127,0
overtaking,ot_flip,444,13.449413457415465,1,49.19999999999933,0
overtaking,ot_flip,445,15.310770624262224,1,41.54999999999976,0
overtaking,ot_flip,446,19.809926630869374,1,15.900000000000095,0
overtaking,ot_flip,447,13.086731234380796,1,60.149999999998705,0
overtaking,ot_flip,448,13.128112135555318,1,57.19999999999887,0
overtaking,ot_flip,449,18.47405457235848,1,67.94999999999827,0
overtaking,ot_flip,450,15.923350575086129,1,77.04999999999775,0
overtaking,ot_flip,451,29.641396816926342,1,47.9499999999994,0
overtaking,ot_flip,452,36.06244411061176,1,17.200000000000113,0
overtaking,ot_flip,453,13.99377833136945,0,66.69999999999834,0
overtaking,ot_flip,454,36.25738203517929,1,65.5499999999984,0
overtaking,ot_flip,455,16.342268390901708,1,34.75000000000015,0
overtaking,ot_flip,456,17.64213183613009,1,24.450000000000216,0
overtaking,ot_flip,457,17.82603018269529,1,19.85000000000015,0
overtaking,ot_flip,458,13.200271508781203,1,59.14999999999876,0
overtaking,ot_flip,459,15.394611954258242,1,39.44999999999988,0
overtaking,ot_flip,460,14.488875744700723,0,74.69999999999789,0
overtaking,ot_flip,461,17.954233817981233,1,27.55000000000026,0
overtaking,ot_flip,462,16.23871356974168,1,41.64999999999976,0
overtaking,ot_flip,463,11.70564158613531,1,77.34999999999773,0
overtaking,ot_flip,464,13.990147571859701,0,77.54999999999772,0
overtaking,ot_flip,465,31.189287828601966,1,59.04999999999877,0
overtaking,ot_flip,466,19.924448947229013,1,40.299999999999834,0
overtaking,ot_flip,467,12.810284873318388,1,74.24999999999791,0
overtaking,ot_flip,468,14.156815139612728,1,46.1499999999995,0
overtaking,ot_flip,469,12.989276856345548,1,66.04999999999838,0
overtaking,ot_flip,470,13.164811599331317,1,55.44999999999897,0
overtaking,ot_flip,471,16.849900496260666,1,40.69999999999981,0
overtaking,ot_flip,472,17.298164597630635,1,29.950000000000294,0
overtaking,ot_flip,473,13.653678797360488,1,51.549999999999194,0
overtaking,ot_flip,474,14.495088477490567,1,48.24999999999938,0
overtaking,ot_flip,475,22.10934242903911,1,19.75000000000015,0
overtaking,ot_flip,476,13.525638270332404,1,47.79999999999941,0
overtaking,ot_flip,477,16.774849878828462,1,31.80000000000032,0
overtaking,ot_flip,478,17.780814208436524,1,38.29999999999995,0
overtaking,ot_flip,479,15.340127315498997,1,35.10000000000013,0
overtaking,ot_flip,480,13.572678748429025,1,79.09999999999764,0
overtaking,ot_flip,481,15.942994216998517,1,34.650000000000155,0
overtaking,ot_flip,482,15.177582821666565,1,44.149999999999615,0
overtaking,ot_flip,483,29.123200651576784,1,16.2500000000001,0
overtaking,ot_flip,484,20.73710073289253,1,38.19999999999995,0
overtaking,ot_flip,485,35.066569456713545,1,18.650000000000134,0
overtaking,ot_flip,486,21.162798657015358,1,64.64999999999846,0
overtaking,ot_flip,487,18.05375108213413,1,27.50000000000026,0
overtaking,ot_flip,488,12.213182878848318,1,77.44999999999773,0
overtaking,ot_flip,489,13.892557687714836,1,41.94999999999974,0
overtaking,ot_flip,490,15.057470311484087,1,36.55000000000005,0
overtaking,ot_flip,491,14.146703532097034,1,47.9499999999994,0
overtaking,ot_flip,492,19.093844810324132,1,27.850000000000264,0
overtaking,ot_flip,493,20.768716314601317,1,16.600000000000104,0
overtaking,ot_flip,494,24.320319800030383,1,31.850000000000318,0
overtaking,ot_flip,495,26.826950225428252,1,15.500000000000089,0
overtaking,ot_flip,496,15.326193908874115,1,36.35000000000006,0
overtaking,ot_flip,497,40.87696901178508,1,1.800000000000001,0
overtaking,ot_flip,498,25.838107473190707,1,49.29999999999932,0
overtaking,ot_flip,499,17.435361900991012,1,65.5499999999984,0
overtaking,no_sternpass,300,14.848282669635898,1,37.89999999999997,0
overtaking,no_sternpass,301,36.02447337733079,1,17.050000000000114,0
overtaking,no_sternpass,302,19.64620911047268,1,40.799999999999805,0
overtaking,no_sternpass,303,13.462636312475327,1,58.09999999999882,0
overtaking,no_sternpass,304,33.236964291739945,1,18.850000000000136,0
overtaking,no_sternpass,305,36.84526534470222,1,16.000000000000096,0
overtaking,no_sternpass,306,31.918622228878526,1,16.850000000000108,0
overtaking,no_sternpass,307,17.54477094085682,1,35.95000000000008,0
overtaking,no_sternpass,308,40.30371940966277,1,63.7999999999985,0
overtaking,no_sternpass,309,28.090997157944425,1,16.150000000000098,0
overtaking,no_sternpass,310,13.94749301445721,1,43.799999999999635,0
overtaking,no_sternpass,311,16.87533394144706,1,35.45000000000011,0
overtaking,no_sternpass,312,17.327449569745202,1,30.900000000000308,0
overtaking,no_sternpass,313,14.266371981515356,1,31.450000000000315,0
overtaking,no_sternpass,314,21.594778670989516,1,56.54999999999891,0
overtaking,no_sternpass,315,14.56523022517081,1,58.049999999998825,0
overtaking,no_sternpass,316,13.126874733247675,1,59.74999999999873,0
overtaking,no_sternpass,317,11.417244386509878,1,96.04999999999667,0
overtaking,no_sternpass,318,14.251828867753982,1,41.29999999999978,0
overtaking,no_sternpass,319,16.50498814348718,1,54.999999999999,0
overtaking,no_sternpass,320,11.490602076897334,1,94.34999999999677,0
overtaking,no_sternpass,321,22.33925616996661,1,67.99999999999827,0
overtaking,no_sternpass,322,20.653873634566896,1,14.700000000000077,0
overtaking,no_sternpass,323,15.405884792492047,1,15.450000000000088,0
overtaking,no_sternpass,324,15.326700160741568,1,18.600000000000133,0
overtaking,no_sternpass,325,14.694772051172427,1,43.49999999999965,0
overtaking,no_sternpass,326,13.796910352355258,1,57.74999999999884,0
overtaking,no_sternpass,327,16.657537908405747,1,28.750000000000277,0
overtaking,no_sternpass,328,15.412706197564738,1,30.150000000000297,0
overtaking,no_sternpass,329,24.52990898413734,1,15.500000000000089,0
overtaking,no_sternpass,330,18.850078844783972,1,38.54999999999993,0
overtaking,no_sternpass,331,14.843773653271521,1,36.90000000000003,0
overtaking,no_sternpass,332,13.664083965230278,1,74.3499999999979,0
overtaking,no_sternpass,333,15.670314684264667,1,40.9499999999998,0
overtaking,no_sternpass,334,20.861739306842143,1,18.250000000000128,0
overtaking,no_sternpass,335,10.924139116491537,1,75.44999999999784,0
overtaking,no_sternpass,336,26.627860501225083,1,16.100000000000097,0
overtaking,no_sternpass,337,14.835398438736236,1,65.39999999999841,0
overtaking,no_sternpass,338,12.957497369385322,1,55.749999999998956,0
overtaking,no_sternpass,339,19.788824161356196,0,67.19999999999831,0
overtaking,no_sternpass,340,23.904509546100982,1,51.99999999999917,0
overtaking,no_sternpass,341,15.694390002179913,1,36.55000000000005,0
overtaking,no_sternpass,342,12.373994220507662,1,42.34999999999972,0
overtaking,no_sternpass,343,22.74739672502837,1,66.99999999999832,0
overtaking,no_sternpass,344,13.552335521621638,1,52.54999999999914,0
overtaking,no_sternpass,345,25.25019146904228,1,16.850000000000108,0
overtaking,no_sternpass,346,14.623205157343936,1,38.09999999999996,0
overtaking,no_sternpass,347,11.413980359746793,1,73.94999999999793,0
overtaking,no_sternpass,348,16.672659218492413,1,30.500000000000302,0
overtaking,no_sternpass,349,12.994928544380144,1,58.99999999999877,0
overtaking,no_sternpass,350,14.40737647218365,1,34.450000000000166,0
overtaking,no_sternpass,351,17.88350251261303,1,31.900000000000315,0
overtaking,no_sternpass,352,28.41792494951818,1,13.900000000000066,0
overtaking,no_sternpass,353,14.97904933030986,1,57.849999999998836,0
overtaking,no_sternpass,354,14.166652439533324,1,54.79999999999901,0
overtaking,no_sternpass,355,11.497423151756152,1,84.09999999999735,0
overtaking,no_sternpass,356,17.897449038615253,1,18.150000000000126,0
overtaking,no_sternpass,357,38.075266724741155,1,64.74999999999845,0
overtaking,no_sternpass,358,20.552531616093045,1,34.85000000000014,0
overtaking,no_sternpass,359,27.21862450371108,1,60.499999999998685,0
overtaking,no_sternpass,360,21.60261877016512,1,38.849999999999916,0
overtaking,no_sternpass,361,14.097852258338888,1,40.39999999999983,0
overtaking,no_sternpass,362,21.267983862666913,1,15.55000000000009,0
overtaking,no_sternpass,363,20.663307450146302,1,14.250000000000071,0
overtaking,no_sternpass,364,21.955933458756565,1,38.64999999999993,0
overtaking,no_sternpass,365,16.7784614543559,1,14.650000000000077,0
overtaking,no_sternpass,366,13.006116866195594,1,62.799999999998555,0
overtaking,no_sternpass,367,13.039545769712465,1,62.449999999998575,0
overtaking,no_sternpass,368,20.653875888029823,1,16.850000000000108,0
overtaking,no_sternpass,369,15.668816813231999,1,13.750000000000064,0
overtaking,no_sternpass,370,36.61245243446068,1,16.000000000000096,0
overtaking,no_sternpass,371,10.858460631690718,0,90.59999999999698,0
overtaking,no_sternpass,372,15.133964711892707,1,62.54999999999857,0
overtaking,no_sternpass,373,31.28219912049891,1,17.70000000000012,0
overtaking,no_sternpass,374,11.063365924864708,1,77.14999999999775,0
overtaking,no_sternpass,375,30.86655781172041,1,62.29999999999858,0
overtaking,no_sternpass,376,16.189100589741493,1,16.450000000000102,0
overtaking,no_sternpass,377,13.089953842293175,1,54.14999999999905,0
overtaking,no_sternpass,378,13.390953451337985,1,49.19999999999933,0
overtaking,no_sternpass,379,13.457384592066257,1,49.29999999999932,0
overtaking,no_sternpass,380,15.05089918974312,1,38.94999999999991,0
overtaking,no_sternpass,381,19.05004043300614,1,85.49999999999726,0
overtaking,no_sternpass,382,27.543763398363243,1,17.05000000000011,0
overtaking,no_sternpass,383,11.157680068808064,0,41.19999999999978,0
overtaking,no_sternpass,384,15.875222714340492,1,34.70000000000015,0
overtaking,no_sternpass,385,16.825630499575063,1,33.8000000000002,0
overtaking,no_sternpass,386,17.76147769535497,1,31.850000000000318,0
overtaking,no_sternpass,387,25.018170824794502,1,48.349999999999376,0
overtaking,no_sternpass,388,20.093034110394488,1,33.050000000000246,0
overtaking,no_sternpass,389,21.118502737609166,1,15.800000000000093,0
overtaking,no_sternpass,390,16.108002118148853,1,42.049999999999734,0
overtaking,no_sternpass,391,32.40875270069974,1,15.35000000000009,0
overtaking,no_sternpass,392,16.69518233453556,1,35.200000000000124,0
overtaking,no_sternpass,393,14.549402539535551,1,54.999999999999,0
overtaking,no_sternpass,394,22.30852547384431,1,43.89999999999963,0
overtaking,no_sternpass,395,9.211095748999984,1,95.84999999999668,0
overtaking,no_sternpass,396,18.067511961809725,1,55.44999999999897,0
overtaking,no_sternpass,397,32.7376080452077,1,17.150000000000112,0
overtaking,no_sternpass,398,14.16428242478015,1,38.89999999999991,0
overtaking,no_sternpass,399,18.011813635810487,1,52.54999999999914,0
overtaking,no_sternpass,400,12.919468107380387,1,63.54999999999851,0
overtaking,no_sternpass,401,13.824655323073427,1,45.94999999999951,0
overtaking,no_sternpass,402,15.718980398848215,1,39.49999999999988,0
overtaking,no_sternpass,403,10.877149591084038,1,86.54999999999721,0
overtaking,no_sternpass,404,12.980021297019164,1,58.049999999998825,0
overtaking,no_sternpass,405,12.953455809500326,1,61.79999999999861,0
overtaking,no_sternpass,406,15.26667155789244,1,56.04999999999894,0
overtaking,no_sternpass,407,22.956702774701846,1,17.850000000000122,0
overtaking,no_sternpass,408,15.921906093074918,1,17.65000000000012,0
overtaking,no_sternpass,409,15.521741428581375,1,16.95000000000011,0
overtaking,no_sternpass,410,18.071760264228384,0,67.24999999999831,0
overtaking,no_sternpass,411,13.022485340707252,1,63.24999999999853,0
overtaking,no_sternpass,412,14.641999947117956,1,71.24999999999808,0
overtaking,no_sternpass,413,16.00171709938462,1,30.3500000000003,0
overtaking,no_sternpass,414,23.58021138388898,1,56.39999999999892,0
overtaking,no_sternpass,415,15.419505912697096,1,36.15000000000007,0
overtaking,no_sternpass,416,13.860102934289404,1,47.999999999999396,0
overtaking,no_sternpass,417,20.181831281204342,1,17.500000000000117,0
overtaking,no_sternpass,418,31.020663096889525,1,16.550000000000104,0
overtaking,no_sternpass,419,16.38672893278555,1,31.70000000000032,0
overtaking,no_sternpass,420,13.068049690054963,1,51.94999999999917,0
overtaking,no_sternpass,421,16.41936847052308,1,17.80000000000012,0
overtaking,no_sternpass,422,14.031387349088607,1,47.54999999999942,0
overtaking,no_sternpass,423,12.504994870043353,1,44.849999999999575,0
overtaking,no_sternpass,424,15.005929916190654,1,36.35000000000006,0
overtaking,no_sternpass,425,13.070699959854524,1,52.99999999999911,0
overtaking,no_sternpass,426,10.460727071213729,0,73.39999999999796,0
overtaking,no_sternpass,427,35.09024327198422,1,64.34999999999847,0
overtaking,no_sternpass,428,26.03962705943998,1,52.949999999999115,0
overtaking,no_sternpass,429,16.531856957715533,1,40.649999999999814,0
overtaking,no_sternpass,430,30.792425416682967,1,19.400000000000144,0
overtaking,no_sternpass,431,16.936291023908975,1,39.399999999999885,0
overtaking,no_sternpass,432,18.9684341562684,1,18.250000000000128,0
overtaking,no_sternpass,433,12.535556720152261,1,73.19999999999797,0
overtaking,no_sternpass,434,17.017760958931472,1,68.59999999999823,0
overtaking,no_sternpass,435,24.544011886738254,1,42.549999999999706,0
overtaking,no_sternpass,436,34.29023181569041,1,64.39999999999847,0
overtaking,no_sternpass,437,16.50049318342186,1,43.449999999999655,0
overtaking,no_sternpass,438,29.77107995502377,1,64.39999999999847,0
overtaking,no_sternpass,439,13.136914451862753,1,55.49999999999897,0
overtaking,no_sternpass,440,18.51787746774411,1,51.3999999999992,0
overtaking,no_sternpass,441,14.228855817988073,0,71.59999999999806,0
overtaking,no_sternpass,442,15.68119196569738,1,68.19999999999825,0
overtaking,no_sternpass,443,25.137486336271024,1,18.200000000000127,0
overtaking,no_sternpass,444,13.364823952982665,1,47.34999999999943,0
overtaking,no_sternpass,445,15.310770624262224,1,41.54999999999976,0
overtaking,no_sternpass,446,18.141842552792546,1,15.350000000000087,0
overtaking,no_sternpass,447,12.978118250385023,1,59.19999999999876,0
overtaking,no_sternpass,448,13.128112135555318,1,57.19999999999887,0
overtaking,no_sternpass,449,18.47405457235848,1,67.94999999999827,0
overtaking,no_sternpass,450,10.20789255718131,0,72.699999999998,0
overtaking,no_sternpass,451,29.641396816926342,1,47.9499999999994,0
overtaking,no_sternpass,452,36.06244411061176,1,17.200000000000113,0
overtaking,no_sternpass,453,12.385615921657362,1,52.049999999999166,0
overtaking,no_sternpass,454,36.25738203517929,1,65.5499999999984,0
overtaking,no_sternpass,455,16.048199695200218,1,33.65000000000021,0
overtaking,no_sternpass,456,16.726306988703946,1,23.3000000000002,0
overtaking,no_sternpass,457,16.778331183370604,1,19.00000000000014,0
overtaking,no_sternpass,458,13.200271508781203,1,59.14999999999876,0
overtaking,no_sternpass,459,15.332000246690304,1,38.99999999999991,0
overtaking,no_sternpass,460,10.138745990198816,1,80.89999999999753,0
overtaking,no_sternpass,461,17.659282973338843,1,27.200000000000255,0
overtaking,no_sternpass,462,16.23871356974168,1,41.64999999999976,0
overtaking,no_sternpass,463,12.401290901417186,1,77.34999999999773,0
overtaking,no_sternpass,464,20.491301516788592,1,67.64999999999829,0
overtaking,no_sternpass,465,31.189287828601966,1,59.04999999999877,0
overtaking,no_sternpass,466,19.924448947229013,1,40.299999999999834,0
overtaking,no_sternpass,467,11.130580280735487,1,92.39999999999688,0
overtaking,no_sternpass,468,14.125087244624947,1,45.29999999999955,0
overtaking,no_sternpass,469,12.981550937624835,1,65.84999999999839,0
overtaking,no_sternpass,470,13.144773330676726,1,55.49999999999897,0
overtaking,no_sternpass,471,16.849476537919074,1,40.69999999999981,0
overtaking,no_sternpass,472,15.990615916581532,1,15.250000000000085,0
overtaking,no_sternpass,473,13.653678797360488,1,51.549999999999194,0
overtaking,no_sternpass,474,14.495088477490567,1,48.24999999999938,0
overtaking,no_sternpass,475,22.10934242903911,1,19.75000000000015,0
overtaking,no_sternpass,476,13.44730929293367,1,45.84999999999952,0
overtaking,no_sternpass,477,15.922561817047276,1,16.100000000000097,0
overtaking,no_sternpass,478,17.780814208436524,1,38.29999999999995,0
overtaking,no_sternpass,479,15.019952260925798,1,33.35000000000023,0
overtaking,no_sternpass,480,14.694940994359769,1,72.54999999999801,0
overtaking,no_sternpass,481,15.573681527317191,1,32.95000000000025,0
overtaking,no_sternpass,482,15.173257987963005,1,44.09999999999962,0
overtaking,no_sternpass,483,29.123200651576784,1,16.2500000000001,0
overtaking,no_sternpass,484,20.73710073289253,1,38.19999999999995,0
overtaking,no_sternpass,485,35.066569456713545,1,18.650000000000134,0
overtaking,no_sternpass,486,21.162798657015358,1,64.64999999999846,0
overtaking,no_sternpass,487,17.43010264334892,1,26.650000000000247,0
overtaking,no_sternpass,488,11.818923884776137,1,80.59999999999755,0
overtaking,no_sternpass,489,13.759616915683237,1,40.449999999999825,0
overtaking,no_sternpass,490,14.880491106670217,1,35.75000000000009,0
overtaking,no_sternpass,491,14.126468084579614,1,46.84999999999946,0
overtaking,no_sternpass,492,18.337311761338224,1,15.350000000000087,0
overtaking,no_sternpass,493,20.768716314601317,1,16.600000000000104,0
overtaking,no_sternpass,494,24.320319800030383,1,31.850000000000318,0
overtaking,no_sternpass,495,26.826950225428252,1,15.500000000000089,0
overtaking,no_sternpass,496,15.029529198493702,1,34.40000000000017,0
overtaking,no_sternpass,497,40.87696901178508,1,1.800000000000001,0
overtaking,no_sternpass,498,25.838107473190707,1,49.29999999999932,0
overtaking,no_sternpass,499,17.435361900991012,1,65.5499999999984,0
overtaking,no_anticipation,300,10.982974586234036,1,36.250000000000064,0
overtaking,no_anticipation,301,36.02447337733079,1,17.050000000000114,0
overtaking,no_anticipation,302,19.64620911047268,1,40.799999999999805,0
overtaking,no_anticipation,303,9.80571286009502,1,55.34999999999898,0
overtaking,no_anticipation,304,33.236964291739945,1,18.850000000000136,0
overtaking,no_anticipation,305,36.84526534470222,1,16.000000000000096,0
overtaking,no_anticipation,306,31.918622228878526,1,16.850000000000108,0
overtaking,no_anticipation,307,17.10771489916467,1,35.75000000000009,0
overtaking,no_anticipation,308,40.30371940966277,1,63.7999999999985,0
overtaking,no_anticipation,309,28.090997157944425,1,16.150000000000098,0
overtaking,no_anticipation,310,9.973908829953231,1,40.449999999999825,0
overtaking,no_anticipation,311,15.193746403539278,1,34.800000000000146,0
overtaking,no_anticipation,312,15.525300987981169,1,30.3500000000003,0
overtaking,no_anticipation,313,12.43746237575709,1,32.1500000000003,0
overtaking,no_anticipation,314,21.594778670989516,1,56.54999999999891,0
overtaking,no_anticipation,315,13.223739419278774,1,56.799999999998896,0
overtaking,no_anticipation,316,8.747285627809893,1,50.54999999999925,0
overtaking,no_anticipation,317,8.069244682246469,1,98.09999999999656,0
overtaking,no_anticipation,318,10.310622242251368,1,39.049999999999905,0
overtaking,no_anticipation,319,14.138900818482131,1,56.14999999999893,0
overtaking,no_anticipation,320,8.723554673705273,0,90.99999999999696,0
overtaking,no_anticipation,321,22.33925616996661,1,67.99999999999827,0
overtaking,no_anticipation,322,20.653873634566896,1,14.700000000000077,0
overtaking,no_anticipation,323,12.756339608899731,1,27.350000000000257,0
overtaking,no_anticipation,324,11.96002013116125,1,33.400000000000226,0
overtaking,no_anticipation,325,10.84521044969715,1,41.24999999999978,0
overtaking,no_anticipation,326,10.945895773074147,1,55.44999999999897,0
overtaking,no_anticipation,327,14.089779685131562,1,28.050000000000267,0
overtaking,no_anticipation,328,11.642603556038516,1,28.95000000000028,0
overtaking,no_anticipation,329,24.52990898413734,1,15.500000000000089,0
overtaking,no_anticipation,330,18.850078844783972,1,38.54999999999993,0
overtaking,no_anticipation,331,10.934915592039008,1,34.00000000000019,0
overtaking,no_anticipation,332,11.102566082318058,1,70.24999999999814,0
overtaking,no_anticipation,333,12.261388902953012,1,39.199999999999896,0
overtaking,no_anticipation,334,20.861739306842143,1,18.250000000000128,0
overtaking,no_anticipation,335,6.804042814919776,1,79.39999999999762,0
overtaking,no_anticipation,336,26.627860501225083,1,16.100000000000097,0
overtaking,no_anticipation,337,12.114980293213948,0,67.09999999999832,0
overtaking,no_anticipation,338,8.60254883172051,1,52.79999999999912,0
overtaking,no_anticipation,339,18.649024633430816,0,67.3499999999983,0
overtaking,no_anticipation,340,23.904509546100982,1,51.99999999999917,0
overtaking,no_anticipation,341,12.710026472415741,1,35.40000000000011,0
overtaking,no_anticipation,342,9.395496989997758,1,34.90000000000014,0
overtaking,no_anticipation,343,22.74912939419244,1,66.94999999999833,0
overtaking,no_anticipation,344,9.56685562148929,1,50.299999999999265,0
overtaking,no_anticipation,345,25.25019146904228,1,16.850000000000108,0
overtaking,no_anticipation,346,10.730244645166739,1,36.50000000000005,0
overtaking,no_anticipation,347,7.18609220356594,1,79.94999999999759,0
overtaking,no_anticipation,348,13.796285387902756,1,29.65000000000029,0
overtaking,no_anticipation,349,8.89288637654006,1,56.84999999999889,0
overtaking,no_anticipation,350,10.37742189358005,1,31.400000000000315,0
overtaking,no_anticipation,351,17.289548501098515,1,31.70000000000032,0
overtaking,no_anticipation,352,28.41792494951818,1,13.900000000000066,0
overtaking,no_anticipation,353,14.37582993644194,1,57.29999999999887,0
overtaking,no_anticipation,354,10.731418916522891,1,51.99999999999917,0
overtaking,no_anticipation,355,10.062397162678687,1,70.19999999999814,0
overtaking,no_anticipation,356,17.295986912271026,1,32.85000000000026,0
overtaking,no_anticipation,357,38.075266724741155,1,64.74999999999845,0
overtaking,no_anticipation,358,20.552531616093045,1,34.85000000000014,0
overtaking,no_anticipation,359,27.21862450371108,1,60.499999999998685,0
overtaking,no_anticipation,360,21.60261877016512,1,38.849999999999916,0
overtaking,no_anticipation,361,10.106654289201936,1,38.79999999999992,0
overtaking,no_anticipation,362,21.267983862666913,1,15.55000000000009,0
overtaking,no_anticipation,363,20.663307450146302,1,14.250000000000071,0
overtaking,no_anticipation,364,21.955933458756565,1,38.64999999999993,0
overtaking,no_anticipation,365,16.7784614543559,1,14.650000000000077,0
overtaking,no_anticipation,366,8.619410490309185,1,57.24999999999887,0
overtaking,no_anticipation,367,8.889702464915274,1,58.4499999999988,0
overtaking,no_anticipation,368,20.653875888029823,1,16.850000000000108,0
overtaking,no_anticipation,369,11.206450364643338,1,12.500000000000046,0
overtaking,no_anticipation,370,36.61245243446068,1,16.000000000000096,0
overtaking,no_anticipation,371,11.110853089559674,1,68.04999999999826,0
overtaking,no_anticipation,372,12.509278730670118,1,62.54999999999857,0
overtaking,no_anticipation,373,31.28219912049891,1,17.70000000000012,0
overtaking,no_anticipation,374,7.002306238933465,1,79.19999999999763,0
overtaking,no_anticipation,375,30.86655781172041,1,62.29999999999858,0
overtaking,no_anticipation,376,13.429759751758963,1,28.450000000000273,0
overtaking,no_anticipation,377,8.631243896052297,1,49.29999999999932,0
overtaking,no_anticipation,378,9.288109797034029,1,46.84999999999946,0
overtaking,no_anticipation,379,9.310312959317756,1,47.39999999999943,0
overtaking,no_anticipation,380,12.045147516907123,1,37.649999999999984,0
overtaking,no_anticipation,381,18.62671085459573,1,85.39999999999726,0
overtaking,no_anticipation,382,27.543763398363243,1,17.05000000000011,0
overtaking,no_anticipation,383,9.002819461748869,0,36.55000000000005,0
overtaking,no_anticipation,384,14.263097025595732,1,34.15000000000018,0
overtaking,no_anticipation,385,15.133964596017387,1,33.15000000000024,0
overtaking,no_anticipation,386,16.937128679524175,1,31.550000000000317,0
overtaking,no_anticipation,387,25.018170824794502,1,48.349999999999376,0
overtaking,no_anticipation,388,20.093034110394488,1,33.050000000000246,0
overtaking,no_anticipation,389,21.118502737609166,1,15.800000000000093,0
overtaking,no_anticipation,390,15.721431361602544,1,41.89999999999974,0
overtaking,no_anticipation,391,32.40875270069974,1,15.35000000000009,0
overtaking,no_anticipation,392,15.536155767520857,1,34.75000000000015,0
overtaking,no_anticipation,393,12.138435668547697,1,53.04999999999911,0
overtaking,no_anticipation,394,22.30852547384431,1,43.89999999999963,0
overtaking,no_anticipation,395,8.826207640570592,0,49.599999999999305,0
overtaking,no_anticipation,396,18.067511961809725,1,55.44999999999897,0
overtaking,no_anticipation,397,32.7376080452077,1,17.150000000000112,0
overtaking,no_anticipation,398,10.17578197917573,1,36.65000000000004,0
overtaking,no_anticipation,399,18.011813635810487,1,52.54999999999914,0
overtaking,no_anticipation,400,8.65303745819536,1,55.749999999998956,0
overtaking,no_anticipation,401,9.824601373943464,1,43.74999999999964,0
overtaking,no_anticipation,402,12.511195692864947,1,37.94999999999997,0
overtaking,no_anticipation,403,11.817353324504316,1,68.04999999999826,0
overtaking,no_anticipation,404,8.99205103078564,1,55.44999999999897,0
overtaking,no_anticipation,405,8.656241642646824,1,55.84999999999895,0
overtaking,no_anticipation,406,14.8975788016601,1,55.749999999998956,0
overtaking,no_anticipation,407,22.956702774701846,1,17.850000000000122,0
overtaking,no_anticipation,408,12.259326475317945,1,31.400000000000315,0
overtaking,no_anticipation,409,11.811787585488204,1,30.750000000000306,0
overtaking,no_anticipation,410,15.481962071215216,0,67.14999999999831,0
overtaking,no_anticipation,411,9.665468636323906,1,65.49999999999841,0
overtaking,no_anticipation,412,13.944897225521185,1,67.94999999999827,0
overtaking,no_anticipation,413,12.287573982713763,1,29.150000000000283,0
overtaking,no_anticipation,414,23.58021138388898,1,56.39999999999892,0
overtaking,no_anticipation,415,11.58068209202212,1,34.15000000000018,0
overtaking,no_anticipation,416,9.876370808782285,1,45.79999999999952,0
overtaking,no_anticipation,417,20.181831281204342,1,17.500000000000117,0
overtaking,no_anticipation,418,31.020663096889525,1,16.550000000000104,0
overtaking,no_anticipation,419,13.095400644344124,1,30.700000000000305,0
overtaking,no_anticipation,420,8.985983159890285,1,47.09999999999945,0
overtaking,no_anticipation,421,14.330694047052914,1,30.700000000000305,0
overtaking,no_anticipation,422,10.134028307988645,1,44.94999999999957,0
overtaking,no_anticipation,423,9.415837904873715,1,38.849999999999916,0
overtaking,no_anticipation,424,11.136661156730668,1,34.75000000000015,0
overtaking,no_anticipation,425,8.940670035395925,1,47.39999999999943,0
overtaking,no_anticipation,426,8.839490610113032,0,70.79999999999811,0
overtaking,no_anticipation,427,35.09024327198422,1,64.34999999999847,0
overtaking,no_anticipation,428,26.03962705943998,1,52.949999999999115,0
overtaking,no_anticipation,429,15.255064011921354,1,40.04999999999985,0
overtaking,no_anticipation,430,30.792425416682967,1,19.400000000000144,0
overtaking,no_anticipation,431,16.45953533693129,1,39.199999999999896,0
overtaking,no_anticipation,432,18.9684341562684,1,18.250000000000128,0
overtaking,no_anticipation,433,8.711491249307281,0,54.09999999999905,0
overtaking,no_anticipation,434,15.704549976002228,1,67.99999999999827,0
overtaking,no_anticipation,435,24.544011886738254,1,42.549999999999706,0
overtaking,no_anticipation,436,34.29023181569041,1,64.39999999999847,0
overtaking,no_anticipation,437,16.235032393798793,1,43.29999999999966,0
overtaking,no_anticipation,438,29.77107995502377,1,64.39999999999847,0
overtaking,no_anticipation,439,8.620128233157189,1,50.59999999999925,0
overtaking,no_anticipation,440,18.51787746774411,1,51.3999999999992,0
overtaking,no_anticipation,441,11.892120479890245,1,69.54999999999818,0
overtaking,no_anticipation,442,15.632288611598671,1,67.99999999999827,0
overtaking,no_anticipation,443,25.137486336271024,1,18.200000000000127,0
overtaking,no_anticipation,444,9.205793421299648,1,44.74999999999958,0
overtaking,no_anticipation,445,13.421743397522707,1,40.69999999999981,0
overtaking,no_anticipation,446,18.141842552792546,1,15.350000000000087,0
overtaking,no_anticipation,447,8.77484812491691,1,58.69999999999879,0
overtaking,no_anticipation,448,9.204086828603652,1,54.49999999999903,0
overtaking,no_anticipation,449,18.47405457235848,1,67.94999999999827,0
overtaking,no_anticipation,450,10.302327438421974,0,66.99999999999832,0
overtaking,no_anticipation,451,29.641396816926342,1,47.9499999999994,0
overtaking,no_anticipation,452,36.06244411061176,1,17.200000000000113,0
overtaking,no_anticipation,453,9.614261303437727,1,39.99999999999985,0
overtaking,no_anticipation,454,36.25738203517929,1,65.5499999999984,0
overtaking,no_anticipation,455,12.724787584173697,1,32.50000000000028,0
overtaking,no_anticipation,456,12.87560299971864,1,21.750000000000178,0
overtaking,no_anticipation,457,12.685728947384895,1,17.200000000000113,0
overtaking,no_anticipation,458,9.507922729503065,1,55.14999999999899,0
overtaking,no_anticipation,459,12.04082878361093,1,37.54999999999999,0
overtaking,no_anticipation,460,6.883578810973124,1,78.44999999999767,0
overtaking,no_anticipation,461,16.59069053884806,1,26.90000000000025,0
overtaking,no_anticipation,462,14.945947323540501,1,41.04999999999979,0
overtaking,no_anticipation,463,8.724619170392627,0,54.79999999999901,0
overtaking,no_anticipation,464,20.131921475653904,1,67.4499999999983,0
overtaking,no_anticipation,465,31.189287828601966,1,59.04999999999877,0
overtaking,no_anticipation,466,19.924448947229013,1,40.299999999999834,0
overtaking,no_anticipation,467,8.53227549781298,1,71.84999999999805,0
overtaking,no_anticipation,468,10.19092013882231,1,43.04999999999968,0
overtaking,no_anticipation,469,10.504458617800271,1,67.94999999999827,0
overtaking,no_anticipation,470,8.931017961719894,1,48.59999999999936,0
overtaking,no_anticipation,471,15.980496348143177,1,40.24999999999984,0
overtaking,no_anticipation,472,12.903807463145721,1,26.95000000000025,0
overtaking,no_anticipation,473,9.692122886940341,1,49.249999999999325,0
overtaking,no_anticipation,474,11.582513390384772,1,46.49999999999948,0
overtaking,no_anticipation,475,22.10934242903911,1,19.75000000000015,0
overtaking,no_anticipation,476,9.250311727074878,1,42.14999999999973,0
overtaking,no_anticipation,477,12.423034679268511,1,28.500000000000274,0
overtaking,no_anticipation,478,17.766972656684665,1,38.29999999999995,0
overtaking,no_anticipation,479,11.110122742154465,1,31.200000000000312,0
overtaking,no_anticipation,480,13.535779181336068,1,68.09999999999826,0
overtaking,no_anticipation,481,11.746731824297218,1,31.450000000000315,0
overtaking,no_anticipation,482,11.78448989983295,1,42.14999999999973,0
overtaking,no_anticipation,483,29.123200651576784,1,16.2500000000001,0
overtaking,no_anticipation,484,20.73710073289253,1,38.19999999999995,0
overtaking,no_anticipation,485,35.066569456713545,1,18.650000000000134,0
overtaking,no_anticipation,486,21.162798657015358,1,64.64999999999846,0
overtaking,no_anticipation,487,15.542207483407418,1,26.20000000000024,0
overtaking,no_anticipation,488,8.08933926732787,1,77.69999999999771,0
overtaking,no_anticipation,489,9.684515624335287,1,38.54999999999993,0
overtaking,no_anticipation,490,11.459822430107378,1,34.55000000000016,0
overtaking,no_anticipation,491,10.233194497706355,1,44.3499999999996,0
overtaking,no_anticipation,492,17.807674423491555,1,27.000000000000252,0
overtaking,no_anticipation,493,20.768716314601317,1,16.600000000000104,0
overtaking,no_anticipation,494,24.320319800030383,1,31.850000000000318,0
overtaking,no_anticipation,495,26.826950225428252,1,15.500000000000089,0
overtaking,no_anticipation,496,11.095745295777382,1,31.350000000000314,0
overtaking,no_anticipation,497,40.87696901178508,1,1.800000000000001,0
overtaking,no_anticipation,498,25.838107473190707,1,49.29999999999932,0
overtaking,no_anticipation,499,13.430727992687494,1,64.94999999999844,0
overtaking,c3bf,300,19.89685373629435,0,28.25000000000027,0
overtaking,c3bf,301,21.82386802656421,1,35.50000000000011,0
overtaking,c3bf,302,17.864406018917883,1,39.59999999999987,0
overtaking,c3bf,303,15.815408800625256,0,54.549999999999024,0
overtaking,c3bf,304,20.746964665409728,1,34.55000000000016,0
overtaking,c3bf,305,22.524811974101237,1,34.55000000000016,0
overtaking,c3bf,306,11.945453816225797,0,53.69999999999907,0
overtaking,c3bf,307,17.38859151962031,1,36.35000000000006,0
overtaking,c3bf,308,30.15783157287373,1,46.04999999999951,0
overtaking,c3bf,309,12.674984138131697,0,44.74999999999958,0
overtaking,c3bf,310,20.58710643915681,0,28.000000000000266,0
overtaking,c3bf,311,17.374357928235813,0,35.700000000000095,0
overtaking,c3bf,312,17.580114928428877,0,31.70000000000032,0
overtaking,c3bf,313,15.933147366195856,0,34.20000000000018,0
overtaking,c3bf,314,18.490967047154417,1,51.4499999999992,0
overtaking,c3bf,315,13.723634044017535,0,55.749999999998956,0
overtaking,c3bf,316,20.031028765556176,0,29.850000000000293,0
overtaking,c3bf,317,19.081111653324598,0,48.349999999999376,0
overtaking,c3bf,318,20.195899831643565,0,28.550000000000274,0
overtaking,c3bf,319,26.02457515710202,0,57.699999999998845,0
overtaking,c3bf,320,13.882531903431524,0,54.349999999999035,0
overtaking,c3bf,321,14.041424177548697,1,50.44999999999926,0
overtaking,c3bf,322,17.600236358330793,1,20.40000000000016,0
overtaking,c3bf,323,19.20120340301703,0,27.300000000000257,0
overtaking,c3bf,324,19.614138741841227,0,32.30000000000029,0
overtaking,c3bf,325,19.178300987195662,0,40.14999999999984,0
overtaking,c3bf,326,14.2843340029031,1,54.549999999999024,0
overtaking,c3bf,327,18.33205763366232,0,29.500000000000288,0
overtaking,c3bf,328,18.773956083876854,0,23.100000000000197,0
overtaking,c3bf,329,13.684745798006071,0,36.050000000000075,0
overtaking,c3bf,330,17.7340565565329,1,37.74999999999998,0
overtaking,c3bf,331,20.115386637627658,0,24.450000000000216,0
overtaking,c3bf,332,10.476374242371055,1,74.4999999999979,0
overtaking,c3bf,333,18.028334215262618,0,38.94999999999991,0
overtaking,c3bf,334,18.710440089459663,1,36.600000000000044,0
overtaking,c3bf,335,21.549250624271863,0,40.8499999999998,0
overtaking,c3bf,336,18.74995967622447,1,28.000000000000266,0
overtaking,c3bf,337,18.49486874216661,1,68.74999999999822,0
overtaking,c3bf,338,20.896509199978755,0,34.650000000000155,0
overtaking,c3bf,339,26.467680949547223,0,67.59999999999829,0
overtaking,c3bf,340,19.34595915143734,1,45.899999999999515,0
overtaking,c3bf,341,18.828117165144008,0,35.85000000000009,0
overtaking,c3bf,342,23.178901132822215,0,24.500000000000217,0
overtaking,c3bf,343,22.55207632948857,1,62.949999999998546,0
overtaking,c3bf,344,13.330992711325607,1,50.19999999999927,0
overtaking,c3bf,345,18.794939661586355,1,28.400000000000272,0
overtaking,c3bf,346,19.701725966627443,0,27.900000000000265,0
overtaking,c3bf,347,22.112826739356073,0,29.250000000000284,0
overtaking,c3bf,348,18.185396445784832,0,30.750000000000306,0
overtaking,c3bf,349,12.280315037417438,1,56.94999999999889,0
overtaking,c3bf,350,18.808221036300907,0,20.950000000000166,0
overtaking,c3bf,351,16.942698242269486,0,33.50000000000022,0
overtaking,c3bf,352,12.406333807282387,0,39.399999999999885,0
overtaking,c3bf,353,15.66748815392463,1,55.49999999999897,0
overtaking,c3bf,354,15.686028338131841,0,51.4999999999992,0
overtaking,c3bf,355,17.357307479625582,0,61.49999999999863,0
overtaking,c3bf,356,16.918368921203186,0,33.15000000000024,0
overtaking,c3bf,357,27.632015517172107,1,49.49999999999931,0
overtaking,c3bf,358,15.933767161206337,0,36.20000000000007,0
overtaking,c3bf,359,21.180302698702818,1,36.15000000000007,0
overtaking,c3bf,360,18.603710712800343,1,37.89999999999997,0
overtaking,c3bf,361,13.974869646639744,1,38.99999999999991,0
overtaking,c3bf,362,19.093510466254045,1,22.250000000000185,0
overtaking,c3bf,363,19.74021144261122,1,19.300000000000143,0
overtaking,c3bf,364,18.751577536785778,1,38.09999999999996,0
overtaking,c3bf,365,19.177042610325636,1,20.250000000000156,0
overtaking,c3bf,366,20.85476007630333,0,52.29999999999915,0
overtaking,c3bf,367,19.40722070298604,0,25.900000000000237,0
overtaking,c3bf,368,15.533601221311331,0,33.9000000000002,0
overtaking,c3bf,369,17.83799782993905,1,19.80000000000015,0
overtaking,c3bf,370,23.76296225328387,1,28.750000000000277,0
overtaking,c3bf,371,12.822467662189968,1,61.59999999999862,0
overtaking,c3bf,372,21.91878155526278,0,68.79999999999822,0
overtaking,c3bf,373,20.537559911722287,1,32.75000000000026,0
overtaking,c3bf,374,21.697684998877005,0,47.04999999999945,0
overtaking,c3bf,375,21.06505517484331,1,36.55000000000005,0
overtaking,c3bf,376,18.202462499036592,0,29.250000000000284,0
overtaking,c3bf,377,20.059354139664535,0,33.050000000000246,0
overtaking,c3bf,378,12.799832570079952,1,48.64999999999936,0
overtaking,c3bf,379,13.187375094231127,1,45.94999999999951,0
overtaking,c3bf,380,15.015908937093396,1,38.149999999999956,0
overtaking,c3bf,381,18.23525085994338,1,50.89999999999923,0
overtaking,c3bf,382,12.696691180755602,0,45.79999999999952,0
overtaking,c3bf,383,19.935320820834338,0,20.650000000000162,0
overtaking,c3bf,384,15.949674251629517,1,33.8000000000002,0
overtaking,c3bf,385,17.595741551402522,0,34.70000000000015,0
overtaking,c3bf,386,17.707531769316063,1,32.0500000000003,0
overtaking,c3bf,387,19.564135009503467,1,44.04999999999962,0
overtaking,c3bf,388,16.139485839047936,0,34.70000000000015,0
overtaking,c3bf,389,19.495433748285937,1,22.65000000000019,0
overtaking,c3bf,390,16.473890685942333,1,40.14999999999984,0
overtaking,c3bf,391,20.828236009465744,1,26.90000000000025,0
overtaking,c3bf,392,16.787062605904744,1,34.85000000000014,0
overtaking,c3bf,393,15.117687554930345,0,51.4499999999992,0
overtaking,c3bf,394,18.63861998281475,1,41.849999999999746,0
overtaking,c3bf,395,21.76565100001897,0,22.950000000000195,0
overtaking,c3bf,396,17.041373280065176,1,52.54999999999914,0
overtaking,c3bf,397,20.56837296934781,1,30.900000000000308,0
overtaking,c3bf,398,13.734652884777311,1,38.59999999999993,0
overtaking,c3bf,399,17.015625347209845,1,50.04999999999928,0
overtaking,c3bf,400,11.654163063585159,1,59.94999999999872,0
overtaking,c3bf,401,13.437836512022496,1,45.79999999999952,0
overtaking,c3bf,402,15.635700164782687,1,40.04999999999985,0
overtaking,c3bf,403,12.668744863484104,1,61.9999999999986,0
overtaking,c3bf,404,18.38249378611012,0,51.79999999999918,0
overtaking,c3bf,405,11.998169848244617,1,55.69999999999896,0
overtaking,c3bf,406,13.637654979823255,0,55.44999999999897,0
overtaking,c3bf,407,19.38214046334847,1,28.050000000000267,0
overtaking,c3bf,408,19.07128267702935,0,31.300000000000313,0
overtaking,c3bf,409,20.046258499750625,0,30.200000000000298,0
overtaking,c3bf,410,23.38013860956005,1,68.54999999999824,0
overtaking,c3bf,411,11.989904622557596,1,60.349999999998694,0
overtaking,c3bf,412,14.122013229720173,1,70.59999999999812,0
overtaking,c3bf,413,19.19324166522594,0,29.850000000000293,0
overtaking,c3bf,414,19.272820623470782,1,50.44999999999926,0
overtaking,c3bf,415,19.756584757699162,0,33.30000000000023,0
overtaking,c3bf,416,13.65916078570776,1,46.49999999999948,0
overtaking,c3bf,417,19.325318121527705,1,34.50000000000016,0
overtaking,c3bf,418,12.02682019128221,0,50.649999999999245,0
overtaking,c3bf,419,18.571262577020878,0,31.400000000000315,0
overtaking,c3bf,420,20.47839498585777,0,31.500000000000316,0
overtaking,c3bf,421,17.085957111004205,1,32.900000000000254,0
overtaking,c3bf,422,19.48292206868275,0,42.84999999999969,0
overtaking,c3bf,423,18.353561589838932,0,60.74999999999867,0
overtaking,c3bf,424,19.89498265453958,0,26.80000000000025,0
overtaking,c3bf,425,20.605396733769318,0,31.600000000000318,0
overtaking,c3bf,426,15.613168929466417,1,77.14999999999775,0
overtaking,c3bf,427,22.945674829138465,1,39.89999999999986,0
overtaking,c3bf,428,12.65236122801615,0,52.29999999999915,0
overtaking,c3bf,429,16.86181238653467,0,40.04999999999985,0
overtaking,c3bf,430,19.942380070322116,1,32.1500000000003,0
overtaking,c3bf,431,16.922780642311185,1,39.399999999999885,0
overtaking,c3bf,432,15.744107549502045,0,34.300000000000175,0
overtaking,c3bf,433,20.997623134276882,0,37.49999999999999,0
overtaking,c3bf,434,12.20362100841828,0,65.6999999999984,0
overtaking,c3bf,435,19.53779317675083,1,38.54999999999993,0
overtaking,c3bf,436,11.216200418329548,0,87.59999999999715,0
overtaking,c3bf,437,16.695694222128285,1,42.49999999999971,0
overtaking,c3bf,438,21.444558750322965,1,42.6499999999997,0
overtaking,c3bf,439,20.38071496738231,0,34.100000000000186,0
overtaking,c3bf,440,14.065935979111808,0,50.59999999999925,0
overtaking,c3bf,441,15.650557190356329,0,70.39999999999813,0
overtaking,c3bf,442,12.629767903062755,0,61.79999999999861,0
overtaking,c3bf,443,19.663181667447486,1,39.59999999999987,0
overtaking,c3bf,444,19.712801846954694,0,31.400000000000315,0
overtaking,c3bf,445,18.126769254569396,0,41.89999999999974,0
overtaking,c3bf,446,18.82862364657301,1,27.55000000000026,0
overtaking,c3bf,447,12.053721971609553,1,57.74999999999884,0
overtaking,c3bf,448,17.968540158105764,0,51.64999999999919,0
overtaking,c3bf,449,16.11456169483168,0,56.04999999999894,0
overtaking,c3bf,450,10.92203778231538,1,73.59999999999795,0
overtaking,c3bf,451,20.845636394318465,1,30.900000000000308,0
overtaking,c3bf,452,22.681317132778112,1,30.700000000000305,0
overtaking,c3bf,453,22.97014797198952,0,31.400000000000315,0
overtaking,c3bf,454,22.783328075751744,1,44.09999999999962,0
overtaking,c3bf,455,18.64925230723589,0,33.15000000000024,0
overtaking,c3bf,456,18.63719419391639,0,18.35000000000013,0
overtaking,c3bf,457,16.790909220942552,1,18.30000000000013,0
overtaking,c3bf,458,16.809660691969498,0,51.549999999999194,0
overtaking,c3bf,459,15.248804015322378,1,38.99999999999991,0
overtaking,c3bf,460,15.013514048635436,0,71.59999999999806,0
overtaking,c3bf,461,17.798812815573996,1,27.100000000000254,0
overtaking,c3bf,462,16.354491012659786,1,41.699999999999754,0
overtaking,c3bf,463,21.004320407038474,0,37.300000000000004,0
overtaking,c3bf,464,18.789186386874047,1,62.099999999998595,0
overtaking,c3bf,465,20.748996273440586,1,35.80000000000009,0
overtaking,c3bf,466,15.548299468072562,0,40.649999999999814,0
overtaking,c3bf,467,15.321566810760324,0,61.49999999999863,0
overtaking,c3bf,468,13.821217680535565,1,45.14999999999956,0
overtaking,c3bf,469,15.000675511946472,0,62.39999999999858,0
overtaking,c3bf,470,20.816187894814206,0,29.65000000000029,0
overtaking,c3bf,471,16.568661557295165,0,39.79999999999986,0
overtaking,c3bf,472,18.692265464065517,0,27.60000000000026,0
overtaking,c3bf,473,18.81445584831791,0,47.9499999999994,0
overtaking,c3bf,474,17.517001923871458,0,46.49999999999948,0
overtaking,c3bf,475,19.35859793335339,1,31.350000000000314,0
overtaking,c3bf,476,19.544313061989076,0,28.85000000000028,0
overtaking,c3bf,477,19.41560918960704,0,28.700000000000276,0
overtaking,c3bf,478,16.294554321159456,0,38.64999999999993,0
overtaking,c3bf,479,14.62661140772574,1,33.35000000000023,0
overtaking,c3bf,480,10.659509435915552,0,70.9999999999981,0
overtaking,c3bf,481,19.741763720938007,0,25.050000000000225,0
overtaking,c3bf,482,17.90902830439056,0,41.94999999999974,0
overtaking,c3bf,483,21.153966575552566,1,27.300000000000257,0
overtaking,c3bf,484,18.38818860083115,1,37.74999999999998,0
overtaking,c3bf,485,21.694630805440575,1,35.15000000000013,0
overtaking,c3bf,486,10.51451765946671,0,66.24999999999837,0
overtaking,c3bf,487,17.68802770045032,1,26.95000000000025,0
overtaking,c3bf,488,11.745051254679957,1,67.89999999999827,0
overtaking,c3bf,489,18.77112706970261,0,28.25000000000027,0
overtaking,c3bf,490,18.971810252067513,0,26.25000000000024,0
overtaking,c3bf,491,13.712437281862154,1,47.8999999999994,0
overtaking,c3bf,492,18.477270440203423,1,27.60000000000026,0
overtaking,c3bf,493,19.189167185509977,1,25.000000000000224,0
overtaking,c3bf,494,20.104763725332543,1,29.900000000000293,0
overtaking,c3bf,495,20.02594766084836,1,24.450000000000216,0
overtaking,c3bf,496,19.836437331486344,0,22.150000000000183,0
overtaking,c3bf,497,33.153782555372686,1,0.0,0
overtaking,c3bf,498,13.562954648410877,0,46.64999999999947,0
overtaking,c3bf,499,16.953586393471852,1,61.79999999999861,0
overtaking,no_nominal_shaping,300,16.64113937084375,0,19.550000000000278,0
overtaking,no_nominal_shaping,301,14.844739536829618,1,0.0,0
overtaking,no_nominal_shaping,302,12.193661043358702,1,18.90000000000027,0
overtaking,no_nominal_shaping,303,12.328475407219537,0,76.69999999999686,0
overtaking,no_nominal_shaping,304,13.304568179127786,1,8.100000000000115,0
overtaking,no_nominal_shaping,305,17.134286888830662,1,0.0,0
overtaking,no_nominal_shaping,306,13.18672793287486,1,9.80000000000014,0
overtaking,no_nominal_shaping,307,11.857574851220788,1,21.0500000000003,0
overtaking,no_nominal_shaping,308,29.66028432721023,1,0.0,0
overtaking,no_nominal_shaping,309,12.84418830288582,1,12.70000000000018,0
overtaking,no_nominal_shaping,310,18.389114997604906,0,16.050000000000228,0
overtaking,no_nominal_shaping,311,11.718699722584235,1,23.150000000000322,0
overtaking,no_nominal_shaping,312,11.66395250447467,1,19.250000000000266,0
overtaking,no_nominal_shaping,313,9.63081865788334,0,44.0499999999991,0
overtaking,no_nominal_shaping,314,12.543257348434421,1,20.350000000000048,0
overtaking,no_nominal_shaping,315,12.383132207219774,1,28.79999999999952,0
overtaking,no_nominal_shaping,316,18.795735808286146,0,15.45000000000022,0
overtaking,no_nominal_shaping,317,11.537523350249291,0,10.450000000000149,0
overtaking,no_nominal_shaping,318,18.08195879539525,0,19.05000000000027,0
overtaking,no_nominal_shaping,319,20.583949258757503,0,0.0,0
overtaking,no_nominal_shaping,320,10.832330319799693,0,46.09999999999843,0
overtaking,no_nominal_shaping,321,11.15255481364164,1,73.34999999999698,0
overtaking,no_nominal_shaping,322,12.51684451877897,1,13.950000000000177,0
overtaking,no_nominal_shaping,323,10.670571777658454,1,44.899999999999245,0
overtaking,no_nominal_shaping,324,17.84219572608399,0,17.200000000000244,0
overtaking,no_nominal_shaping,325,17.946136272293177,0,14.1000000000002,0
overtaking,no_nominal_shaping,326,11.431148208104208,0,75.64999999999691,0
overtaking,no_nominal_shaping,327,11.561441574998302,1,18.900000000000247,0
overtaking,no_nominal_shaping,328,11.160580144314432,1,25.900000000000276,0
overtaking,no_nominal_shaping,329,12.678618457383779,1,12.65000000000018,0
overtaking,no_nominal_shaping,330,12.14699301142237,1,18.35000000000026,0
overtaking,no_nominal_shaping,331,17.918764054111662,0,17.100000000000243,0
overtaking,no_nominal_shaping,332,13.00019799586152,1,41.44999999999831,0
overtaking,no_nominal_shaping,333,11.687783945967308,1,44.649999999999004,0
overtaking,no_nominal_shaping,334,11.962599104227952,1,20.550000000000292,0
overtaking,no_nominal_shaping,335,19.409337967649478,0,11.999999999999975,0
overtaking,no_nominal_shaping,336,12.74353886148765,1,14.75000000000021,0
overtaking,no_nominal_shaping,337,18.594308026936524,0,16.849999999999042,0
overtaking,no_nominal_shaping,338,18.67090364714078,0,16.000000000000227,0
overtaking,no_nominal_shaping,339,18.59257687964418,0,16.099999999999085,0
overtaking,no_nominal_shaping,340,12.7194144358839,1,14.600000000000207,0
overtaking,no_nominal_shaping,341,11.521972768433839,1,30.649999999999874,0
overtaking,no_nominal_shaping,342,20.00407732682176,0,0.0,0
overtaking,no_nominal_shaping,343,13.242035902160147,1,9.84999999999944,0
overtaking,no_nominal_shaping,344,17.40820395546176,0,16.650000000000237,0
overtaking,no_nominal_shaping,345,12.56209861747771,1,16.050000000000228,0
overtaking,no_nominal_shaping,346,16.768379961974308,0,17.050000000000242,0
overtaking,no_nominal_shaping,347,19.466653289066045,0,10.200000000000145,0
overtaking,no_nominal_shaping,348,11.425022994468636,1,22.0000000000003,0
overtaking,no_nominal_shaping,349,17.028088074093112,0,57.74999999999793,0
overtaking,no_nominal_shaping,350,17.636816332700775,0,16.600000000000215,0
overtaking,no_nominal_shaping,351,11.941936770932955,1,17.300000000000246,0
overtaking,no_nominal_shaping,352,13.229212432005307,1,9.400000000000134,0
overtaking,no_nominal_shaping,353,12.349543591981698,0,74.24999999999696,0
overtaking,no_nominal_shaping,354,11.662122486077529,0,79.54999999999676,0
overtaking,no_nominal_shaping,355,18.51684280823121,0,55.94999999999765,0
overtaking,no_nominal_shaping,356,11.585110677329133,1,23.850000000000335,0
overtaking,no_nominal_shaping,357,24.199875230251816,1,0.0,0
overtaking,no_nominal_shaping,358,12.068883275614391,1,17.450000000000248,0
overtaking,no_nominal_shaping,359,13.024650549637965,1,12.00000000000017,0
overtaking,no_nominal_shaping,360,12.14402435105309,1,18.750000000000266,0
overtaking,no_nominal_shaping,361,15.816761004900485,1,18.650000000000265,0
overtaking,no_nominal_shaping,362,12.32895902416892,1,14.050000000000193,0
overtaking,no_nominal_shaping,363,12.704593676466432,1,11.700000000000141,0
overtaking,no_nominal_shaping,364,12.091969762418698,1,19.60000000000028,0
overtaking,no_nominal_shaping,365,11.845618734607648,1,15.000000000000172,0
overtaking,no_nominal_shaping,366,18.77230686491548,0,15.250000000000217,0
overtaking,no_nominal_shaping,367,18.716849269760463,0,15.850000000000225,0
overtaking,no_nominal_shaping,368,12.03341220162483,1,17.050000000000242,0
overtaking,no_nominal_shaping,369,10.924171054913906,1,17.000000000000163,0
overtaking,no_nominal_shaping,370,20.77512013706677,1,0.0,0
overtaking,no_nominal_shaping,371,11.89182092379588,0,61.39999999999735,0
overtaking,no_nominal_shaping,372,19.137363718501234,0,32.49999999999816,0
overtaking,no_nominal_shaping,373,13.071247761634032,1,10.950000000000156,0
overtaking,no_nominal_shaping,374,19.303178527295962,0,12.699999999999896,0
overtaking,no_nominal_shaping,375,13.24018618746478,1,9.350000000000133,0
overtaking,no_nominal_shaping,376,11.211101163423601,1,23.700000000000315,0
overtaking,no_nominal_shaping,377,18.683488173320814,0,16.700000000000237,0
overtaking,no_nominal_shaping,378,18.42159908254068,0,17.400000000000247,0
overtaking,no_nominal_shaping,379,17.06432314412557,0,14.400000000000205,0
overtaking,no_nominal_shaping,380,11.594433157385154,1,34.7499999999996,0
overtaking,no_nominal_shaping,381,12.365758842072022,1,56.39999999999791,0
overtaking,no_nominal_shaping,382,12.710555891898174,1,15.200000000000216,0
overtaking,no_nominal_shaping,383,18.657472894454315,0,13.550000000000193,0
overtaking,no_nominal_shaping,384,11.863048757567917,1,19.70000000000028,0
overtaking,no_nominal_shaping,385,11.791998775478909,1,20.050000000000285,0
overtaking,no_nominal_shaping,386,11.869698320844666,1,17.800000000000253,0
overtaking,no_nominal_shaping,387,12.524989978788039,1,16.750000000000238,0
overtaking,no_nominal_shaping,388,12.052746329953997,1,16.750000000000238,0
overtaking,no_nominal_shaping,389,12.279777178529292,1,14.200000000000198,0
overtaking,no_nominal_shaping,390,12.242508100180274,1,18.450000000000262,0
overtaking,no_nominal_shaping,391,13.625164601616882,1,6.3000000000000895,0
overtaking,no_nominal_shaping,392,11.925723681166241,1,19.05000000000027,0
overtaking,no_nominal_shaping,393,11.191227034941438,0,79.84999999999673,0
overtaking,no_nominal_shaping,394,12.297608645529651,1,19.00000000000027,0
overtaking,no_nominal_shaping,395,19.220328026970247,0,10.55000000000015,0
overtaking,no_nominal_shaping,396,12.44063917873731,1,23.74999999999988,0
overtaking,no_nominal_shaping,397,13.404540621769874,1,6.000000000000085,0
overtaking,no_nominal_shaping,398,17.906113590716583,0,20.50000000000029,0
overtaking,no_nominal_shaping,399,12.381122427480614,1,23.14999999999996,0
overtaking,no_nominal_shaping,400,18.822099040401863,0,15.400000000000219,0
overtaking,no_nominal_shaping,401,18.158110938943288,0,13.150000000000187,0
overtaking,no_nominal_shaping,402,11.6504859416209,1,37.54999999999944,0
overtaking,no_nominal_shaping,403,11.902319932258655,0,63.24999999999731,0
overtaking,no_nominal_shaping,404,17.007128120646193,0,59.44999999999787,0
overtaking,no_nominal_shaping,405,18.73647578007191,0,12.600000000000179,0
overtaking,no_nominal_shaping,406,12.4156766453385,1,24.19999999999979,0
overtaking,no_nominal_shaping,407,12.241089728491,1,18.100000000000257,0
overtaking,no_nominal_shaping,408,11.145539042133834,1,44.249999999999204,0
overtaking,no_nominal_shaping,409,17.45458893706867,0,18.850000000000257,0
overtaking,no_nominal_shaping,410,17.610178730458713,1,15.29999999999913,0
overtaking,no_nominal_shaping,411,17.89633915001242,0,14.450000000000205,0
overtaking,no_nominal_shaping,412,12.598016230817224,1,40.44999999999796,0
overtaking,no_nominal_shaping,413,11.179030861820264,1,25.900000000000283,0
overtaking,no_nominal_shaping,414,12.585773175505738,1,18.900000000000123,0
overtaking,no_nominal_shaping,415,17.735993186176884,0,19.350000000000275,0
overtaking,no_nominal_shaping,416,17.338537781789743,0,16.000000000000227,0
overtaking,no_nominal_shaping,417,11.942414066656493,1,19.400000000000276,0
overtaking,no_nominal_shaping,418,13.14409967844808,1,10.200000000000145,0
overtaking,no_nominal_shaping,419,11.303537293102494,1,25.950000000000248,0
overtaking,no_nominal_shaping,420,18.668540711279533,0,15.950000000000227,0
overtaking,no_nominal_shaping,421,11.321885221534775,1,26.250000000000234,0
overtaking,no_nominal_shaping,422,18.238285018474606,0,14.200000000000202,0
overtaking,no_nominal_shaping,423,20.28803087356657,0,0.0,0
overtaking,no_nominal_shaping,424,17.056998068556236,0,16.25000000000023,0
overtaking,no_nominal_shaping,425,18.712917237660406,0,15.550000000000221,0
overtaking,no_nominal_shaping,426,16.7608345933637,1,25.799999999999084,0
overtaking,no_nominal_shaping,427,18.466929482291278,1,0.0,0
overtaking,no_nominal_shaping,428,12.779459929551402,1,14.150000000000201,0
overtaking,no_nominal_shaping,429,11.859660658822195,1,28.749999999999893,0
overtaking,no_nominal_shaping,430,13.05592161951195,1,11.400000000000162,0
overtaking,no_nominal_shaping,431,11.968502253678492,1,22.450000000000262,0
overtaking,no_nominal_shaping,432,11.807138959496587,1,22.350000000000318,0
overtaking,no_nominal_shaping,433,19.24120881777984,0,13.450000000000152,0
overtaking,no_nominal_shaping,434,12.669281140860868,1,21.699999999999577,0
overtaking,no_nominal_shaping,435,12.750050295423923,1,12.950000000000184,0
overtaking,no_nominal_shaping,436,15.584367542951652,1,14.199999999999903,0
overtaking,no_nominal_shaping,437,12.139021585021903,1,21.70000000000019,0
overtaking,no_nominal_shaping,438,13.487018064402248,1,0.0,0
overtaking,no_nominal_shaping,439,18.74755900486392,0,16.050000000000228,0
overtaking,no_nominal_shaping,440,12.37907513887353,1,21.900000000000038,0
overtaking,no_nominal_shaping,441,13.615517666782385,1,35.799999999998164,0
overtaking,no_nominal_shaping,442,11.721966891913898,0,66.94999999999722,0
overtaking,no_nominal_shaping,443,12.384249510741231,1,16.85000000000024,0
overtaking,no_nominal_shaping,444,18.39423887493085,0,19.10000000000027,0
overtaking,no_nominal_shaping,445,11.860641411370402,1,26.49999999999998,0
overtaking,no_nominal_shaping,446,11.886441391561261,1,15.650000000000194,0
overtaking,no_nominal_shaping,447,18.545618188329218,0,53.79999999999812,0
overtaking,no_nominal_shaping,448,17.74196603870122,0,63.29999999999766,0
overtaking,no_nominal_shaping,449,17.044208772686694,1,28.099999999999586,0
overtaking,no_nominal_shaping,450,18.37101412094736,0,10.900000000000006,0
overtaking,no_nominal_shaping,451,12.945141159508328,1,11.700000000000166,0
overtaking,no_nominal_shaping,452,18.43836112954438,1,0.0,0
overtaking,no_nominal_shaping,453,19.75237624108696,0,0.0,0
overtaking,no_nominal_shaping,454,17.548946886458157,1,0.0,0
overtaking,no_nominal_shaping,455,11.402723787810013,1,28.30000000000009,0
overtaking,no_nominal_shaping,456,11.374613011626622,1,16.650000000000173,0
overtaking,no_nominal_shaping,457,11.753136744896064,1,19.20000000000019,0
overtaking,no_nominal_shaping,458,13.507415662740405,0,69.54999999999728,0
overtaking,no_nominal_shaping,459,11.59365738361944,1,37.84999999999943,0
overtaking,no_nominal_shaping,460,17.441070514779693,1,23.699999999998912,0
overtaking,no_nominal_shaping,461,12.315034804966954,1,13.900000000000176,0
overtaking,no_nominal_shaping,462,11.93646923488233,1,26.15000000000001,0
overtaking,no_nominal_shaping,463,19.22865049012212,0,13.500000000000167,0
overtaking,no_nominal_shaping,464,12.958136198906178,1,16.999999999999474,0
overtaking,no_nominal_shaping,465,13.107723404982995,1,10.900000000000155,0
overtaking,no_nominal_shaping,466,12.061571663337412,1,21.5500000000003,0
overtaking,no_nominal_shaping,467,17.9678508155421,1,61.34999999999745,0
overtaking,no_nominal_shaping,468,17.912882234660657,0,14.1000000000002,0
overtaking,no_nominal_shaping,469,18.048993854181763,0,16.900000000000087,0
overtaking,no_nominal_shaping,470,18.826093201567513,0,14.300000000000203,0
overtaking,no_nominal_shaping,471,11.879236373210155,1,29.94999999999984,0
overtaking,no_nominal_shaping,472,11.002619558349702,1,24.80000000000032,0
overtaking,no_nominal_shaping,473,17.318388168775893,0,17.350000000000247,0
overtaking,no_nominal_shaping,474,11.447344942084861,1,84.74999999999658,0
overtaking,no_nominal_shaping,475,12.19140639835309,1,24.550000000000097,0
overtaking,no_nominal_shaping,476,18.388577740250046,0,17.70000000000025,0
overtaking,no_nominal_shaping,477,10.880188783211091,1,33.399999999999864,0
overtaking,no_nominal_shaping,478,11.92165510728247,1,22.95000000000027,0
overtaking,no_nominal_shaping,479,17.300623465386877,0,13.100000000000177,0
overtaking,no_nominal_shaping,480,12.39011085678316,1,38.4999999999983,0
overtaking,no_nominal_shaping,481,11.112247294437744,1,42.74999999999928,0
overtaking,no_nominal_shaping,482,11.352361713971513,0,95.49999999999605,0
overtaking,no_nominal_shaping,483,13.140199647916827,1,10.200000000000145,0
overtaking,no_nominal_shaping,484,12.056119110056782,1,19.60000000000028,0
overtaking,no_nominal_shaping,485,15.70227484677463,1,0.0,0
overtaking,no_nominal_shaping,486,12.948530654412066,1,15.899999999999821,0
overtaking,no_nominal_shaping,487,11.86527045866095,1,15.750000000000192,0
overtaking,no_nominal_shaping,488,18.1699301224638,0,18.84999999999985,0
overtaking,no_nominal_shaping,489,17.046843403803063,0,13.050000000000185,0
overtaking,no_nominal_shaping,490,11.402968486084378,1,34.49999999999968,0
overtaking,no_nominal_shaping,491,18.22687218328925,0,15.50000000000022,0
overtaking,no_nominal_shaping,492,11.912929992575018,1,15.550000000000193,0
overtaking,no_nominal_shaping,493,12.08987643381654,1,16.700000000000237,0
overtaking,no_nominal_shaping,494,13.220843911339255,1,10.150000000000144,0
overtaking,no_nominal_shaping,495,12.942930059785526,1,11.100000000000158,0
overtaking,no_nominal_shaping,496,17.768996971162508,0,16.25000000000022,0
overtaking,no_nominal_shaping,497,33.153782555372686,1,0.0,0
overtaking,no_nominal_shaping,498,12.45071799609002,1,19.05000000000026,0
overtaking,no_nominal_shaping,499,12.863617007985725,1,18.149999999999615,0
overtaking,no_nominal_shaping_no_direction,300,14.940627364600054,0,21.400000000000304,0
overtaking,no_nominal_shaping_no_direction,301,16.372177817177672,1,0.0,0
overtaking,no_nominal_shaping_no_direction,302,15.069577211565221,1,25.650000000000144,0
overtaking,no_nominal_shaping_no_direction,303,13.735987844027147,0,71.54999999999725,0
overtaking,no_nominal_shaping_no_direction,304,15.995172522647545,1,17.050000000000114,0
overtaking,no_nominal_shaping_no_direction,305,17.134286888830662,1,0.0,0
overtaking,no_nominal_shaping_no_direction,306,15.835631145692838,1,17.300000000000246,0
overtaking,no_nominal_shaping_no_direction,307,14.68219778210526,1,30.699999999999946,0
overtaking,no_nominal_shaping_no_direction,308,29.66028432721023,1,0.0,0
overtaking,no_nominal_shaping_no_direction,309,15.449259258554283,1,18.550000000000264,0
overtaking,no_nominal_shaping_no_direction,310,15.477634158829495,0,16.700000000000237,0
overtaking,no_nominal_shaping_no_direction,311,14.613334773755042,0,33.19999999999982,0
overtaking,no_nominal_shaping_no_direction,312,14.278572101685176,1,26.550000000000264,0
overtaking,no_nominal_shaping_no_direction,313,15.631921430275366,1,21.25000000000027,0
overtaking,no_nominal_shaping_no_direction,314,15.571254718526419,1,29.199999999999687,0
overtaking,no_nominal_shaping_no_direction,315,12.217277495938406,0,74.29999999999707,0
overtaking,no_nominal_shaping_no_direction,316,15.753846724306648,0,17.350000000000247,0
overtaking,no_nominal_shaping_no_direction,317,16.570376225804836,0,26.799999999999937,0
overtaking,no_nominal_shaping_no_direction,318,15.235208302754142,0,19.200000000000273,0
overtaking,no_nominal_shaping_no_direction,319,20.583949258757503,0,0.0,0
overtaking,no_nominal_shaping_no_direction,320,12.525539834153886,1,76.5999999999971,0
overtaking,no_nominal_shaping_no_direction,321,15.583903552555082,0,78.04999999999687,0
overtaking,no_nominal_shaping_no_direction,322,14.373662411462893,1,17.950000000000212,0
overtaking,no_nominal_shaping_no_direction,323,14.696757631374812,0,16.450000000000195,0
overtaking,no_nominal_shaping_no_direction,324,15.16366688270668,0,16.550000000000235,0
overtaking,no_nominal_shaping_no_direction,325,15.285847978420023,0,20.900000000000297,0
overtaking,no_nominal_shaping_no_direction,326,16.590162223560082,0,66.54999999999754,0
overtaking,no_nominal_shaping_no_direction,327,14.112065641899276,1,25.85000000000033,0
overtaking,no_nominal_shaping_no_direction,328,14.197207588657637,0,21.95000000000028,0
overtaking,no_nominal_shaping_no_direction,329,15.002134897555566,1,17.100000000000236,0
overtaking,no_nominal_shaping_no_direction,330,14.982055757776912,1,24.650000000000244,0
overtaking,no_nominal_shaping_no_direction,331,15.129621623647228,0,16.650000000000237,0
overtaking,no_nominal_shaping_no_direction,332,18.41456807537585,1,40.949999999998525,0
overtaking,no_nominal_shaping_no_direction,333,15.08724564551574,0,23.550000000000257,0
overtaking,no_nominal_shaping_no_direction,334,14.721011955575966,1,29.20000000000003,0
overtaking,no_nominal_shaping_no_direction,335,16.417493094773235,0,11.949999999999733,0
overtaking,no_nominal_shaping_no_direction,336,15.357769703523898,1,20.50000000000029,0
overtaking,no_nominal_shaping_no_direction,337,18.596505035342215,0,29.249999999998387,0
overtaking,no_nominal_shaping_no_direction,338,15.737078796100295,0,20.850000000000108,0
overtaking,no_nominal_shaping_no_direction,339,19.7597763583848,0,16.34999999999907,0
overtaking,no_nominal_shaping_no_direction,340,15.569938848440412,1,21.200000000000177,0
overtaking,no_nominal_shaping_no_direction,341,14.741068101624231,0,25.150000000000258,0
overtaking,no_nominal_shaping_no_direction,342,19.70316067118623,0,0.0,0
overtaking,no_nominal_shaping_no_direction,343,16.23977222012358,1,24.89999999999883,0
overtaking,no_nominal_shaping_no_direction,344,15.482177677237676,0,28.0999999999998,0
overtaking,no_nominal_shaping_no_direction,345,15.198525957617447,1,21.650000000000308,0
overtaking,no_nominal_shaping_no_direction,346,14.94275909619863,0,21.450000000000305,0
overtaking,no_nominal_shaping_no_direction,347,16.91546196324111,0,0.0,0
overtaking,no_nominal_shaping_no_direction,348,14.26118091789026,0,24.50000000000032,0
overtaking,no_nominal_shaping_no_direction,349,15.696079185015147,0,24.599999999999856,0
overtaking,no_nominal_shaping_no_direction,350,14.826172401641172,0,15.8500000000002,0
overtaking,no_nominal_shaping_no_direction,351,14.589190442322227,1,22.300000000000296,0
overtaking,no_nominal_shaping_no_direction,352,15.391035482818268,1,15.000000000000213,0
overtaking,no_nominal_shaping_no_direction,353,13.944359239106197,1,72.94999999999716,0
overtaking,no_nominal_shaping_no_direction,354,12.601658927177244,1,83.49999999999662,0
overtaking,no_nominal_shaping_no_direction,355,15.987889059479153,0,30.099999999999135,0
overtaking,no_nominal_shaping_no_direction,356,14.618024332549405,0,24.500000000000338,0
overtaking,no_nominal_shaping_no_direction,357,24.199875230251816,1,0.0,0
overtaking,no_nominal_shaping_no_direction,358,14.75512279143233,1,22.85000000000032,0
overtaking,no_nominal_shaping_no_direction,359,15.851502951743797,1,19.850000000000065,0
overtaking,no_nominal_shaping_no_direction,360,14.944646247883234,1,25.25000000000021,0
overtaking,no_nominal_shaping_no_direction,361,15.00636922652651,0,24.75000000000022,0
overtaking,no_nominal_shaping_no_direction,362,14.593338335970563,1,18.050000000000228,0
overtaking,no_nominal_shaping_no_direction,363,14.72984489018827,1,15.000000000000165,0
overtaking,no_nominal_shaping_no_direction,364,14.89171139388543,1,26.800000000000125,0
overtaking,no_nominal_shaping_no_direction,365,13.92915852510339,1,18.70000000000021,0
overtaking,no_nominal_shaping_no_direction,366,15.835818143617,0,20.999999999999993,0
overtaking,no_nominal_shaping_no_direction,367,15.634196686190698,0,16.550000000000235,0
overtaking,no_nominal_shaping_no_direction,368,14.590499687075722,1,22.1000000000003,0
overtaking,no_nominal_shaping_no_direction,369,13.938069732247325,0,17.800000000000168,0
overtaking,no_nominal_shaping_no_direction,370,20.77512013706677,1,0.0,0
overtaking,no_nominal_shaping_no_direction,371,16.25634055748307,1,49.19999999999824,0
overtaking,no_nominal_shaping_no_direction,372,16.953092089012955,0,27.39999999999845,0
overtaking,no_nominal_shaping_no_direction,373,15.76959588734305,1,18.100000000000257,0
overtaking,no_nominal_shaping_no_direction,374,16.261037433933822,0,18.8999999999994,0
overtaking,no_nominal_shaping_no_direction,375,15.968604516861088,1,17.600000000000087,0
overtaking,no_nominal_shaping_no_direction,376,14.369877932378264,0,20.400000000000254,0
overtaking,no_nominal_shaping_no_direction,377,15.699591906789596,0,19.90000000000022,0
overtaking,no_nominal_shaping_no_direction,378,15.519702293711699,0,21.35000000000023,0
overtaking,no_nominal_shaping_no_direction,379,15.414913808976145,0,27.14999999999992,0
overtaking,no_nominal_shaping_no_direction,380,14.86179120492215,0,28.150000000000055,0
overtaking,no_nominal_shaping_no_direction,381,15.515802879346875,1,58.59999999999816,0
overtaking,no_nominal_shaping_no_direction,382,15.466206623181833,1,21.45000000000026,0
overtaking,no_nominal_shaping_no_direction,383,15.880698183803228,0,11.95000000000017,0
overtaking,no_nominal_shaping_no_direction,384,13.970197916158615,1,48.699999999998944,0
overtaking,no_nominal_shaping_no_direction,385,14.577258427391136,1,27.650000000000166,0
overtaking,no_nominal_shaping_no_direction,386,14.513934057065013,1,23.05000000000031,0
overtaking,no_nominal_shaping_no_direction,387,15.39131531432839,1,23.300000000000146,0
overtaking,no_nominal_shaping_no_direction,388,14.673627690759917,1,21.700000000000294,0
overtaking,no_nominal_shaping_no_direction,389,14.601149829112762,1,18.10000000000023,0
overtaking,no_nominal_shaping_no_direction,390,13.946950793028561,1,49.59999999999873,0
overtaking,no_nominal_shaping_no_direction,391,15.871866278650188,1,13.050000000000185,0
overtaking,no_nominal_shaping_no_direction,392,14.740611439599903,1,46.099999999999085,0
overtaking,no_nominal_shaping_no_direction,393,14.74955645971951,0,77.04999999999697,0
overtaking,no_nominal_shaping_no_direction,394,15.186450051387732,1,26.000000000000078,0
overtaking,no_nominal_shaping_no_direction,395,16.562715592086377,0,0.0,0
overtaking,no_nominal_shaping_no_direction,396,14.599944574433191,1,61.09999999999789,0
overtaking,no_nominal_shaping_no_direction,397,15.977759364156514,1,15.300000000000217,0
overtaking,no_nominal_shaping_no_direction,398,15.058066599890623,0,19.65000000000028,0
overtaking,no_nominal_shaping_no_direction,399,13.522572395678507,1,61.89999999999789,0
overtaking,no_nominal_shaping_no_direction,400,15.86249724434678,0,20.849999999999987,0
overtaking,no_nominal_shaping_no_direction,401,15.354003323679967,0,21.750000000000263,0
overtaking,no_nominal_shaping_no_direction,402,14.978803434773216,0,24.600000000000236,0
overtaking,no_nominal_shaping_no_direction,403,16.66772941359553,1,49.09999999999829,0
overtaking,no_nominal_shaping_no_direction,404,15.670150977091046,0,24.799999999999876,0
overtaking,no_nominal_shaping_no_direction,405,15.809436812113132,0,23.4999999999999,0
overtaking,no_nominal_shaping_no_direction,406,12.08454683391077,1,70.79999999999728,0
overtaking,no_nominal_shaping_no_direction,407,14.935913306144577,1,24.100000000000275,0
overtaking,no_nominal_shaping_no_direction,408,14.786102735119728,0,18.75000000000025,0
overtaking,no_nominal_shaping_no_direction,409,14.865237404756957,0,17.10000000000022,0
overtaking,no_nominal_shaping_no_direction,410,19.92794762473472,0,28.94999999999836,0
overtaking,no_nominal_shaping_no_direction,411,15.812951330698677,0,35.29999999999912,0
overtaking,no_nominal_shaping_no_direction,412,16.710751912688256,1,43.19999999999808,0
overtaking,no_nominal_shaping_no_direction,413,14.327470397654318,0,21.20000000000027,0
overtaking,no_nominal_shaping_no_direction,414,15.572346725686003,1,26.949999999999815,0
overtaking,no_nominal_shaping_no_direction,415,15.047352374476,0,18.000000000000256,0
overtaking,no_nominal_shaping_no_direction,416,15.354549701337476,0,25.800000000000015,0
overtaking,no_nominal_shaping_no_direction,417,14.581234517900043,1,26.65000000000021,0
overtaking,no_nominal_shaping_no_direction,418,15.769743366652236,1,17.50000000000025,0
overtaking,no_nominal_shaping_no_direction,419,14.481555285565067,0,21.650000000000286,0
overtaking,no_nominal_shaping_no_direction,420,15.68381365897481,0,17.950000000000255,0
overtaking,no_nominal_shaping_no_direction,421,14.602715078256676,0,20.650000000000272,0
overtaking,no_nominal_shaping_no_direction,422,15.442966580690795,0,21.100000000000268,0
overtaking,no_nominal_shaping_no_direction,423,20.28803087356657,0,0.0,0
overtaking,no_nominal_shaping_no_direction,424,14.891188424220356,0,20.050000000000285,0
overtaking,no_nominal_shaping_no_direction,425,15.719734894804473,0,17.350000000000247,0
overtaking,no_nominal_shaping_no_direction,426,18.584761485253807,0,45.14999999999816,0
overtaking,no_nominal_shaping_no_direction,427,18.466929482291278,1,0.0,0
overtaking,no_nominal_shaping_no_direction,428,15.613366424441205,1,20.950000000000177,0
overtaking,no_nominal_shaping_no_direction,429,14.984082510670866,0,31.349999999999817,0
overtaking,no_nominal_shaping_no_direction,430,15.779107007192279,1,19.050000000000228,0
overtaking,no_nominal_shaping_no_direction,431,14.549060561032297,1,56.69999999999841,0
overtaking,no_nominal_shaping_no_direction,432,14.645212221268741,0,30.49999999999997,0
overtaking,no_nominal_shaping_no_direction,433,16.184536965271995,0,15.699999999999907,0
overtaking,no_nominal_shaping_no_direction,434,12.421370078356599,0,61.799999999997524,0
overtaking,no_nominal_shaping_no_direction,435,15.421028134766292,1,18.20000000000026,0
overtaking,no_nominal_shaping_no_direction,436,17.444619222886573,1,16.749999999999897,0
overtaking,no_nominal_shaping_no_direction,437,13.9921603696135,1,56.49999999999833,0
overtaking,no_nominal_shaping_no_direction,438,16.238013513662462,1,16.49999999999967,0
overtaking,no_nominal_shaping_no_direction,439,15.757723522359276,0,19.200000000000202,0
overtaking,no_nominal_shaping_no_direction,440,14.04353411595855,1,58.64999999999809,0
overtaking,no_nominal_shaping_no_direction,441,18.199154127992504,1,39.99999999999817,0
overtaking,no_nominal_shaping_no_direction,442,17.07615704475981,1,56.29999999999795,0
overtaking,no_nominal_shaping_no_direction,443,15.16453985947768,1,22.70000000000029,0
overtaking,no_nominal_shaping_no_direction,444,15.450844701475237,0,21.15000000000028,0
overtaking,no_nominal_shaping_no_direction,445,14.928886890871864,0,60.099999999998175,0
overtaking,no_nominal_shaping_no_direction,446,14.203925499815103,1,19.45000000000023,0
overtaking,no_nominal_shaping_no_direction,447,15.75841916730579,0,24.049999999999848,0
overtaking,no_nominal_shaping_no_direction,448,15.435275396915285,0,47.5999999999986,0
overtaking,no_nominal_shaping_no_direction,449,15.20871094717663,0,62.14999999999774,0
overtaking,no_nominal_shaping_no_direction,450,15.839210705239019,0,48.79999999999799,0
overtaking,no_nominal_shaping_no_direction,451,15.608523171808109,1,17.900000000000254,0
overtaking,no_nominal_shaping_no_direction,452,18.43836112954438,1,0.0,0
overtaking,no_nominal_shaping_no_direction,453,18.852351079038844,0,0.0,0
overtaking,no_nominal_shaping_no_direction,454,17.548946886458157,1,0.0,0
overtaking,no_nominal_shaping_no_direction,455,14.597684588682304,0,23.200000000000315,0
overtaking,no_nominal_shaping_no_direction,456,13.336661821265315,0,19.550000000000203,0
overtaking,no_nominal_shaping_no_direction,457,12.536691119004916,0,21.750000000000217,0
overtaking,no_nominal_shaping_no_direction,458,15.682879071463509,0,23.599999999999905,0
overtaking,no_nominal_shaping_no_direction,459,14.915921710488673,0,25.550000000000203,0
overtaking,no_nominal_shaping_no_direction,460,19.243252926361535,0,36.14999999999837,0
overtaking,no_nominal_shaping_no_direction,461,14.729923507423035,1,17.0500000000002,0
overtaking,no_nominal_shaping_no_direction,462,14.984645051450514,0,45.54999999999899,0
overtaking,no_nominal_shaping_no_direction,463,16.161291905664033,0,15.899999999999917,0
overtaking,no_nominal_shaping_no_direction,464,16.049101751244915,1,30.14999999999906,0
overtaking,no_nominal_shaping_no_direction,465,15.877900299453154,1,18.90000000000012,0
overtaking,no_nominal_shaping_no_direction,466,14.95911338379975,1,31.14999999999984,0
overtaking,no_nominal_shaping_no_direction,467,15.89588223644342,0,29.499999999999275,0
overtaking,no_nominal_shaping_no_direction,468,15.312007594995238,0,22.600000000000247,0
overtaking,no_nominal_shaping_no_direction,469,15.54676841002923,0,60.69999999999768,0
overtaking,no_nominal_shaping_no_direction,470,15.807589799647168,0,15.200000000000216,0
overtaking,no_nominal_shaping_no_direction,471,15.021062666130808,0,29.899999999999906,0
overtaking,no_nominal_shaping_no_direction,472,14.305205755726632,0,19.050000000000225,0
overtaking,no_nominal_shaping_no_direction,473,15.453638827174542,0,27.94999999999983,0
overtaking,no_nominal_shaping_no_direction,474,15.29818750326001,0,34.14999999999954,0
overtaking,no_nominal_shaping_no_direction,475,15.099967236291516,1,40.29999999999926,0
overtaking,no_nominal_shaping_no_direction,476,15.422012882374279,0,18.90000000000027,0
overtaking,no_nominal_shaping_no_direction,477,14.55064939113209,0,17.900000000000222,0
overtaking,no_nominal_shaping_no_direction,478,14.828200790663528,1,37.899999999999494,0
overtaking,no_nominal_shaping_no_direction,479,14.70435375139349,0,18.600000000000243,0
overtaking,no_nominal_shaping_no_direction,480,16.958540798727956,1,57.699999999997765,0
overtaking,no_nominal_shaping_no_direction,481,14.66041290907857,0,19.65000000000026,0
overtaking,no_nominal_shaping_no_direction,482,15.188333512916405,0,25.750000000000075,0
overtaking,no_nominal_shaping_no_direction,483,15.576954148041843,1,15.150000000000215,0
overtaking,no_nominal_shaping_no_direction,484,14.862146338033456,1,26.80000000000012,0
overtaking,no_nominal_shaping_no_direction,485,16.749234534955956,1,0.0,0
overtaking,no_nominal_shaping_no_direction,486,15.982022066981182,1,26.24999999999952,0
overtaking,no_nominal_shaping_no_direction,487,14.275059774641148,1,19.350000000000225,0
overtaking,no_nominal_shaping_no_direction,488,15.103386353353986,0,58.49999999999767,0
overtaking,no_nominal_shaping_no_direction,489,15.070863533970163,0,22.60000000000032,0
overtaking,no_nominal_shaping_no_direction,490,14.65117809399796,0,26.050000000000235,0
overtaking,no_nominal_shaping_no_direction,491,15.425507981974778,0,20.650000000000293,0
overtaking,no_nominal_shaping_no_direction,492,14.274095269018577,1,19.250000000000227,0
overtaking,no_nominal_shaping_no_direction,493,14.583245522795892,1,21.60000000000029,0
overtaking,no_nominal_shaping_no_direction,494,15.475309154450933,1,14.050000000000194,0
overtaking,no_nominal_shaping_no_direction,495,15.29231231426296,1,15.800000000000225,0
overtaking,no_nominal_shaping_no_direction,496,15.024884650498398,0,15.600000000000207,0
overtaking,no_nominal_shaping_no_direction,497,33.153782555372686,1,0.0,0
overtaking,no_nominal_shaping_no_direction,498,15.363096338966828,1,26.39999999999996,0
overtaking,no_nominal_shaping_no_direction,499,15.957600533207312,1,30.299999999999212,0
overtaking,no_nominal_shaping_mirrored,300,12.293660526360654,0,16.25000000000023,0
overtaking,no_nominal_shaping_mirrored,301,19.413235828941847,1,11.350000000000161,0
overtaking,no_nominal_shaping_mirrored,302,11.73882326902204,0,39.84999999999928,0
overtaking,no_nominal_shaping_mirrored,303,12.419932505436897,0,25.249999999999737,0
overtaking,no_nominal_shaping_mirrored,304,19.05369721265723,1,14.350000000000204,0
overtaking,no_nominal_shaping_mirrored,305,19.604256468792975,1,9.250000000000089,0
overtaking,no_nominal_shaping_mirrored,306,18.873871580743632,1,15.100000000000215,0
overtaking,no_nominal_shaping_mirrored,307,11.712940121777436,0,24.25000000000024,0
overtaking,no_nominal_shaping_mirrored,308,29.66028432721023,1,0.0,0
overtaking,no_nominal_shaping_mirrored,309,18.41492059333287,1,17.300000000000246,0
overtaking,no_nominal_shaping_mirrored,310,12.94966589261162,0,11.30000000000016,0
overtaking,no_nominal_shaping_mirrored,311,11.80598119503261,0,21.450000000000305,0
overtaking,no_nominal_shaping_mirrored,312,11.541901425403239,0,20.80000000000029,0
overtaking,no_nominal_shaping_mirrored,313,11.073012589593358,1,12.250000000000174,0
overtaking,no_nominal_shaping_mirrored,314,17.624034504985964,1,15.750000000000224,0
overtaking,no_nominal_shaping_mirrored,315,12.117169799029888,0,56.849999999997955,0
overtaking,no_nominal_shaping_mirrored,316,13.142190480754987,0,10.150000000000144,0
overtaking,no_nominal_shaping_mirrored,317,15.44114525849501,0,17.95000000000014,0
overtaking,no_nominal_shaping_mirrored,318,12.603549328111603,0,14.0500000000002,0
overtaking,no_nominal_shaping_mirrored,319,20.583949258757503,0,0.0,0
overtaking,no_nominal_shaping_mirrored,320,10.87274223693556,1,20.849999999999817,0
overtaking,no_nominal_shaping_mirrored,321,12.382295146107529,0,35.799999999999216,0
overtaking,no_nominal_shaping_mirrored,322,17.062555983481044,1,19.750000000000252,0
overtaking,no_nominal_shaping_mirrored,323,12.417717976889369,0,13.100000000000168,0
overtaking,no_nominal_shaping_mirrored,324,12.696979981322224,0,12.500000000000178,0
overtaking,no_nominal_shaping_mirrored,325,12.513333965205772,0,15.300000000000217,0
overtaking,no_nominal_shaping_mirrored,326,11.053585931336567,1,76.39999999999688,0
overtaking,no_nominal_shaping_mirrored,327,11.51276071617662,0,19.45000000000025,0
overtaking,no_nominal_shaping_mirrored,328,11.892249089747835,0,17.000000000000227,0
overtaking,no_nominal_shaping_mirrored,329,17.84602754919081,1,17.60000000000025,0
overtaking,no_nominal_shaping_mirrored,330,11.682890381560357,0,35.29999999999958,0
overtaking,no_nominal_shaping_mirrored,331,12.725453591983179,0,12.250000000000174,0
overtaking,no_nominal_shaping_mirrored,332,15.954640885883865,0,39.0999999999985,0
overtaking,no_nominal_shaping_mirrored,333,12.253617575331877,0,17.60000000000025,0
overtaking,no_nominal_shaping_mirrored,334,11.61853133178619,0,27.65000000000004,0
overtaking,no_nominal_shaping_mirrored,335,14.21744286331212,0,0.0,0
overtaking,no_nominal_shaping_mirrored,336,18.35423582898546,1,19.250000000000274,0
overtaking,no_nominal_shaping_mirrored,337,14.343700644011063,0,24.99999999999858,0
overtaking,no_nominal_shaping_mirrored,338,12.8940582427323,0,13.35000000000019,0
overtaking,no_nominal_shaping_mirrored,339,16.661275012831915,0,11.199999999999363,0
overtaking,no_nominal_shaping_mirrored,340,17.973527736831254,1,52.1499999999984,0
overtaking,no_nominal_shaping_mirrored,341,12.02554255603793,0,18.750000000000266,0
overtaking,no_nominal_shaping_mirrored,342,19.70316067118623,0,0.0,0
overtaking,no_nominal_shaping_mirrored,343,19.24186972676334,1,12.449999999999665,0
overtaking,no_nominal_shaping_mirrored,344,12.491787770090411,0,19.900000000000137,0
overtaking,no_nominal_shaping_mirrored,345,17.73335038901675,1,10.800000000000153,0
overtaking,no_nominal_shaping_mirrored,346,12.31076406359066,0,16.30000000000023,0
overtaking,no_nominal_shaping_mirrored,347,16.70825759531926,0,0.0,0
overtaking,no_nominal_shaping_mirrored,348,11.727584689269802,0,18.35000000000025,0
overtaking,no_nominal_shaping_mirrored,349,12.72350998781083,0,16.550000000000118,0
overtaking,no_nominal_shaping_mirrored,350,12.79079340078402,0,11.850000000000168,0
overtaking,no_nominal_shaping_mirrored,351,11.415769228011253,0,25.85000000000025,0
overtaking,no_nominal_shaping_mirrored,352,18.42030648121039,1,15.000000000000213,0
overtaking,no_nominal_shaping_mirrored,353,13.303256777757715,0,51.69999999999827,0
overtaking,no_nominal_shaping_mirrored,354,12.336729679159953,0,25.249999999999783,0
overtaking,no_nominal_shaping_mirrored,355,12.89956968405316,0,17.399999999999547,0
overtaking,no_nominal_shaping_mirrored,356,11.863546754985489,0,18.650000000000265,0
overtaking,no_nominal_shaping_mirrored,357,24.199875230251816,1,0.0,0
overtaking,no_nominal_shaping_mirrored,358,11.458260539360797,0,31.999999999999837,0
overtaking,no_nominal_shaping_mirrored,359,18.822935907710548,1,15.45000000000022,0
overtaking,no_nominal_shaping_mirrored,360,11.613344539263995,0,38.399999999999395,0
overtaking,no_nominal_shaping_mirrored,361,12.295406349739991,0,18.500000000000263,0
overtaking,no_nominal_shaping_mirrored,362,17.090237518211886,1,21.60000000000029,0
overtaking,no_nominal_shaping_mirrored,363,17.187039011072688,1,16.150000000000187,0
overtaking,no_nominal_shaping_mirrored,364,11.619714784410325,0,34.499999999999616,0
overtaking,no_nominal_shaping_mirrored,365,10.948406115764657,0,21.500000000000263,0
overtaking,no_nominal_shaping_mirrored,366,12.958344534288502,0,12.900000000000183,0
overtaking,no_nominal_shaping_mirrored,367,13.158186200159578,0,10.100000000000144,0
overtaking,no_nominal_shaping_mirrored,368,11.287694339196007,0,32.14999999999988,0
overtaking,no_nominal_shaping_mirrored,369,12.314960754748517,0,12.550000000000104,0
overtaking,no_nominal_shaping_mirrored,370,20.77512013706677,1,0.0,0
overtaking,no_nominal_shaping_mirrored,371,14.83367055662824,0,50.3999999999981,0
overtaking,no_nominal_shaping_mirrored,372,12.958978756062695,0,20.599999999998836,0
overtaking,no_nominal_shaping_mirrored,373,18.772073098747782,1,15.650000000000222,0
overtaking,no_nominal_shaping_mirrored,374,13.402825940991024,0,0.0,0
overtaking,no_nominal_shaping_mirrored,375,19.001714991161776,1,14.550000000000207,0
overtaking,no_nominal_shaping_mirrored,376,11.8945996891974,0,16.250000000000217,0
overtaking,no_nominal_shaping_mirrored,377,12.938199155712182,0,12.750000000000181,0
overtaking,no_nominal_shaping_mirrored,378,12.712079786959368,0,14.900000000000212,0
overtaking,no_nominal_shaping_mirrored,379,12.50474505821928,0,19.70000000000024,0
overtaking,no_nominal_shaping_mirrored,380,12.082857121843935,0,20.30000000000029,0
overtaking,no_nominal_shaping_mirrored,381,11.044096800534286,1,16.950000000000102,0
overtaking,no_nominal_shaping_mirrored,382,18.424697819950453,1,19.350000000000275,0
overtaking,no_nominal_shaping_mirrored,383,13.567720943940547,0,6.600000000000094,0
overtaking,no_nominal_shaping_mirrored,384,11.734777549976595,0,23.750000000000323,0
overtaking,no_nominal_shaping_mirrored,385,11.651777679343114,0,23.15000000000033,0
overtaking,no_nominal_shaping_mirrored,386,11.448232059296716,0,24.050000000000338,0
overtaking,no_nominal_shaping_mirrored,387,17.974609146094963,1,14.200000000000202,0
overtaking,no_nominal_shaping_mirrored,388,11.360250468201537,0,30.54999999999996,0
overtaking,no_nominal_shaping_mirrored,389,16.28008090721566,1,20.35000000000027,0
overtaking,no_nominal_shaping_mirrored,390,11.908174697546464,0,37.099999999999405,0
overtaking,no_nominal_shaping_mirrored,391,18.921509410110215,1,13.200000000000188,0
overtaking,no_nominal_shaping_mirrored,392,11.663678441479943,0,25.350000000000207,0
overtaking,no_nominal_shaping_mirrored,393,12.290945116326,0,27.09999999999966,0
overtaking,no_nominal_shaping_mirrored,394,11.26862940907267,0,87.94999999999649,0
overtaking,no_nominal_shaping_mirrored,395,15.919524717784766,0,0.0,0
overtaking,no_nominal_shaping_mirrored,396,15.5313200949882,0,38.94999999999905,0
overtaking,no_nominal_shaping_mirrored,397,19.065180896780085,1,14.0500000000002,0
overtaking,no_nominal_shaping_mirrored,398,12.507873649869586,0,14.650000000000208,0
overtaking,no_nominal_shaping_mirrored,399,13.242104117185448,0,54.649999999998215,0
overtaking,no_nominal_shaping_mirrored,400,12.998375950254143,0,12.550000000000178,0
overtaking,no_nominal_shaping_mirrored,401,12.569039668419792,0,15.750000000000224,0
overtaking,no_nominal_shaping_mirrored,402,12.160640855661438,0,18.35000000000026,0
overtaking,no_nominal_shaping_mirrored,403,13.709578085689099,0,51.09999999999809,0
overtaking,no_nominal_shaping_mirrored,404,12.689985047204996,0,16.80000000000014,0
overtaking,no_nominal_shaping_mirrored,405,12.877237875828122,0,15.300000000000146,0
overtaking,no_nominal_shaping_mirrored,406,13.347729626697458,0,55.1499999999981,0
overtaking,no_nominal_shaping_mirrored,407,15.111550755833214,0,26.05000000000009,0
overtaking,no_nominal_shaping_mirrored,408,12.27756616563032,0,14.650000000000208,0
overtaking,no_nominal_shaping_mirrored,409,12.49077854567548,0,13.200000000000188,0
overtaking,no_nominal_shaping_mirrored,410,17.328391000801048,0,20.549999999998832,0
overtaking,no_nominal_shaping_mirrored,411,12.687680687736517,0,23.49999999999963,0
overtaking,no_nominal_shaping_mirrored,412,18.486921899854316,1,12.949999999999669,0
overtaking,no_nominal_shaping_mirrored,413,11.904943075466868,0,16.650000000000222,0
overtaking,no_nominal_shaping_mirrored,414,17.65954521216661,1,62.04999999999775,0
overtaking,no_nominal_shaping_mirrored,415,12.51600885424481,0,13.650000000000194,0
overtaking,no_nominal_shaping_mirrored,416,12.447884212140826,0,18.650000000000265,0
overtaking,no_nominal_shaping_mirrored,417,11.481598345519938,0,27.850000000000076,0
overtaking,no_nominal_shaping_mirrored,418,18.813059258914592,1,15.45000000000022,0
overtaking,no_nominal_shaping_mirrored,419,11.935226884169808,0,16.90000000000024,0
overtaking,no_nominal_shaping_mirrored,420,13.014351513617948,0,11.30000000000016,0
overtaking,no_nominal_shaping_mirrored,421,12.007526946364745,0,16.350000000000232,0
overtaking,no_nominal_shaping_mirrored,422,12.629220384685112,0,15.000000000000213,0
overtaking,no_nominal_shaping_mirrored,423,20.28803087356657,0,0.0,0
overtaking,no_nominal_shaping_mirrored,424,12.323422199170118,0,15.350000000000218,0
overtaking,no_nominal_shaping_mirrored,425,13.079690861204586,0,10.750000000000153,0
overtaking,no_nominal_shaping_mirrored,426,13.517657271014773,0,40.79999999999823,0
overtaking,no_nominal_shaping_mirrored,427,19.75022621768444,1,0.0,0
overtaking,no_nominal_shaping_mirrored,428,18.496678682357775,1,16.10000000000023,0
overtaking,no_nominal_shaping_mirrored,429,12.02605177960805,0,21.750000000000263,0
overtaking,no_nominal_shaping_mirrored,430,18.803092223202928,1,16.10000000000023,0
overtaking,no_nominal_shaping_mirrored,431,11.846465520984227,0,26.900000000000027,0
overtaking,no_nominal_shaping_mirrored,432,11.740928472097321,0,21.600000000000307,0
overtaking,no_nominal_shaping_mirrored,433,13.43472562811739,0,0.0,0
overtaking,no_nominal_shaping_mirrored,434,18.03123821728898,1,65.79999999999725,0
overtaking,no_nominal_shaping_mirrored,435,18.250223399894818,1,17.350000000000247,0
overtaking,no_nominal_shaping_mirrored,436,14.183179028464858,1,0.0,0
overtaking,no_nominal_shaping_mirrored,437,11.938657801345858,0,33.49999999999956,0
overtaking,no_nominal_shaping_mirrored,438,19.30786856379988,1,12.85000000000002,0
overtaking,no_nominal_shaping_mirrored,439,13.005676681497333,0,11.850000000000168,0
overtaking,no_nominal_shaping_mirrored,440,13.594838267583727,0,55.54999999999818,0
overtaking,no_nominal_shaping_mirrored,441,18.018952025824284,1,15.099999999999408,0
overtaking,no_nominal_shaping_mirrored,442,12.625079786381976,0,50.64999999999816,0
overtaking,no_nominal_shaping_mirrored,443,17.3478941664205,1,16.350000000000232,0
overtaking,no_nominal_shaping_mirrored,444,12.702809966654497,0,15.000000000000213,0
overtaking,no_nominal_shaping_mirrored,445,12.028209991296928,0,24.55000000000012,0
overtaking,no_nominal_shaping_mirrored,446,11.036487760539025,0,23.550000000000303,0
overtaking,no_nominal_shaping_mirrored,447,12.795223406738854,0,15.850000000000101,0
overtaking,no_nominal_shaping_mirrored,448,12.616756463973624,0,17.950000000000106,0
overtaking,no_nominal_shaping_mirrored,449,12.50712657294796,0,23.549999999999777,0
overtaking,no_nominal_shaping_mirrored,450,12.926602496318548,0,26.29999999999903,0
overtaking,no_nominal_shaping_mirrored,451,18.55164046083794,1,16.20000000000023,0
overtaking,no_nominal_shaping_mirrored,452,19.681981401077575,1,0.0,0
overtaking,no_nominal_shaping_mirrored,453,18.852351079038844,0,0.0,0
overtaking,no_nominal_shaping_mirrored,454,19.70146276489312,1,7.199999999999626,0
overtaking,no_nominal_shaping_mirrored,455,11.970017166321027,0,17.70000000000025,0
overtaking,no_nominal_shaping_mirrored,456,11.631053766372686,0,15.250000000000155,0
overtaking,no_nominal_shaping_mirrored,457,11.490565378902591,0,19.250000000000192,0
overtaking,no_nominal_shaping_mirrored,458,12.712991713733073,0,15.750000000000139,0
overtaking,no_nominal_shaping_mirrored,459,12.12792849251059,0,18.90000000000027,0
overtaking,no_nominal_shaping_mirrored,460,14.844769424147417,0,32.04999999999838,0
overtaking,no_nominal_shaping_mirrored,461,10.953833974102725,0,26.600000000000293,0
overtaking,no_nominal_shaping_mirrored,462,11.983496264977825,0,24.75000000000009,0
overtaking,no_nominal_shaping_mirrored,463,13.432400194743355,0,0.0,0
overtaking,no_nominal_shaping_mirrored,464,18.84252898625567,1,12.300000000000047,0
overtaking,no_nominal_shaping_mirrored,465,18.885115347962426,1,15.300000000000217,0
overtaking,no_nominal_shaping_mirrored,466,11.766942087054135,0,30.699999999999783,0
overtaking,no_nominal_shaping_mirrored,467,12.813347827340225,0,17.799999999999663,0
overtaking,no_nominal_shaping_mirrored,468,12.494262590760028,0,16.400000000000233,0
overtaking,no_nominal_shaping_mirrored,469,12.64198332748969,0,22.699999999999644,0
overtaking,no_nominal_shaping_mirrored,470,13.313812130795446,0,8.800000000000125,0
overtaking,no_nominal_shaping_mirrored,471,12.053830306050891,0,21.200000000000294,0
overtaking,no_nominal_shaping_mirrored,472,11.959114910049259,0,15.350000000000191,0
overtaking,no_nominal_shaping_mirrored,473,12.471419023536356,0,19.85000000000016,0
overtaking,no_nominal_shaping_mirrored,474,12.266589080564176,0,23.250000000000053,0
overtaking,no_nominal_shaping_mirrored,475,11.59872074316117,0,68.94999999999752,0
overtaking,no_nominal_shaping_mirrored,476,12.812374277891001,0,13.200000000000188,0
overtaking,no_nominal_shaping_mirrored,477,12.210701200329519,0,14.250000000000192,0
overtaking,no_nominal_shaping_mirrored,478,11.816171139315893,0,25.200000000000138,0
overtaking,no_nominal_shaping_mirrored,479,12.335218014236192,0,14.400000000000205,0
overtaking,no_nominal_shaping_mirrored,480,11.26793631598587,1,21.499999999999176,0
overtaking,no_nominal_shaping_mirrored,481,12.186202087247098,0,15.300000000000217,0
overtaking,no_nominal_shaping_mirrored,482,12.279111357805444,0,18.850000000000268,0
overtaking,no_nominal_shaping_mirrored,483,18.460615936552788,1,14.900000000000212,0
overtaking,no_nominal_shaping_mirrored,484,11.639530021334444,0,31.449999999999786,0
overtaking,no_nominal_shaping_mirrored,485,19.46817916309501,1,11.250000000000078,0
overtaking,no_nominal_shaping_mirrored,486,18.82087686648023,1,11.850000000000168,0
overtaking,no_nominal_shaping_mirrored,487,11.131447979400605,0,21.65000000000027,0
overtaking,no_nominal_shaping_mirrored,488,12.252026458938026,0,55.84999999999759,0
overtaking,no_nominal_shaping_mirrored,489,12.433403437707662,0,16.95000000000024,0
overtaking,no_nominal_shaping_mirrored,490,12.037295715505216,0,19.200000000000273,0
overtaking,no_nominal_shaping_mirrored,491,12.632549575611163,0,14.700000000000209,0
overtaking,no_nominal_shaping_mirrored,492,11.049701388172702,0,23.5000000000003,0
overtaking,no_nominal_shaping_mirrored,493,11.182341667589787,0,39.54999999999946,0
overtaking,no_nominal_shaping_mirrored,494,18.163736159658107,1,14.4000000000002,0
overtaking,no_nominal_shaping_mirrored,495,18.168501512275725,1,15.800000000000225,0
overtaking,no_nominal_shaping_mirrored,496,12.800047358368131,0,11.600000000000165,0
overtaking,no_nominal_shaping_mirrored,497,33.153782555372686,1,0.0,0
overtaking,no_nominal_shaping_mirrored,498,17.150251573012028,1,16.050000000000228,0
overtaking,no_nominal_shaping_mirrored,499,18.66228434891734,1,57.199999999997644,0
overtaking,no_nominal_shaping_stbd_lobes,300,12.293660526360654,0,16.25000000000023,0
overtaking,no_nominal_shaping_stbd_lobes,301,19.413235828941847,1,11.350000000000161,0
overtaking,no_nominal_shaping_stbd_lobes,302,11.73882326902204,0,39.84999999999928,0
overtaking,no_nominal_shaping_stbd_lobes,303,12.419932505436897,0,25.249999999999737,0
overtaking,no_nominal_shaping_stbd_lobes,304,19.05369721265723,1,14.350000000000204,0
overtaking,no_nominal_shaping_stbd_lobes,305,19.604256468792975,1,9.250000000000089,0
overtaking,no_nominal_shaping_stbd_lobes,306,18.873871580743632,1,15.100000000000215,0
overtaking,no_nominal_shaping_stbd_lobes,307,11.712940121777436,0,24.25000000000024,0
overtaking,no_nominal_shaping_stbd_lobes,308,29.66028432721023,1,0.0,0
overtaking,no_nominal_shaping_stbd_lobes,309,18.41492059333287,1,17.300000000000246,0
overtaking,no_nominal_shaping_stbd_lobes,310,12.94966589261162,0,11.30000000000016,0
overtaking,no_nominal_shaping_stbd_lobes,311,11.80598119503261,0,21.450000000000305,0
overtaking,no_nominal_shaping_stbd_lobes,312,11.541901425403239,0,20.80000000000029,0
overtaking,no_nominal_shaping_stbd_lobes,313,11.073012589593358,1,12.250000000000174,0
overtaking,no_nominal_shaping_stbd_lobes,314,17.624034504985964,1,15.750000000000224,0
overtaking,no_nominal_shaping_stbd_lobes,315,12.117169799029888,0,56.849999999997955,0
overtaking,no_nominal_shaping_stbd_lobes,316,13.142190480754987,0,10.150000000000144,0
overtaking,no_nominal_shaping_stbd_lobes,317,15.44114525849501,0,17.95000000000014,0
overtaking,no_nominal_shaping_stbd_lobes,318,12.603549328111603,0,14.0500000000002,0
overtaking,no_nominal_shaping_stbd_lobes,319,20.583949258757503,0,0.0,0
overtaking,no_nominal_shaping_stbd_lobes,320,10.87274223693556,1,20.849999999999817,0
overtaking,no_nominal_shaping_stbd_lobes,321,12.382295146107529,0,35.799999999999216,0
overtaking,no_nominal_shaping_stbd_lobes,322,17.062555983481044,1,19.750000000000252,0
overtaking,no_nominal_shaping_stbd_lobes,323,12.417717976889369,0,13.100000000000168,0
overtaking,no_nominal_shaping_stbd_lobes,324,12.696979981322224,0,12.500000000000178,0
overtaking,no_nominal_shaping_stbd_lobes,325,12.513333965205772,0,15.300000000000217,0
overtaking,no_nominal_shaping_stbd_lobes,326,11.115732118018665,1,74.49999999999699,0
overtaking,no_nominal_shaping_stbd_lobes,327,11.51276071617662,0,19.45000000000025,0
overtaking,no_nominal_shaping_stbd_lobes,328,11.892249089747835,0,17.000000000000227,0
overtaking,no_nominal_shaping_stbd_lobes,329,17.84602754919081,1,17.60000000000025,0
overtaking,no_nominal_shaping_stbd_lobes,330,11.682890381560357,0,35.29999999999958,0
overtaking,no_nominal_shaping_stbd_lobes,331,12.725453591983179,0,12.250000000000174,0
overtaking,no_nominal_shaping_stbd_lobes,332,15.954640885883865,0,39.0999999999985,0
overtaking,no_nominal_shaping_stbd_lobes,333,12.253617575331877,0,17.60000000000025,0
overtaking,no_nominal_shaping_stbd_lobes,334,11.61853133178619,0,27.65000000000004,0
overtaking,no_nominal_shaping_stbd_lobes,335,14.21744286331212,0,0.0,0
overtaking,no_nominal_shaping_stbd_lobes,336,18.35423582898546,1,19.250000000000274,0
overtaking,no_nominal_shaping_stbd_lobes,337,14.343700644011063,0,24.99999999999858,0
overtaking,no_nominal_shaping_stbd_lobes,338,12.8940582427323,0,13.35000000000019,0
overtaking,no_nominal_shaping_stbd_lobes,339,16.661275012831915,0,11.199999999999363,0
overtaking,no_nominal_shaping_stbd_lobes,340,17.973527736831254,1,52.1499999999984,0
overtaking,no_nominal_shaping_stbd_lobes,341,12.02554255603793,0,18.750000000000266,0
overtaking,no_nominal_shaping_stbd_lobes,342,19.70316067118623,0,0.0,0
overtaking,no_nominal_shaping_stbd_lobes,343,19.24186972676334,1,12.449999999999665,0
overtaking,no_nominal_shaping_stbd_lobes,344,12.491787770090411,0,19.900000000000137,0
overtaking,no_nominal_shaping_stbd_lobes,345,17.73335038901675,1,10.800000000000153,0
overtaking,no_nominal_shaping_stbd_lobes,346,12.31076406359066,0,16.30000000000023,0
overtaking,no_nominal_shaping_stbd_lobes,347,16.70825759531926,0,0.0,0
overtaking,no_nominal_shaping_stbd_lobes,348,11.727584689269802,0,18.35000000000025,0
overtaking,no_nominal_shaping_stbd_lobes,349,12.72350998781083,0,16.550000000000118,0
overtaking,no_nominal_shaping_stbd_lobes,350,12.79079340078402,0,11.850000000000168,0
overtaking,no_nominal_shaping_stbd_lobes,351,11.415769228011253,0,25.85000000000025,0
overtaking,no_nominal_shaping_stbd_lobes,352,18.42030648121039,1,15.000000000000213,0
overtaking,no_nominal_shaping_stbd_lobes,353,13.303256777757715,0,51.69999999999827,0
overtaking,no_nominal_shaping_stbd_lobes,354,12.336729679159953,0,25.249999999999783,0
overtaking,no_nominal_shaping_stbd_lobes,355,12.89956968405316,0,17.399999999999547,0
overtaking,no_nominal_shaping_stbd_lobes,356,11.863546754985489,0,18.650000000000265,0
overtaking,no_nominal_shaping_stbd_lobes,357,24.199875230251816,1,0.0,0
overtaking,no_nominal_shaping_stbd_lobes,358,11.458260539360797,0,31.999999999999837,0
overtaking,no_nominal_shaping_stbd_lobes,359,18.822935907710548,1,15.45000000000022,0
overtaking,no_nominal_shaping_stbd_lobes,360,11.613344539263995,0,38.399999999999395,0
overtaking,no_nominal_shaping_stbd_lobes,361,12.295406349739991,0,18.500000000000263,0
overtaking,no_nominal_shaping_stbd_lobes,362,17.090237518211886,1,21.60000000000029,0
overtaking,no_nominal_shaping_stbd_lobes,363,17.187039011072688,1,16.150000000000187,0
overtaking,no_nominal_shaping_stbd_lobes,364,11.619714784410325,0,34.499999999999616,0
overtaking,no_nominal_shaping_stbd_lobes,365,10.948406115764657,0,21.500000000000263,0
overtaking,no_nominal_shaping_stbd_lobes,366,12.958344534288502,0,12.900000000000183,0
overtaking,no_nominal_shaping_stbd_lobes,367,13.158186200159578,0,10.100000000000144,0
overtaking,no_nominal_shaping_stbd_lobes,368,11.287694339196007,0,32.14999999999988,0
overtaking,no_nominal_shaping_stbd_lobes,369,12.314960754748517,0,12.550000000000104,0
overtaking,no_nominal_shaping_stbd_lobes,370,20.77512013706677,1,0.0,0
overtaking,no_nominal_shaping_stbd_lobes,371,14.83367055662824,0,50.3999999999981,0
overtaking,no_nominal_shaping_stbd_lobes,372,12.958978756062695,0,20.599999999998836,0
overtaking,no_nominal_shaping_stbd_lobes,373,18.772073098747782,1,15.650000000000222,0
overtaking,no_nominal_shaping_stbd_lobes,374,13.402825940991024,0,0.0,0
overtaking,no_nominal_shaping_stbd_lobes,375,19.001714991161776,1,14.550000000000207,0
overtaking,no_nominal_shaping_stbd_lobes,376,11.8945996891974,0,16.250000000000217,0
overtaking,no_nominal_shaping_stbd_lobes,377,12.938199155712182,0,12.750000000000181,0
overtaking,no_nominal_shaping_stbd_lobes,378,12.712079786959368,0,14.900000000000212,0
overtaking,no_nominal_shaping_stbd_lobes,379,12.50474505821928,0,19.70000000000024,0
overtaking,no_nominal_shaping_stbd_lobes,380,12.082857121843935,0,20.30000000000029,0
overtaking,no_nominal_shaping_stbd_lobes,381,11.044096800534286,1,16.950000000000102,0
overtaking,no_nominal_shaping_stbd_lobes,382,18.424697819950453,1,19.350000000000275,0
overtaking,no_nominal_shaping_stbd_lobes,383,13.567720943940547,0,6.600000000000094,0
overtaking,no_nominal_shaping_stbd_lobes,384,11.734777549976595,0,23.750000000000323,0
overtaking,no_nominal_shaping_stbd_lobes,385,11.651777679343114,0,23.15000000000033,0
overtaking,no_nominal_shaping_stbd_lobes,386,11.448232059296716,0,24.050000000000338,0
overtaking,no_nominal_shaping_stbd_lobes,387,17.974609146094963,1,14.200000000000202,0
overtaking,no_nominal_shaping_stbd_lobes,388,11.360250468201537,0,30.54999999999996,0
overtaking,no_nominal_shaping_stbd_lobes,389,16.28008090721566,1,20.35000000000027,0
overtaking,no_nominal_shaping_stbd_lobes,390,11.908174697546464,0,37.099999999999405,0
overtaking,no_nominal_shaping_stbd_lobes,391,18.921509410110215,1,13.200000000000188,0
overtaking,no_nominal_shaping_stbd_lobes,392,11.663678441479943,0,25.350000000000207,0
overtaking,no_nominal_shaping_stbd_lobes,393,12.290945116326,0,27.09999999999966,0
overtaking,no_nominal_shaping_stbd_lobes,394,11.26862940907267,0,87.94999999999649,0
overtaking,no_nominal_shaping_stbd_lobes,395,15.919524717784766,0,0.0,0
overtaking,no_nominal_shaping_stbd_lobes,396,15.5313200949882,0,38.94999999999905,0
overtaking,no_nominal_shaping_stbd_lobes,397,19.065180896780085,1,14.0500000000002,0
overtaking,no_nominal_shaping_stbd_lobes,398,12.507873649869586,0,14.650000000000208,0
overtaking,no_nominal_shaping_stbd_lobes,399,13.242104117185448,0,54.649999999998215,0
overtaking,no_nominal_shaping_stbd_lobes,400,12.998375950254143,0,12.550000000000178,0
overtaking,no_nominal_shaping_stbd_lobes,401,12.569039668419792,0,15.750000000000224,0
overtaking,no_nominal_shaping_stbd_lobes,402,12.160640855661438,0,18.35000000000026,0
overtaking,no_nominal_shaping_stbd_lobes,403,13.709578085689099,0,51.09999999999809,0
overtaking,no_nominal_shaping_stbd_lobes,404,12.689985047204996,0,16.80000000000014,0
overtaking,no_nominal_shaping_stbd_lobes,405,12.877237875828122,0,15.300000000000146,0
overtaking,no_nominal_shaping_stbd_lobes,406,13.347729626697458,0,55.1499999999981,0
overtaking,no_nominal_shaping_stbd_lobes,407,15.111550755833214,0,26.05000000000009,0
overtaking,no_nominal_shaping_stbd_lobes,408,12.27756616563032,0,14.650000000000208,0
overtaking,no_nominal_shaping_stbd_lobes,409,12.49077854567548,0,13.200000000000188,0
overtaking,no_nominal_shaping_stbd_lobes,410,17.328391000801048,0,20.549999999998832,0
overtaking,no_nominal_shaping_stbd_lobes,411,12.687680687736517,0,23.49999999999963,0
overtaking,no_nominal_shaping_stbd_lobes,412,18.486921899854316,1,12.949999999999669,0
overtaking,no_nominal_shaping_stbd_lobes,413,11.904943075466868,0,16.650000000000222,0
overtaking,no_nominal_shaping_stbd_lobes,414,17.65954521216661,1,62.04999999999775,0
overtaking,no_nominal_shaping_stbd_lobes,415,12.51600885424481,0,13.650000000000194,0
overtaking,no_nominal_shaping_stbd_lobes,416,12.447884212140826,0,18.650000000000265,0
overtaking,no_nominal_shaping_stbd_lobes,417,11.481598345519938,0,27.850000000000076,0
overtaking,no_nominal_shaping_stbd_lobes,418,18.813059258914592,1,15.45000000000022,0
overtaking,no_nominal_shaping_stbd_lobes,419,11.935226884169808,0,16.90000000000024,0
overtaking,no_nominal_shaping_stbd_lobes,420,13.014351513617948,0,11.30000000000016,0
overtaking,no_nominal_shaping_stbd_lobes,421,12.007526946364745,0,16.350000000000232,0
overtaking,no_nominal_shaping_stbd_lobes,422,12.629220384685112,0,15.000000000000213,0
overtaking,no_nominal_shaping_stbd_lobes,423,20.28803087356657,0,0.0,0
overtaking,no_nominal_shaping_stbd_lobes,424,12.323422199170118,0,15.350000000000218,0
overtaking,no_nominal_shaping_stbd_lobes,425,13.079690861204586,0,10.750000000000153,0
overtaking,no_nominal_shaping_stbd_lobes,426,13.517657271014773,0,40.79999999999823,0
overtaking,no_nominal_shaping_stbd_lobes,427,19.75022621768444,1,0.0,0
overtaking,no_nominal_shaping_stbd_lobes,428,18.496678682357775,1,16.10000000000023,0
overtaking,no_nominal_shaping_stbd_lobes,429,12.02605177960805,0,21.750000000000263,0
overtaking,no_nominal_shaping_stbd_lobes,430,18.803092223202928,1,16.10000000000023,0
overtaking,no_nominal_shaping_stbd_lobes,431,11.846465520984227,0,26.900000000000027,0
overtaking,no_nominal_shaping_stbd_lobes,432,11.740928472097321,0,21.600000000000307,0
overtaking,no_nominal_shaping_stbd_lobes,433,13.43472562811739,0,0.0,0
overtaking,no_nominal_shaping_stbd_lobes,434,18.03123821728898,1,65.79999999999725,0
overtaking,no_nominal_shaping_stbd_lobes,435,18.250223399894818,1,17.350000000000247,0
overtaking,no_nominal_shaping_stbd_lobes,436,14.183179028464858,1,0.0,0
overtaking,no_nominal_shaping_stbd_lobes,437,11.938657801345858,0,33.49999999999956,0
overtaking,no_nominal_shaping_stbd_lobes,438,19.30786856379988,1,12.85000000000002,0
overtaking,no_nominal_shaping_stbd_lobes,439,13.005676681497333,0,11.850000000000168,0
overtaking,no_nominal_shaping_stbd_lobes,440,13.594838267583727,0,55.54999999999818,0
overtaking,no_nominal_shaping_stbd_lobes,441,18.018952025824284,1,15.099999999999408,0
overtaking,no_nominal_shaping_stbd_lobes,442,12.625079786381976,0,50.64999999999816,0
overtaking,no_nominal_shaping_stbd_lobes,443,17.3478941664205,1,16.350000000000232,0
overtaking,no_nominal_shaping_stbd_lobes,444,12.702809966654497,0,15.000000000000213,0
overtaking,no_nominal_shaping_stbd_lobes,445,12.028209991296928,0,24.55000000000012,0
overtaking,no_nominal_shaping_stbd_lobes,446,11.036487760539025,0,23.550000000000303,0
overtaking,no_nominal_shaping_stbd_lobes,447,12.795223406738854,0,15.850000000000101,0
overtaking,no_nominal_shaping_stbd_lobes,448,12.616756463973624,0,17.950000000000106,0
overtaking,no_nominal_shaping_stbd_lobes,449,12.50712657294796,0,23.549999999999777,0
overtaking,no_nominal_shaping_stbd_lobes,450,12.926602496318548,0,26.29999999999903,0
overtaking,no_nominal_shaping_stbd_lobes,451,18.55164046083794,1,16.20000000000023,0
overtaking,no_nominal_shaping_stbd_lobes,452,19.681981401077575,1,0.0,0
overtaking,no_nominal_shaping_stbd_lobes,453,18.852351079038844,0,0.0,0
overtaking,no_nominal_shaping_stbd_lobes,454,19.70146276489312,1,7.199999999999626,0
overtaking,no_nominal_shaping_stbd_lobes,455,11.970017166321027,0,17.70000000000025,0
overtaking,no_nominal_shaping_stbd_lobes,456,11.631053766372686,0,15.250000000000155,0
overtaking,no_nominal_shaping_stbd_lobes,457,11.490565378902591,0,19.250000000000192,0
overtaking,no_nominal_shaping_stbd_lobes,458,12.712991713733073,0,15.750000000000139,0
overtaking,no_nominal_shaping_stbd_lobes,459,12.12792849251059,0,18.90000000000027,0
overtaking,no_nominal_shaping_stbd_lobes,460,14.844769424147417,0,32.04999999999838,0
overtaking,no_nominal_shaping_stbd_lobes,461,10.953833974102725,0,26.600000000000293,0
overtaking,no_nominal_shaping_stbd_lobes,462,11.983496264977825,0,24.75000000000009,0
overtaking,no_nominal_shaping_stbd_lobes,463,13.432400194743355,0,0.0,0
overtaking,no_nominal_shaping_stbd_lobes,464,18.84252898625567,1,12.300000000000047,0
overtaking,no_nominal_shaping_stbd_lobes,465,18.885115347962426,1,15.300000000000217,0
overtaking,no_nominal_shaping_stbd_lobes,466,11.766942087054135,0,30.699999999999783,0
overtaking,no_nominal_shaping_stbd_lobes,467,12.813347827340225,0,17.799999999999663,0
overtaking,no_nominal_shaping_stbd_lobes,468,12.494262590760028,0,16.400000000000233,0
overtaking,no_nominal_shaping_stbd_lobes,469,12.64198332748969,0,22.699999999999644,0
overtaking,no_nominal_shaping_stbd_lobes,470,13.313812130795446,0,8.800000000000125,0
overtaking,no_nominal_shaping_stbd_lobes,471,12.053830306050891,0,21.200000000000294,0
overtaking,no_nominal_shaping_stbd_lobes,472,11.959114910049259,0,15.350000000000191,0
overtaking,no_nominal_shaping_stbd_lobes,473,12.471419023536356,0,19.85000000000016,0
overtaking,no_nominal_shaping_stbd_lobes,474,12.266589080564176,0,23.250000000000053,0
overtaking,no_nominal_shaping_stbd_lobes,475,11.59872074316117,0,68.94999999999752,0
overtaking,no_nominal_shaping_stbd_lobes,476,12.812374277891001,0,13.200000000000188,0
overtaking,no_nominal_shaping_stbd_lobes,477,12.210701200329519,0,14.250000000000192,0
overtaking,no_nominal_shaping_stbd_lobes,478,11.816171139315893,0,25.200000000000138,0
overtaking,no_nominal_shaping_stbd_lobes,479,12.335218014236192,0,14.400000000000205,0
overtaking,no_nominal_shaping_stbd_lobes,480,11.26793631598587,1,21.499999999999176,0
overtaking,no_nominal_shaping_stbd_lobes,481,12.186202087247098,0,15.300000000000217,0
overtaking,no_nominal_shaping_stbd_lobes,482,12.279111357805444,0,18.850000000000268,0
overtaking,no_nominal_shaping_stbd_lobes,483,18.460615936552788,1,14.900000000000212,0
overtaking,no_nominal_shaping_stbd_lobes,484,11.639530021334444,0,31.449999999999786,0
overtaking,no_nominal_shaping_stbd_lobes,485,19.46817916309501,1,11.250000000000078,0
overtaking,no_nominal_shaping_stbd_lobes,486,18.82087686648023,1,11.850000000000168,0
overtaking,no_nominal_shaping_stbd_lobes,487,11.131447979400605,0,21.65000000000027,0
overtaking,no_nominal_shaping_stbd_lobes,488,12.252026458938026,0,55.84999999999759,0
overtaking,no_nominal_shaping_stbd_lobes,489,12.433403437707662,0,16.95000000000024,0
overtaking,no_nominal_shaping_stbd_lobes,490,12.037295715505216,0,19.200000000000273,0
overtaking,no_nominal_shaping_stbd_lobes,491,12.632549575611163,0,14.700000000000209,0
overtaking,no_nominal_shaping_stbd_lobes,492,11.049701388172702,0,23.5000000000003,0
overtaking,no_nominal_shaping_stbd_lobes,493,11.182341667589787,0,39.54999999999946,0
overtaking,no_nominal_shaping_stbd_lobes,494,18.163736159658107,1,14.4000000000002,0
overtaking,no_nominal_shaping_stbd_lobes,495,18.168501512275725,1,15.800000000000225,0
overtaking,no_nominal_shaping_stbd_lobes,496,12.800047358368131,0,11.600000000000165,0
overtaking,no_nominal_shaping_stbd_lobes,497,33.153782555372686,1,0.0,0
overtaking,no_nominal_shaping_stbd_lobes,498,17.150251573012028,1,16.050000000000228,0
overtaking,no_nominal_shaping_stbd_lobes,499,18.66228434891734,1,57.199999999997644,0
overtaking,no_nominal_shaping_ot_flip,300,12.293660526360654,0,16.25000000000023,0
overtaking,no_nominal_shaping_ot_flip,301,19.413235828941847,1,11.350000000000161,0
overtaking,no_nominal_shaping_ot_flip,302,11.73882326902204,0,39.84999999999928,0
overtaking,no_nominal_shaping_ot_flip,303,12.419932505436897,0,25.249999999999737,0
overtaking,no_nominal_shaping_ot_flip,304,19.05369721265723,1,14.350000000000204,0
overtaking,no_nominal_shaping_ot_flip,305,19.604256468792975,1,9.250000000000089,0
overtaking,no_nominal_shaping_ot_flip,306,18.873871580743632,1,15.100000000000215,0
overtaking,no_nominal_shaping_ot_flip,307,11.712940121777436,0,24.25000000000024,0
overtaking,no_nominal_shaping_ot_flip,308,29.66028432721023,1,0.0,0
overtaking,no_nominal_shaping_ot_flip,309,18.41492059333287,1,17.300000000000246,0
overtaking,no_nominal_shaping_ot_flip,310,12.94966589261162,0,11.30000000000016,0
overtaking,no_nominal_shaping_ot_flip,311,11.80598119503261,0,21.450000000000305,0
overtaking,no_nominal_shaping_ot_flip,312,11.541901425403239,0,20.80000000000029,0
overtaking,no_nominal_shaping_ot_flip,313,9.63081865788334,0,44.0499999999991,0
overtaking,no_nominal_shaping_ot_flip,314,17.624034504985964,1,15.750000000000224,0
overtaking,no_nominal_shaping_ot_flip,315,10.194082500192192,0,79.54999999999666,0
overtaking,no_nominal_shaping_ot_flip,316,13.142190480754987,0,10.150000000000144,0
overtaking,no_nominal_shaping_ot_flip,317,11.537523350249291,0,10.450000000000149,0
overtaking,no_nominal_shaping_ot_flip,318,12.603549328111603,0,14.0500000000002,0
overtaking,no_nominal_shaping_ot_flip,319,20.583949258757503,0,0.0,0
overtaking,no_nominal_shaping_ot_flip,320,10.832330319799693,0,46.09999999999843,0
overtaking,no_nominal_shaping_ot_flip,321,12.382295146107529,0,35.799999999999216,0
overtaking,no_nominal_shaping_ot_flip,322,17.062555983481044,1,19.750000000000252,0
overtaking,no_nominal_shaping_ot_flip,323,12.417717976889369,0,13.100000000000168,0
overtaking,no_nominal_shaping_ot_flip,324,12.696979981322224,0,12.500000000000178,0
overtaking,no_nominal_shaping_ot_flip,325,12.513333965205772,0,15.300000000000217,0
overtaking,no_nominal_shaping_ot_flip,326,10.979826357183567,0,74.94999999999695,0
overtaking,no_nominal_shaping_ot_flip,327,11.51276071617662,0,19.45000000000025,0
overtaking,no_nominal_shaping_ot_flip,328,11.892249089747835,0,17.000000000000227,0
overtaking,no_nominal_shaping_ot_flip,329,17.84602754919081,1,17.60000000000025,0
overtaking,no_nominal_shaping_ot_flip,330,11.682890381560357,0,35.29999999999958,0
overtaking,no_nominal_shaping_ot_flip,331,12.725453591983179,0,12.250000000000174,0
overtaking,no_nominal_shaping_ot_flip,332,15.954640885883865,0,39.0999999999985,0
overtaking,no_nominal_shaping_ot_flip,333,12.253617575331877,0,17.60000000000025,0
overtaking,no_nominal_shaping_ot_flip,334,11.61853133178619,0,27.65000000000004,0
overtaking,no_nominal_shaping_ot_flip,335,14.21744286331212,0,0.0,0
overtaking,no_nominal_shaping_ot_flip,336,18.35423582898546,1,19.250000000000274,0
overtaking,no_nominal_shaping_ot_flip,337,14.343700644011063,0,24.99999999999858,0
overtaking,no_nominal_shaping_ot_flip,338,12.8940582427323,0,13.35000000000019,0
overtaking,no_nominal_shaping_ot_flip,339,16.661275012831915,0,11.199999999999363,0
overtaking,no_nominal_shaping_ot_flip,340,17.973527736831254,1,52.1499999999984,0
overtaking,no_nominal_shaping_ot_flip,341,12.02554255603793,0,18.750000000000266,0
overtaking,no_nominal_shaping_ot_flip,342,19.70316067118623,0,0.0,0
overtaking,no_nominal_shaping_ot_flip,343,19.24186972676334,1,12.449999999999665,0
overtaking,no_nominal_shaping_ot_flip,344,12.491787770090411,0,19.900000000000137,0
overtaking,no_nominal_shaping_ot_flip,345,17.73335038901675,1,10.800000000000153,0
overtaking,no_nominal_shaping_ot_flip,346,12.31076406359066,0,16.30000000000023,0
overtaking,no_nominal_shaping_ot_flip,347,16.70825759531926,0,0.0,0
overtaking,no_nominal_shaping_ot_flip,348,11.727584689269802,0,18.35000000000025,0
overtaking,no_nominal_shaping_ot_flip,349,12.72350998781083,0,16.550000000000118,0
overtaking,no_nominal_shaping_ot_flip,350,12.79079340078402,0,11.850000000000168,0
overtaking,no_nominal_shaping_ot_flip,351,11.415769228011253,0,25.85000000000025,0
overtaking,no_nominal_shaping_ot_flip,352,18.42030648121039,1,15.000000000000213,0
overtaking,no_nominal_shaping_ot_flip,353,13.303256777757715,0,51.69999999999827,0
overtaking,no_nominal_shaping_ot_flip,354,12.336729679159953,0,25.249999999999783,0
overtaking,no_nominal_shaping_ot_flip,355,12.89956968405316,0,17.399999999999547,0
overtaking,no_nominal_shaping_ot_flip,356,11.863546754985489,0,18.650000000000265,0
overtaking,no_nominal_shaping_ot_flip,357,24.199875230251816,1,0.0,0
overtaking,no_nominal_shaping_ot_flip,358,11.458260539360797,0,31.999999999999837,0
overtaking,no_nominal_shaping_ot_flip,359,18.822935907710548,1,15.45000000000022,0
overtaking,no_nominal_shaping_ot_flip,360,11.613344539263995,0,38.399999999999395,0
overtaking,no_nominal_shaping_ot_flip,361,12.295406349739991,0,18.500000000000263,0
overtaking,no_nominal_shaping_ot_flip,362,17.090237518211886,1,21.60000000000029,0
overtaking,no_nominal_shaping_ot_flip,363,17.187039011072688,1,16.150000000000187,0
overtaking,no_nominal_shaping_ot_flip,364,11.619714784410325,0,34.499999999999616,0
overtaking,no_nominal_shaping_ot_flip,365,10.948406115764657,0,21.500000000000263,0
overtaking,no_nominal_shaping_ot_flip,366,12.958344534288502,0,12.900000000000183,0
overtaking,no_nominal_shaping_ot_flip,367,13.158186200159578,0,10.100000000000144,0
overtaking,no_nominal_shaping_ot_flip,368,11.287694339196007,0,32.14999999999988,0
overtaking,no_nominal_shaping_ot_flip,369,12.314960754748517,0,12.550000000000104,0
overtaking,no_nominal_shaping_ot_flip,370,20.77512013706677,1,0.0,0
overtaking,no_nominal_shaping_ot_flip,371,14.83367055662824,0,50.3999999999981,0
overtaking,no_nominal_shaping_ot_flip,372,12.958978756062695,0,20.599999999998836,0
overtaking,no_nominal_shaping_ot_flip,373,18.772073098747782,1,15.650000000000222,0
overtaking,no_nominal_shaping_ot_flip,374,13.402825940991024,0,0.0,0
overtaking,no_nominal_shaping_ot_flip,375,19.001714991161776,1,14.550000000000207,0
overtaking,no_nominal_shaping_ot_flip,376,11.8945996891974,0,16.250000000000217,0
overtaking,no_nominal_shaping_ot_flip,377,12.938199155712182,0,12.750000000000181,0
overtaking,no_nominal_shaping_ot_flip,378,12.712079786959368,0,14.900000000000212,0
overtaking,no_nominal_shaping_ot_flip,379,12.50474505821928,0,19.70000000000024,0
overtaking,no_nominal_shaping_ot_flip,380,12.082857121843935,0,20.30000000000029,0
overtaking,no_nominal_shaping_ot_flip,381,12.365758842072022,1,56.39999999999791,0
overtaking,no_nominal_shaping_ot_flip,382,18.424697819950453,1,19.350000000000275,0
overtaking,no_nominal_shaping_ot_flip,383,13.567720943940547,0,6.600000000000094,0
overtaking,no_nominal_shaping_ot_flip,384,11.734777549976595,0,23.750000000000323,0
overtaking,no_nominal_shaping_ot_flip,385,11.651777679343114,0,23.15000000000033,0
overtaking,no_nominal_shaping_ot_flip,386,11.448232059296716,0,24.050000000000338,0
overtaking,no_nominal_shaping_ot_flip,387,17.974609146094963,1,14.200000000000202,0
overtaking,no_nominal_shaping_ot_flip,388,11.360250468201537,0,30.54999999999996,0
overtaking,no_nominal_shaping_ot_flip,389,16.28008090721566,1,20.35000000000027,0
overtaking,no_nominal_shaping_ot_flip,390,11.908174697546464,0,37.099999999999405,0
overtaking,no_nominal_shaping_ot_flip,391,18.921509410110215,1,13.200000000000188,0
overtaking,no_nominal_shaping_ot_flip,392,11.663678441479943,0,25.350000000000207,0
overtaking,no_nominal_shaping_ot_flip,393,12.290945116326,0,27.09999999999966,0
overtaking,no_nominal_shaping_ot_flip,394,11.26862940907267,0,87.94999999999649,0
overtaking,no_nominal_shaping_ot_flip,395,15.919524717784766,0,0.0,0
overtaking,no_nominal_shaping_ot_flip,396,15.5313200949882,0,38.94999999999905,0
overtaking,no_nominal_shaping_ot_flip,397,19.065180896780085,1,14.0500000000002,0
overtaking,no_nominal_shaping_ot_flip,398,12.507873649869586,0,14.650000000000208,0
overtaking,no_nominal_shaping_ot_flip,399,13.242104117185448,0,54.649999999998215,0
overtaking,no_nominal_shaping_ot_flip,400,12.998375950254143,0,12.550000000000178,0
overtaking,no_nominal_shaping_ot_flip,401,12.569039668419792,0,15.750000000000224,0
overtaking,no_nominal_shaping_ot_flip,402,12.160640855661438,0,18.35000000000026,0
overtaking,no_nominal_shaping_ot_flip,403,13.709578085689099,0,51.09999999999809,0
overtaking,no_nominal_shaping_ot_flip,404,12.689985047204996,0,16.80000000000014,0
overtaking,no_nominal_shaping_ot_flip,405,12.877237875828122,0,15.300000000000146,0
overtaking,no_nominal_shaping_ot_flip,406,13.347729626697458,0,55.1499999999981,0
overtaking,no_nominal_shaping_ot_flip,407,15.111550755833214,0,26.05000000000009,0
overtaking,no_nominal_shaping_ot_flip,408,12.27756616563032,0,14.650000000000208,0
overtaking,no_nominal_shaping_ot_flip,409,12.49077854567548,0,13.200000000000188,0
overtaking,no_nominal_shaping_ot_flip,410,17.328391000801048,0,20.549999999998832,0
overtaking,no_nominal_shaping_ot_flip,411,12.687680687736517,0,23.49999999999963,0
overtaking,no_nominal_shaping_ot_flip,412,18.486921899854316,1,12.949999999999669,0
overtaking,no_nominal_shaping_ot_flip,413,11.904943075466868,0,16.650000000000222,0
overtaking,no_nominal_shaping_ot_flip,414,17.65954521216661,1,62.04999999999775,0
overtaking,no_nominal_shaping_ot_flip,415,12.51600885424481,0,13.650000000000194,0
overtaking,no_nominal_shaping_ot_flip,416,12.447884212140826,0,18.650000000000265,0
overtaking,no_nominal_shaping_ot_flip,417,11.481598345519938,0,27.850000000000076,0
overtaking,no_nominal_shaping_ot_flip,418,18.813059258914592,1,15.45000000000022,0
overtaking,no_nominal_shaping_ot_flip,419,11.935226884169808,0,16.90000000000024,0
overtaking,no_nominal_shaping_ot_flip,420,13.014351513617948,0,11.30000000000016,0
overtaking,no_nominal_shaping_ot_flip,421,12.007526946364745,0,16.350000000000232,0
overtaking,no_nominal_shaping_ot_flip,422,12.629220384685112,0,15.000000000000213,0
overtaking,no_nominal_shaping_ot_flip,423,20.28803087356657,0,0.0,0
overtaking,no_nominal_shaping_ot_flip,424,12.323422199170118,0,15.350000000000218,0
overtaking,no_nominal_shaping_ot_flip,425,13.079690861204586,0,10.750000000000153,0
overtaking,no_nominal_shaping_ot_flip,426,13.517657271014773,0,40.79999999999823,0
overtaking,no_nominal_shaping_ot_flip,427,19.75022621768444,1,0.0,0
overtaking,no_nominal_shaping_ot_flip,428,18.496678682357775,1,16.10000000000023,0
overtaking,no_nominal_shaping_ot_flip,429,12.02605177960805,0,21.750000000000263,0
overtaking,no_nominal_shaping_ot_flip,430,18.803092223202928,1,16.10000000000023,0
overtaking,no_nominal_shaping_ot_flip,431,11.846465520984227,0,26.900000000000027,0
overtaking,no_nominal_shaping_ot_flip,432,11.740928472097321,0,21.600000000000307,0
overtaking,no_nominal_shaping_ot_flip,433,13.43472562811739,0,0.0,0
overtaking,no_nominal_shaping_ot_flip,434,18.03123821728898,1,65.79999999999725,0
overtaking,no_nominal_shaping_ot_flip,435,18.250223399894818,1,17.350000000000247,0
overtaking,no_nominal_shaping_ot_flip,436,19.254162929630617,1,9.300000000000132,0
overtaking,no_nominal_shaping_ot_flip,437,11.938657801345858,0,33.49999999999956,0
overtaking,no_nominal_shaping_ot_flip,438,19.30786856379988,1,12.85000000000002,0
overtaking,no_nominal_shaping_ot_flip,439,13.005676681497333,0,11.850000000000168,0
overtaking,no_nominal_shaping_ot_flip,440,13.594838267583727,0,55.54999999999818,0
overtaking,no_nominal_shaping_ot_flip,441,18.018952025824284,1,15.099999999999408,0
overtaking,no_nominal_shaping_ot_flip,442,9.291441346343369,0,75.89999999999672,0
overtaking,no_nominal_shaping_ot_flip,443,17.3478941664205,1,16.350000000000232,0
overtaking,no_nominal_shaping_ot_flip,444,12.702809966654497,0,15.000000000000213,0
overtaking,no_nominal_shaping_ot_flip,445,12.028209991296928,0,24.55000000000012,0
overtaking,no_nominal_shaping_ot_flip,446,11.036487760539025,0,23.550000000000303,0
overtaking,no_nominal_shaping_ot_flip,447,12.795223406738854,0,15.850000000000101,0
overtaking,no_nominal_shaping_ot_flip,448,12.616756463973624,0,17.950000000000106,0
overtaking,no_nominal_shaping_ot_flip,449,12.50712657294796,0,23.549999999999777,0
overtaking,no_nominal_shaping_ot_flip,450,12.926602496318548,0,26.29999999999903,0
overtaking,no_nominal_shaping_ot_flip,451,18.55164046083794,1,16.20000000000023,0
overtaking,no_nominal_shaping_ot_flip,452,19.681981401077575,1,0.0,0
overtaking,no_nominal_shaping_ot_flip,453,18.852351079038844,0,0.0,0
overtaking,no_nominal_shaping_ot_flip,454,19.70146276489312,1,7.199999999999626,0
overtaking,no_nominal_shaping_ot_flip,455,11.970017166321027,0,17.70000000000025,0
overtaking,no_nominal_shaping_ot_flip,456,11.631053766372686,0,15.250000000000155,0
overtaking,no_nominal_shaping_ot_flip,457,11.490565378902591,0,19.250000000000192,0
overtaking,no_nominal_shaping_ot_flip,458,12.712991713733073,0,15.750000000000139,0
overtaking,no_nominal_shaping_ot_flip,459,12.12792849251059,0,18.90000000000027,0
overtaking,no_nominal_shaping_ot_flip,460,14.844769424147417,0,32.04999999999838,0
overtaking,no_nominal_shaping_ot_flip,461,10.953833974102725,0,26.600000000000293,0
overtaking,no_nominal_shaping_ot_flip,462,11.983496264977825,0,24.75000000000009,0
overtaking,no_nominal_shaping_ot_flip,463,13.432400194743355,0,0.0,0
overtaking,no_nominal_shaping_ot_flip,464,18.84252898625567,1,12.300000000000047,0
overtaking,no_nominal_shaping_ot_flip,465,18.885115347962426,1,15.300000000000217,0
overtaking,no_nominal_shaping_ot_flip,466,11.766942087054135,0,30.699999999999783,0
overtaking,no_nominal_shaping_ot_flip,467,12.813347827340225,0,17.799999999999663,0
overtaking,no_nominal_shaping_ot_flip,468,12.494262590760028,0,16.400000000000233,0
overtaking,no_nominal_shaping_ot_flip,469,12.64198332748969,0,22.699999999999644,0
overtaking,no_nominal_shaping_ot_flip,470,13.313812130795446,0,8.800000000000125,0
overtaking,no_nominal_shaping_ot_flip,471,12.053830306050891,0,21.200000000000294,0
overtaking,no_nominal_shaping_ot_flip,472,11.959114910049259,0,15.350000000000191,0
overtaking,no_nominal_shaping_ot_flip,473,12.471419023536356,0,19.85000000000016,0
overtaking,no_nominal_shaping_ot_flip,474,12.266589080564176,0,23.250000000000053,0
overtaking,no_nominal_shaping_ot_flip,475,11.59872074316117,0,68.94999999999752,0
overtaking,no_nominal_shaping_ot_flip,476,12.812374277891001,0,13.200000000000188,0
overtaking,no_nominal_shaping_ot_flip,477,12.210701200329519,0,14.250000000000192,0
overtaking,no_nominal_shaping_ot_flip,478,11.816171139315893,0,25.200000000000138,0
overtaking,no_nominal_shaping_ot_flip,479,12.335218014236192,0,14.400000000000205,0
overtaking,no_nominal_shaping_ot_flip,480,12.39011085678316,1,38.4999999999983,0
overtaking,no_nominal_shaping_ot_flip,481,12.186202087247098,0,15.300000000000217,0
overtaking,no_nominal_shaping_ot_flip,482,12.279111357805444,0,18.850000000000268,0
overtaking,no_nominal_shaping_ot_flip,483,18.460615936552788,1,14.900000000000212,0
overtaking,no_nominal_shaping_ot_flip,484,11.639530021334444,0,31.449999999999786,0
overtaking,no_nominal_shaping_ot_flip,485,19.46817916309501,1,11.250000000000078,0
overtaking,no_nominal_shaping_ot_flip,486,18.82087686648023,1,11.850000000000168,0
overtaking,no_nominal_shaping_ot_flip,487,11.131447979400605,0,21.65000000000027,0
overtaking,no_nominal_shaping_ot_flip,488,12.252026458938026,0,55.84999999999759,0
overtaking,no_nominal_shaping_ot_flip,489,12.433403437707662,0,16.95000000000024,0
overtaking,no_nominal_shaping_ot_flip,490,12.037295715505216,0,19.200000000000273,0
overtaking,no_nominal_shaping_ot_flip,491,12.632549575611163,0,14.700000000000209,0
overtaking,no_nominal_shaping_ot_flip,492,11.049701388172702,0,23.5000000000003,0
overtaking,no_nominal_shaping_ot_flip,493,11.182341667589787,0,39.54999999999946,0
overtaking,no_nominal_shaping_ot_flip,494,18.163736159658107,1,14.4000000000002,0
overtaking,no_nominal_shaping_ot_flip,495,18.168501512275725,1,15.800000000000225,0
overtaking,no_nominal_shaping_ot_flip,496,12.800047358368131,0,11.600000000000165,0
overtaking,no_nominal_shaping_ot_flip,497,33.153782555372686,1,0.0,0
overtaking,no_nominal_shaping_ot_flip,498,17.150251573012028,1,16.050000000000228,0
overtaking,no_nominal_shaping_ot_flip,499,18.66228434891734,1,57.199999999997644,0
