scenario,t,h_impl,h_nom,d,rb,tau,label,detected
head_on,0.0,39753.65376588678,39753.65376588678,200.0000309780502,15.695815535812763,none,T1,False
head_on,0.05,39643.72939088678,39643.72939088678,199.72503102070365,15.695815535812763,none,T1,False
head_on,0.1,39533.679488889655,39533.679488889655,199.449337211794,15.695815535812763,none,T1,False
head_on,0.15000000000000002,39423.549022269726,39423.549022269726,199.1730595427102,15.695815535812763,none,T1,False
head_on,0.2,39313.37588452363,39313.37588452363,198.89629083986932,15.695815535812763,none,T1,False
head_on,0.25,39203.19197899409,39203.19197899409,198.61910936344555,15.695815535812763,none,T1,False
head_on,0.3,39093.02414270665,39093.02414270665,198.34158103645566,15.695815535812763,none,T1,False
head_on,0.35,38982.89493460363,38982.89493460363,198.06376134956614,15.695815535812763,none,T1,False
head_on,0.39999999999999997,38872.82330599864,38872.82330599864,197.7856969837124,15.695815535812763,none,T1,False
head_on,0.44999999999999996,38762.825169385644,38762.825169385644,197.5074271887513,15.695815535812763,none,T1,False
head_on,0.49999999999999994,38652.9138799815,38652.9138799815,197.228984952303,15.695815535812763,none,T1,False
head_on,0.5499999999999999,38543.1006426648,38543.1006426648,196.95039798893288,15.695815535812763,none,T1,False
head_on,0.6,38433.394855358594,38433.394855358594,196.67168957603647,15.695815535812763,none,T1,False
head_on,0.65,38323.80439842417,38323.80439842417,196.3928792593011,15.695815535812763,none,T1,False
head_on,0.7000000000000001,38214.335878301776,38214.335878301776,196.11398344747383,15.695815535812763,none,T1,False
head_on,0.7500000000000001,38104.99483245441,38104.99483245441,195.8350159133669,15.695815535812763,none,T1,False
head_on,0.8000000000000002,37995.78590163559,37995.78590163559,195.55598821557433,15.695815535812763,none,T1,False
head_on,0.8500000000000002,37886.71297460354,37886.71297460354,195.27691005323135,15.695815535812763,none,T1,False
head_on,0.9000000000000002,37777.77930962679,37777.77930962679,194.99778956429495,15.695815535812763,none,T1,False
head_on,0.9500000000000003,37668.98763645998,37668.98763645998,194.71863357623027,15.695815535812763,none,T1,False
head_on,1.0000000000000002,37560.34024189856,37560.34024189856,194.43944781662185,15.695815535812763,none,T1,False
head_on,1.0500000000000003,37451.8390415349,37451.8390415349,194.16023709006217,15.695815535812763,none,T1,False
head_on,1.1000000000000003,37343.485639926446,37343.485639926446,193.88100542668099,15.695815535812763,none,T1,False
head_on,1.1500000000000004,37235.28138103648,37235.28138103648,193.60175620683492,15.695815535812763,none,T1,False
head_on,1.2000000000000004,37127.22739051283,37127.22739051283,193.32249226576582,15.695815535812763,none,T1,False
head_on,1.2500000000000004,37019.32461111973,37019.32461111973,193.04321598143247,15.695815535812763,none,T1,False
head_on,1.3000000000000005,36911.57383242827,36911.57383242827,192.76392934821217,15.695815535812763,none,T1,False
head_on,1.3500000000000005,36803.97571569289,36803.97571569289,192.48463403873865,15.695815535812763,none,T1,False
head_on,1.4000000000000006,36696.53081469273,36696.53081469273,192.2053314557819,15.695815535812763,none,T1,False
head_on,1.4500000000000006,36589.23959319114,36589.23959319114,191.92602277577004,15.695815535812763,none,T1,False
head_on,1.5000000000000007,36482.10243956106,36482.10243956106,191.64670898529752,15.695815535812763,none,T1,False
head_on,1.5500000000000007,36375.11967903566,36375.11967903566,191.3673909117484,15.695815535812763,none,T1,False
head_on,1.6000000000000008,36268.29158396955,36268.29158396955,191.08806924898218,15.695815535812763,none,T1,False
head_on,1.6500000000000008,36161.61838243309,36161.61838243309,190.8087445788776,15.695815535812763,none,T1,False
head_on,1.7000000000000008,36055.10026541058,36055.10026541058,190.5294173894017,15.695815535812763,none,T1,False
head_on,1.7500000000000009,35948.737392828705,35948.737392828705,190.250088089764,15.695815535812763,none,T1,False
head_on,1.800000000000001,35842.52989860545,35842.52989860545,189.97075702312634,15.695815535812763,none,T1,False
head_on,1.850000000000001,35736.47789487835,35736.47789487835,189.6914244772615,15.695815535812763,none,T1,False
head_on,1.900000000000001,35630.581475545616,35630.581475545616,189.41209069349262,15.695815535812763,none,T1,False
head_on,1.950000000000001,35524.84071923163,35524.84071923163,189.13275587418983,15.695815535812763,none,T1,False
head_on,2.000000000000001,35419.25569177029,35419.25569177029,188.85342018905706,15.695815535812763,none,T1,False
head_on,2.0500000000000007,35313.82644828474,35313.82644828474,188.57408378040444,15.695815535812763,none,T1,False
head_on,2.1000000000000005,35208.55303492899,35208.55303492899,188.29474676756982,15.695815535812763,none,T1,False
head_on,2.1500000000000004,35103.43549034633,35103.43549034633,188.01540925062656,15.695815535812763,none,T1,False
head_on,2.2,34998.47384689064,34998.47384689064,187.73607131349291,15.695815535812763,none,T1,False
head_on,2.25,34893.66813164918,34893.66813164918,187.45673302653987,15.695815535812763,none,T1,False
head_on,2.3,34789.01836729897,34789.01836729897,187.17739444877748,15.695815535812763,none,T1,False
head_on,2.3499999999999996,34684.52457282404,34684.52457282404,186.89805562968894,15.695815535812763,none,T1,False
head_on,2.3999999999999995,34580.18676411593,34580.18676411593,186.61871661076816,15.695815535812763,none,T1,False
head_on,2.4499999999999993,34476.0049544767,34476.0049544767,186.3393774268095,15.695815535812763,none,T1,False
head_on,2.499999999999999,34371.97915503995,34371.97915503995,186.06003810698903,15.695815535812763,none,T1,False
head_on,2.549999999999999,34268.10937512358,34268.10937512358,185.7806986757716,15.695815535812763,none,T1,False
head_on,2.5999999999999988,34164.395622525015,34164.395622525015,185.5013591536711,15.695815535812763,none,T1,False
head_on,2.6499999999999986,34060.837903768486,34060.837903768486,185.22201955788827,15.695815535812763,none,T1,False
head_on,2.6999999999999984,33957.43622431216,33957.43622431216,184.9426799028456,15.695815535812763,none,T1,False
head_on,2.7499999999999982,33854.190588721496,33854.190588721496,184.66334020063582,15.695815535812763,none,T1,False
head_on,2.799999999999998,33751.101000814386,33751.101000814386,184.38400046139753,15.695815535812763,none,T1,False
head_on,2.849999999999998,33648.16746378285,33648.16746378285,184.1046606936313,15.695815535812763,none,T1,False
head_on,2.8999999999999977,33545.389980294756,33545.389980294756,183.82532090446358,15.695815535812763,none,T1,False
head_on,2.9499999999999975,33442.7685525791,33442.7685525791,183.5459810998687,15.695815535812763,none,T1,False
head_on,2.9999999999999973,33340.303182497395,33340.303182497395,183.2666412848548,15.695815535812763,none,T1,False
head_on,3.049999999999997,33237.99387160346,33237.99387160346,182.98730146361993,15.695815535812763,none,T1,False
head_on,3.099999999999997,33135.84062119341,33135.84062119341,182.70796163968245,15.695815535812763,none,T1,False
head_on,3.149999999999997,33033.843432347676,33033.843432347676,182.4286218159912,15.695815535812763,none,T1,False
head_on,3.1999999999999966,32932.002305966,32932.002305966,182.1492819950171,15.695815535812763,none,T1,False
head_on,3.2499999999999964,32830.317242796904,32830.317242796904,181.86994217883054,15.695815535812763,none,T1,False
head_on,3.2999999999999963,32728.78824346221,32728.78824346221,181.59060236916577,15.695815535812763,none,T1,False
head_on,3.349999999999996,32627.415308477754,32627.415308477754,181.31126256747544,15.695815535812763,none,T1,False
head_on,3.399999999999996,32526.198438270523,32526.198438270523,181.03192277497575,15.695815535812763,none,T1,False
head_on,3.4499999999999957,32425.13763319321,32425.13763319321,180.75258299268498,15.695815535812763,none,T1,False
head_on,3.4999999999999956,32324.232893536246,32324.232893536246,180.47324322145516,15.695815535812763,none,T1,False
head_on,3.5499999999999954,32223.48421953795,32223.48421953795,180.19390346199899,15.695815535812763,none,T1,False
head_on,3.599999999999995,32122.89161139299,32122.89161139299,179.91456371491233,15.695815535812763,none,T1,False
head_on,3.649999999999995,32022.455069259537,32022.455069259537,179.63522398069315,15.695815535812763,none,T1,False
head_on,3.699999999999995,31922.174593265165,31922.174593265165,179.3558842597572,15.695815535812763,none,T1,False
head_on,3.7499999999999947,31822.050183511838,31822.050183511838,179.07654455245137,15.695815535812763,none,T1,False
head_on,3.7999999999999945,31722.08184008008,31722.08184008008,178.7972048590647,15.695815535812763,none,T1,False
head_on,3.8499999999999943,31622.269563032525,31622.269563032525,178.5178651798379,15.695815535812763,none,T1,False
head_on,3.899999999999994,31522.613352416716,31522.613352416716,178.23852551497103,15.695815535812763,none,T1,False
head_on,3.949999999999994,31423.113208267674,31423.113208267674,177.95918586463003,15.695815535812763,none,T1,False
head_on,3.999999999999994,31323.76913060989,31323.76913060989,177.67984622895236,15.695815535812763,none,T1,False
head_on,4.049999999999994,31224.581119459057,31224.581119459057,177.40050660805147,15.695815535812763,none,T1,False
head_on,4.099999999999993,31125.549174823474,31125.549174823474,177.1211670020208,15.695815535812763,none,T1,False
head_on,4.149999999999993,31026.67329670531,31026.67329670531,176.84182741093684,15.695815535812763,none,T1,False
head_on,4.199999999999993,30927.953485101563,30927.953485101563,176.56248783486208,15.695815535812763,none,T1,False
head_on,4.249999999999993,30829.389740004928,30829.389740004928,176.2831482738472,15.695815535812763,none,T1,False
head_on,4.299999999999993,30730.982061404473,30730.982061404473,176.00380872793275,15.695815535812763,none,T1,False
head_on,4.3499999999999925,30632.730449286264,30632.730449286264,175.72446919715117,15.695815535812763,none,T1,False
head_on,4.399999999999992,30534.634903633858,30534.634903633858,175.44512968152785,15.695815535812763,none,T1,False
head_on,4.449999999999992,30436.695424428694,30436.695424428694,175.16579018108231,15.695815535812763,none,T1,False
head_on,4.499999999999992,30338.912011650464,30338.912011650464,174.88645069582927,15.695815535812763,none,T1,False
head_on,4.549999999999992,30241.28466527738,30241.28466527738,174.60711122577925,15.695815535812763,none,T1,False
head_on,4.599999999999992,30143.813385286423,30143.813385286423,174.32777177093925,15.695815535812763,none,T1,False
head_on,4.6499999999999915,30046.498171653595,30046.498171653595,174.04843233131362,15.695815535812763,none,T1,False
head_on,4.699999999999991,29949.339024354016,29949.339024354016,173.76909290690412,15.695815535812763,none,T1,False
head_on,4.749999999999991,29852.335943362097,29852.335943362097,173.48975349771052,15.695815535812763,none,T1,False
head_on,4.799999999999991,29755.48892865169,29755.48892865169,173.21041410373093,15.695815535812763,none,T1,False
head_on,4.849999999999991,29658.79798019613,29658.79798019613,172.931074724962,15.695815535812763,none,T1,False
head_on,4.899999999999991,29562.26309796837,29562.26309796837,172.65173536139923,15.695815535812763,none,T1,False
head_on,4.94999999999999,29465.884281941017,29465.884281941017,172.37239601303708,15.695815535812763,none,T1,False
head_on,4.99999999999999,29369.661532086422,29369.661532086422,172.09305667986922,15.695815535812763,none,T1,False
head_on,5.04999999999999,29273.594848376688,29273.594848376688,171.81371736188862,15.695815535812763,none,T1,False
head_on,5.09999999999999,29177.68423078377,29177.68423078377,171.53437805908771,15.695815535812763,none,T1,False
head_on,5.14999999999999,29081.92967927943,29081.92967927943,171.25503877145832,15.695815535812763,none,T1,False
head_on,5.1999999999999895,28986.331193835344,28986.331193835344,170.975699498992,15.695815535812763,none,T1,False
head_on,5.249999999999989,28890.88877442308,28890.88877442308,170.69636024167986,15.695815535812763,none,T1,False
head_on,5.299999999999989,28795.602421014144,28795.602421014144,170.41702099951286,15.695815535812763,none,T1,False
head_on,5.349999999999989,28700.472133579955,28700.472133579955,170.13768177248159,15.695815535812763,none,T1,False
head_on,5.399999999999989,28605.497912091912,28605.497912091912,169.85834256057655,15.695815535812763,none,T1,False
head_on,5.449999999999989,28510.67975652138,28510.67975652138,169.57900336378805,15.695815535812763,none,T1,False
head_on,5.4999999999999885,28416.01766683969,28416.01766683969,169.29966418210626,15.695815535812763,none,T1,False
head_on,5.549999999999988,28321.51164301817,28321.51164301817,169.02032501552122,15.695815535812763,none,T1,False
head_on,5.599999999999988,28227.161685028128,28227.161685028128,168.74098586402295,15.695815535812763,none,T1,False
head_on,5.649999999999988,28132.967792840882,28132.967792840882,168.4616467276013,15.695815535812763,none,T1,False
head_on,5.699999999999988,28038.929966427768,28038.929966427768,168.18230760624624,15.695815535812763,none,T1,False
head_on,5.749999999999988,27945.048205760093,27945.048205760093,167.9029684999475,15.695815535812763,none,T1,False
head_on,5.799999999999987,27851.322510809197,27851.322510809197,167.62362940869482,15.695815535812763,none,T1,False
head_on,5.849999999999987,27757.75288154644,27757.75288154644,167.34429033247804,15.695815535812763,none,T1,False
head_on,5.899999999999987,27664.339317943177,27664.339317943177,167.06495127128682,15.695815535812763,none,T1,False
head_on,5.949999999999987,27571.08181997081,27571.08181997081,166.78561222511092,15.695815535812763,none,T1,False
head_on,5.999999999999987,27477.980387600735,27477.980387600735,166.50627319394005,15.695815535812763,none,T1,False
head_on,6.0499999999999865,27385.035020804386,27385.035020804386,166.2269341777639,15.695815535812763,none,T1,False
head_on,6.099999999999986,27292.2457195532,27292.2457195532,165.94759517657212,15.695815535812763,none,T1,False
head_on,6.149999999999986,27199.61248381867,27199.61248381867,165.6682561903545,15.695815535812763,none,T1,False
head_on,6.199999999999986,27107.135313572275,27107.135313572275,165.38891721910068,15.695815535812763,none,T1,False
head_on,6.249999999999986,27014.814208785538,27014.814208785538,165.10957826280037,15.695815535812763,none,T1,False
head_on,6.299999999999986,26922.64916943002,26922.64916943002,164.83023932144332,15.695815535812763,none,T1,False
head_on,6.349999999999985,26830.640195477285,26830.640195477285,164.55090039501926,15.695815535812763,none,T1,False
head_on,6.399999999999985,26738.78728689894,26738.78728689894,164.2715614835179,15.695815535812763,none,T1,False
head_on,6.449999999999985,26647.090443666606,26647.090443666606,163.99222258692902,15.695815535812763,none,T1,False
head_on,6.499999999999985,26555.549665751943,26555.549665751943,163.71288370524235,15.695815535812763,none,T1,False
head_on,6.549999999999985,26464.164953126627,26464.164953126627,163.4335448384477,15.695815535812763,none,T1,False
head_on,6.5999999999999845,26372.93630576236,26372.93630576236,163.15420598653478,15.695815535812763,none,T1,False
head_on,6.649999999999984,26281.863723630886,26281.863723630886,162.87486714949347,15.695815535812763,none,T1,False
head_on,6.699999999999984,26190.947206703968,26190.947206703968,162.59552832731356,15.695815535812763,none,T1,False
head_on,6.749999999999984,26100.18675495338,26100.18675495338,162.31618951998487,15.695815535812763,none,T1,False
head_on,6.799999999999984,26009.58236835097,26009.58236835097,162.03685072749727,15.695815535812763,none,T1,False
head_on,6.849999999999984,25919.134046868552,25919.134046868552,161.75751194984056,15.695815535812763,none,T1,False
head_on,6.8999999999999835,25828.841790478025,25828.841790478025,161.4781731870047,15.695815535812763,none,T1,False
head_on,6.949999999999983,25738.70559915128,25738.70559915128,161.19883443897956,15.695815535812763,none,T1,False
head_on,6.999999999999983,25648.725472860235,25648.725472860235,160.919495705755,15.695815535812763,none,T1,False
head_on,7.049999999999983,25558.90141157687,25558.90141157687,160.64015698732098,15.695815535812763,none,T1,False
head_on,7.099999999999983,25469.233415273153,25469.233415273153,160.36081828366747,15.695815535812763,none,T1,False
head_on,7.149999999999983,25379.7214839211,25379.7214839211,160.08147959478435,15.695815535812763,none,T1,False
head_on,7.199999999999982,25290.365617492753,25290.365617492753,159.80214092066169,15.695815535812763,none,T1,False
head_on,7.249999999999982,25201.16581596019,25201.16581596019,159.52280226128946,15.695815535812763,none,T1,False
head_on,7.299999999999982,25112.12207929549,25112.12207929549,159.24346361665758,15.695815535812763,none,T1,False
head_on,7.349999999999982,25023.23440747079,25023.23440747079,158.96412498675622,15.695815535812763,none,T1,False
head_on,7.399999999999982,24934.502800458224,24934.502800458224,158.68478637157529,15.695815535812763,none,T1,False
head_on,7.4499999999999815,24845.927258229993,24845.927258229993,158.40544777110495,15.695815535812763,none,T1,False
head_on,7.499999999999981,24757.507780758297,24757.507780758297,158.12610918533522,15.695815535812763,none,T1,False
head_on,7.549999999999981,24669.244368015363,24669.244368015363,157.84677061425623,15.695815535812763,none,T1,False
head_on,7.599999999999981,24581.137019973456,24581.137019973456,157.56743205785807,15.695815535812763,none,T1,False
head_on,7.649999999999981,24493.185736604875,24493.185736604875,157.28809351613089,15.695815535812763,none,T1,False
head_on,7.699999999999981,24405.390517881937,24405.390517881937,157.00875498906487,15.695815535812763,none,T1,False
head_on,7.7499999999999805,24317.751363776988,24317.751363776988,156.72941647665013,15.695815535812763,none,T1,False
head_on,7.79999999999998,24230.268274262387,24230.268274262387,156.45007797887686,15.695815535812763,none,T1,False
head_on,7.84999999999998,24142.941249310552,24142.941249310552,156.1707394957353,15.695815535812763,none,T1,False
head_on,7.89999999999998,24055.770288893906,24055.770288893906,155.89140102721564,15.695815535812763,none,T1,False
head_on,7.94999999999998,23968.755392984902,23968.755392984902,155.61206257330812,15.695815535812763,none,T1,False
head_on,7.99999999999998,23881.89656155603,23881.89656155603,155.33272413400306,15.695815535812763,none,T1,False
head_on,8.04999999999998,23795.193794579787,23795.193794579787,155.0533857092906,15.695815535812763,none,T1,False
head_on,8.09999999999998,23708.64709202873,23708.64709202873,154.7740472991612,15.695815535812763,none,T1,False
head_on,8.14999999999998,23622.256453875416,23622.256453875416,154.4947089036051,15.695815535812763,none,T1,False
head_on,8.199999999999982,23536.021880092445,23536.021880092445,154.21537052261266,15.695815535812763,none,T1,False
head_on,8.249999999999982,23449.94337065242,23449.94337065242,153.93603215617415,15.695815535812763,none,T1,False
head_on,8.299999999999983,23364.020925528017,23364.020925528017,153.65669380428005,15.695815535812763,none,T1,False
head_on,8.349999999999984,23278.254544691885,23278.254544691885,153.3773554669207,15.695815535812763,none,T1,False
head_on,8.399999999999984,23192.644228116744,23192.644228116744,153.0980171440865,15.695815535812763,none,T1,False
head_on,8.449999999999985,23107.18997577532,23107.18997577532,152.8186788357679,15.695815535812763,none,T1,False
head_on,8.499999999999986,23021.89178764037,23021.89178764037,152.53934054195537,15.695815535812763,none,T1,False
head_on,8.549999999999986,22936.749663684677,22936.749663684677,152.26000226263935,15.695815535812763,none,T1,False
head_on,8.599999999999987,22851.763603881056,22851.763603881056,151.98066399781032,15.695815535812763,none,T1,False
head_on,8.649999999999988,22766.933608202336,22766.933608202336,151.70132574745878,15.695815535812763,none,T1,False
head_on,8.699999999999989,22682.259676621405,22682.259676621405,151.4219875115753,15.695815535812763,none,T1,False
head_on,8.74999999999999,22597.741809111147,22597.741809111147,151.14264929015042,15.695815535812763,none,T1,False
head_on,8.79999999999999,22513.380005644467,22513.380005644467,150.86331108317466,15.695815535812763,none,T1,False
head_on,8.84999999999999,22429.17426619434,22429.17426619434,150.58397289063868,15.695815535812763,none,T1,False
head_on,8.899999999999991,22345.124590733718,22345.124590733718,150.304634712533,15.695815535812763,none,T1,False
head_on,8.949999999999992,22261.230979235617,22261.230979235617,150.02529654884833,15.695815535812763,none,T1,False
head_on,8.999999999999993,22177.493431673054,22177.493431673054,149.74595839957524,15.695815535812763,none,T1,False
head_on,9.049999999999994,22093.911948019093,22093.911948019093,149.46662026470443,15.695815535812763,none,T1,False
head_on,9.099999999999994,22010.486528246813,22010.486528246813,149.1872821442266,15.695815535812763,none,T1,False
head_on,9.149999999999995,21927.217172329336,21927.217172329336,148.90794403813248,15.695815535812763,none,T1,False
head_on,9.199999999999996,21844.103880239785,21844.103880239785,148.62860594641276,15.695815535812763,none,T1,False
head_on,9.249999999999996,21761.14665195133,21761.14665195133,148.34926786905822,15.695815535812763,none,T1,False
head_on,9.299999999999997,21678.34548743716,21678.34548743716,148.0699298060596,15.695815535812763,none,T1,False
head_on,9.349999999999998,21595.70038667048,21595.70038667048,147.7905917574077,15.695815535812763,none,T1,False
head_on,9.399999999999999,21513.21134962456,21513.21134962456,147.51125372309335,15.695815535812763,none,T1,False
head_on,9.45,21430.878376272656,21430.878376272656,147.23191570310738,15.695815535812763,none,T1,False
head_on,9.5,21348.70146658807,21348.70146658807,146.95257769744066,15.695815535812763,none,T1,False
head_on,9.55,21266.68062054411,21266.68062054411,146.673239706084,15.695815535812763,none,T1,False
head_on,9.600000000000001,21184.815838114155,21184.815838114155,146.39390172902839,15.695815535812763,none,T1,False
head_on,9.650000000000002,21103.107119271568,21103.107119271568,146.1145637662647,15.695815535812763,none,T1,False
head_on,9.700000000000003,21021.554463989753,21021.554463989753,145.83522581778388,15.695815535812763,none,T1,False
head_on,9.750000000000004,20940.157872242136,20940.157872242136,145.55588788357687,15.695815535812763,none,T1,False
head_on,9.800000000000004,20858.917344002184,20858.917344002184,145.2765499636347,15.695815535812763,none,T1,False
head_on,9.850000000000005,20777.83287924338,20777.83287924338,144.99721205794833,15.695815535812763,none,T1,False
head_on,9.900000000000006,20696.904477939235,20696.904477939235,144.71787416650886,15.695815535812763,none,T1,False
head_on,9.950000000000006,20616.132140063288,20616.132140063288,144.43853628930734,15.695815535812763,none,T1,False
head_on,10.000000000000007,20535.515865589106,20535.515865589106,144.1591984263348,15.695815535812763,none,T1,False
head_on,10.050000000000008,20455.05565449026,20455.05565449026,143.8798605775823,15.695815535812763,none,T1,False
head_on,10.100000000000009,20374.75150674039,20374.75150674039,143.60052274304107,15.695815535812763,none,T1,False
head_on,10.15000000000001,20294.603422313136,20294.603422313136,143.3211849227022,15.695815535812763,none,T1,False
head_on,10.20000000000001,20214.61140118216,20214.61140118216,143.04184711655685,15.695815535812763,none,T1,False
head_on,10.25000000000001,20134.775443321152,20134.775443321152,142.76250932459618,15.695815535812763,none,T1,False
head_on,10.300000000000011,20055.09554870385,20055.09554870385,142.4831715468115,15.695815535812763,none,T1,False
head_on,10.350000000000012,19975.571717304003,19975.571717304003,142.203833783194,15.695815535812763,none,T1,False
head_on,10.400000000000013,19896.20394909537,19896.20394909537,141.9244960337349,15.695815535812763,none,T1,False
head_on,10.450000000000014,19816.99224405177,19816.99224405177,141.64515829842554,15.695815535812763,none,T1,False
head_on,10.500000000000014,19737.936602147016,19737.936602147016,141.3658205772572,15.695815535812763,none,T1,False
head_on,10.550000000000015,19659.037023354973,19659.037023354973,141.08648287022126,15.695815535812763,none,T1,False
head_on,10.600000000000016,19580.293507649516,19580.293507649516,140.80714517730902,15.695815535812763,none,T1,False
head_on,10.650000000000016,19501.70605500456,19501.70605500456,140.52780749851192,15.695815535812763,none,T1,False
head_on,10.700000000000017,19423.27466539402,19423.27466539402,140.2484698338213,15.695815535812763,none,T1,False
head_on,10.750000000000018,19344.99933879187,19344.99933879187,139.96913218322865,15.695815535812763,none,T1,False
head_on,10.800000000000018,19266.880075172092,19266.880075172092,139.6897945467254,15.695815535812763,none,T1,False
head_on,10.85000000000002,19188.91687450869,19188.91687450869,139.41045692430305,15.695815535812763,none,T1,False
head_on,10.90000000000002,19111.10973677571,19111.10973677571,139.13111931595307,15.695815535812763,none,T1,False
head_on,10.95000000000002,19033.458661947214,19033.458661947214,138.85178172166707,15.695815535812763,none,T1,False
head_on,11.000000000000021,18955.963649997284,18955.963649997284,138.57244414143653,15.695815535812763,none,T1,False
head_on,11.050000000000022,18878.624700900044,18878.624700900044,138.29310657525306,15.695815535812763,none,T1,False
head_on,11.100000000000023,18801.441814629627,18801.441814629627,138.0137690231083,15.695815535812763,none,T1,False
head_on,11.150000000000023,18724.41499116021,18724.41499116021,137.73443148499388,15.695815535812763,none,T1,False
head_on,11.200000000000024,18647.544230465974,18647.544230465974,137.45509396090142,15.695815535812763,none,T1,False
head_on,11.250000000000025,18570.829532521133,18570.829532521133,137.17575645082258,15.695815535812763,none,T1,False
head_on,11.300000000000026,18494.27089729996,18494.27089729996,136.89641895474924,15.695815535812763,none,T1,False
head_on,11.350000000000026,18417.868324776697,18417.868324776697,136.61708147267294,15.695815535812763,none,T1,False
head_on,11.400000000000027,18341.621814925657,18341.621814925657,136.3377440045856,15.695815535812763,none,T1,False
head_on,11.450000000000028,18265.53136772114,18265.53136772114,136.0584065504789,15.695815535812763,none,T1,False
head_on,11.500000000000028,18189.596983137526,18189.596983137526,135.7790691103448,15.695815535812763,none,T1,False
head_on,11.55000000000003,18113.818661149162,18113.818661149162,135.49973168417503,15.695815535812763,none,T1,False
head_on,11.60000000000003,18038.19640173046,18038.19640173046,135.2203942719615,15.695815535812763,none,T1,False
head_on,11.65000000000003,17962.730204855845,17962.730204855845,134.94105687369617,15.695815535812763,none,T1,False
head_on,11.700000000000031,17887.420070499764,17887.420070499764,134.66171948937094,15.695815535812763,none,T1,False
head_on,11.750000000000032,17812.26599863669,17812.26599863669,134.38238211897774,15.695815535812763,none,T1,False
head_on,11.800000000000033,17737.267989241136,17737.267989241136,134.10304476250866,15.695815535812763,none,T1,False
head_on,11.850000000000033,17662.426042287618,17662.426042287618,133.8237074199556,15.695815535812763,none,T1,False
head_on,11.900000000000034,17587.740157750693,17587.740157750693,133.5443700913107,15.695815535812763,none,T1,False
head_on,11.950000000000035,17513.210335604945,17513.210335604945,133.265032776566,15.695815535812763,none,T1,False
head_on,12.000000000000036,17438.836575824967,17438.836575824967,132.98569547571358,15.695815535812763,none,T1,False
head_on,12.050000000000036,17364.6188783854,17364.6188783854,132.70635818874567,15.695815535812763,none,T1,False
head_on,12.100000000000037,17290.557243260897,17290.557243260897,132.42702091565437,15.695815535812763,none,T1,False
head_on,12.150000000000038,17216.651670426134,17216.651670426134,132.1476836564319,15.695815535812763,none,T1,False
head_on,12.200000000000038,17142.902159855814,17142.902159855814,131.86834641107043,15.695815535812763,none,T1,False
head_on,12.250000000000039,17069.308711524678,17069.308711524678,131.58900917956234,15.695815535812763,none,T1,False
head_on,12.30000000000004,16995.871325407476,16995.871325407476,131.30967196189982,15.695815535812763,none,T1,False
head_on,12.35000000000004,16922.59000147899,16922.59000147899,131.0303347580752,15.695815535812763,none,T1,False
head_on,12.400000000000041,16849.464739714043,16849.464739714043,130.75099756808092,15.695815535812763,none,T1,False
head_on,12.450000000000042,16776.49554008744,16776.49554008744,130.47166039190924,15.695815535812763,none,T1,False
head_on,12.500000000000043,16703.68240257406,16703.68240257406,130.19232322955267,15.695815535812763,none,T1,False
head_on,12.550000000000043,16631.02532714878,16631.02532714878,129.91298608100362,15.695815535812763,none,T1,False
head_on,12.600000000000044,16558.524313786507,16558.524313786507,129.63364894625457,15.695815535812763,none,T1,False
head_on,12.650000000000045,16486.179362462175,16486.179362462175,129.35431182529803,15.695815535812763,none,T1,False
head_on,12.700000000000045,16413.99047315075,16413.99047315075,129.07497471812655,15.695815535812763,none,T1,False
head_on,12.750000000000046,16341.957645827199,16341.957645827199,128.7956376247327,15.695815535812763,none,T1,False
head_on,12.800000000000047,16270.080880466554,16270.080880466554,128.51630054510912,15.695815535812763,none,T1,False
head_on,12.850000000000048,16198.360177043836,16198.360177043836,128.23696347924843,15.695815535812763,none,T1,False
head_on,12.900000000000048,16126.795535534107,16126.795535534107,127.95762642714332,15.695815535812763,none,T1,False
head_on,12.950000000000049,16055.386955912447,16055.386955912447,127.6782893887865,15.695815535812763,none,T1,False
head_on,13.00000000000005,15984.134438153971,15984.134438153971,127.3989523641707,15.695815535812763,none,T1,False
head_on,13.05000000000005,15913.037982233813,15913.037982233813,127.11961535328871,15.695815535812763,none,T1,False
head_on,13.100000000000051,15842.097588127132,15842.097588127132,126.84027835613337,15.695815535812763,none,T1,False
head_on,13.150000000000052,15771.313255809113,15771.313255809113,126.5609413726975,15.695815535812763,none,T1,False
head_on,13.200000000000053,15700.684985254964,15700.684985254964,126.28160440297401,15.695815535812763,none,T1,False
head_on,13.250000000000053,15630.21277643992,15630.21277643992,126.00226744695581,15.695815535812763,none,T1,False
head_on,13.300000000000054,15559.896629339239,15559.896629339239,125.72293050463587,15.695815535812763,none,T1,False
head_on,13.350000000000055,15489.736543928208,15489.736543928208,125.44359357600717,15.695815535812763,none,T1,False
head_on,13.400000000000055,15419.732520182139,15419.732520182139,125.1642566610628,15.695815535812763,none,T1,False
head_on,13.450000000000056,15349.884558076354,15349.884558076354,124.88491975979572,15.695815535812763,none,T1,False
head_on,13.500000000000057,15280.192657586225,15280.192657586225,124.60558287219914,15.695815535812763,none,T1,False
head_on,13.550000000000058,15210.656818687128,15210.656818687128,124.32624599826615,15.695815535812763,none,T1,False
head_on,13.600000000000058,15141.277041354475,15141.277041354475,124.04690913798996,15.695815535812763,none,T1,False
head_on,13.650000000000059,15072.053325563695,15072.053325563695,123.76757229136376,15.695815535812763,none,T1,False
head_on,13.70000000000006,15002.985671290246,15002.985671290246,123.48823545838084,15.695815535812763,none,T1,False
head_on,13.75000000000006,14934.074078509611,14934.074078509611,123.20889863903449,15.695815535812763,none,T1,False
head_on,13.800000000000061,14865.3185471973,14865.3185471973,122.92956183331803,15.695815535812763,none,T1,False
head_on,13.850000000000062,14796.719077328844,14796.719077328844,122.65022504122487,15.695815535812763,none,T1,False
head_on,13.900000000000063,14728.275668879796,14728.275668879796,122.37088826274842,15.695815535812763,none,T1,False
head_on,13.950000000000063,14659.988321825738,14659.988321825738,122.09155149788211,15.695815535812763,none,T1,False
head_on,14.000000000000064,14591.857036142274,14591.857036142274,121.81221474661946,15.695815535812763,none,T1,False
head_on,14.050000000000065,14523.88181180504,14523.88181180504,121.53287800895403,15.695815535812763,none,T1,False
head_on,14.100000000000065,14456.062648789688,14456.062648789688,121.25354128487939,15.695815535812763,none,T1,False
head_on,14.150000000000066,14388.399547071893,14388.399547071893,120.97420457438915,15.695815535812763,none,T1,False
head_on,14.200000000000067,14320.892506627359,14320.892506627359,120.69486787747697,15.695815535812763,none,T1,False
head_on,14.250000000000068,14253.541527431817,14253.541527431817,120.41553119413658,15.695815535812763,none,T1,False
head_on,14.300000000000068,14186.346609461016,14186.346609461016,120.13619452436171,15.695815535812763,none,T1,False
head_on,14.350000000000069,14119.307752690736,14119.307752690736,119.8568578681462,15.695815535812763,none,T1,False
head_on,14.40000000000007,14052.424957096779,14052.424957096779,119.57752122548385,15.695815535812763,none,T1,False
head_on,14.45000000000007,13985.69822265497,13985.69822265497,119.29818459636857,15.695815535812763,none,T1,False
head_on,14.500000000000071,13919.127549341156,13919.127549341156,119.01884798079428,15.695815535812763,none,T1,False
head_on,14.550000000000072,13852.71293713121,13852.71293713121,118.73951137875493,15.695815535812763,none,T1,False
head_on,14.600000000000072,13786.454386001034,13786.454386001034,118.46017479024458,15.695815535812763,none,T1,False
head_on,14.650000000000073,13720.35189592655,13720.35189592655,118.18083821525727,15.695815535812763,none,T1,False
head_on,14.700000000000074,13654.405466883707,13654.405466883707,117.90150165378712,15.695815535812763,none,T1,False
head_on,14.750000000000075,13588.61509884847,13588.61509884847,117.6221651058283,15.695815535812763,none,T1,False
head_on,14.800000000000075,13522.980791796841,13522.980791796841,117.34282857137501,15.695815535812763,none,T1,False
head_on,14.850000000000076,13457.502545704834,13457.502545704834,117.06349205042149,15.695815535812763,none,T1,False
head_on,14.900000000000077,13392.180360548498,13392.180360548498,116.78415554296208,15.695815535812763,none,T1,False
head_on,14.950000000000077,13327.014236303894,13327.014236303894,116.50481904899108,15.695815535812763,none,T1,False
head_on,15.000000000000078,13262.004172947123,13262.004172947123,116.22548256850295,15.695815535812763,none,T1,False
head_on,15.050000000000079,13197.150170454295,13197.150170454295,115.94614610149212,15.695815535812763,none,T1,False
head_on,15.10000000000008,13132.45222880155,13132.45222880155,115.66680964795309,15.695815535812763,none,T1,False
head_on,15.15000000000008,13067.91034796505,13067.91034796505,115.38747320788038,15.695815535812763,none,T1,False
head_on,15.200000000000081,13003.52452792099,13003.52452792099,115.10813678126864,15.695815535812763,none,T1,False
head_on,15.250000000000082,12939.294768645577,12939.294768645577,114.82880036811252,15.695815535812763,none,T1,False
head_on,15.300000000000082,12875.221070115047,12875.221070115047,114.54946396840671,15.695815535812763,none,T1,False
head_on,15.350000000000083,12811.303432305665,12811.303432305665,114.27012758214602,15.695815535812763,none,T1,False
head_on,15.400000000000084,12747.54185519371,12747.54185519371,113.9907912093252,15.695815535812763,none,T1,False
head_on,15.450000000000085,12683.93633875549,12683.93633875549,113.71145484993916,15.695815535812763,none,T1,False
head_on,15.500000000000085,12620.486882967338,12620.486882967338,113.4321185039828,15.695815535812763,none,T1,False
head_on,15.550000000000086,12557.193487805609,12557.193487805609,113.15278217145114,15.695815535812763,none,T1,False
head_on,15.600000000000087,12494.056153246684,12494.056153246684,112.87344585233919,15.695815535812763,none,T1,False
head_on,15.650000000000087,12431.074879266964,12431.074879266964,112.59410954664203,15.695815535812763,none,T1,False
head_on,15.700000000000088,12368.249665842877,12368.249665842877,112.31477325435483,15.695815535812763,none,T1,False
head_on,15.750000000000089,12305.580512950872,12305.580512950872,112.03543697547278,15.695815535812763,none,T1,False
head_on,15.80000000000009,12243.06742056743,12243.06742056743,111.75610070999119,15.695815535812763,none,T1,False
head_on,15.85000000000009,12180.71038866904,12180.71038866904,111.47676445790532,15.695815535812763,none,T1,False
head_on,15.900000000000091,12118.509417232231,12118.509417232231,111.1974282192106,15.695815535812763,none,T1,False
head_on,15.950000000000092,12056.464506233544,12056.464506233544,110.91809199390245,15.695815535812763,none,T1,False
head_on,16.000000000000092,11994.575655649549,11994.575655649549,110.63875578197637,15.695815535812763,none,T1,False
head_on,16.050000000000093,11932.842865456843,11932.842865456843,110.35941958342796,15.695815535812763,none,T1,False
head_on,16.100000000000094,11871.266135632035,11871.266135632035,110.08008339825282,15.695815535812763,none,T1,False
head_on,16.150000000000095,11809.845466151772,11809.845466151772,109.80074722644666,15.695815535812763,none,T1,False
head_on,16.200000000000095,11748.580856992714,11748.580856992714,109.52141106800522,15.695815535812763,none,T1,False
head_on,16.250000000000096,11687.47230813155,11687.47230813155,109.24207492292433,15.695815535812763,none,T1,False
head_on,16.300000000000097,11626.51981954499,11626.51981954499,108.96273879119987,15.695815535812763,none,T1,False
head_on,16.350000000000097,11565.723391209767,11565.723391209767,108.68340267282778,15.695815535812763,none,T1,False
head_on,16.400000000000098,11505.083023102638,11505.083023102638,108.40406656780408,15.695815535812763,none,T1,False
head_on,16.4500000000001,11444.598715200389,11444.598715200389,108.1247304761249,15.695815535812763,none,T1,False
head_on,16.5000000000001,11384.27046747982,11384.27046747982,107.84539439778632,15.695815535812763,none,T1,False
head_on,16.5500000000001,11324.098279917755,11324.098279917755,107.56605833278459,15.695815535812763,none,T1,False
head_on,16.6000000000001,11264.082152491055,11264.082152491055,107.28672228111603,15.695815535812763,none,T1,False
head_on,16.6500000000001,11204.222085176585,11204.222085176585,107.00738624277693,15.695815535812763,none,T1,False
head_on,16.700000000000102,11144.518077951254,11144.518077951254,106.72805021776382,15.695815535812763,none,T1,False
head_on,16.750000000000103,11084.970130791971,11084.970130791971,106.44871420607312,15.695815535812763,none,T1,False
head_on,16.800000000000104,11025.578243675693,11025.578243675693,106.16937820770147,15.695815535812763,none,T1,False
head_on,16.850000000000104,10966.342416579373,10966.342416579373,105.89004222264545,15.695815535812763,none,T1,False
head_on,16.900000000000105,10907.262649480013,10907.262649480013,105.61070625090183,15.695815535812763,none,T1,False
head_on,16.950000000000106,10848.338942354627,10848.338942354627,105.33137029246743,15.695815535812763,none,T1,False
head_on,17.000000000000107,10789.57129518025,10789.57129518025,105.05203434733909,15.695815535812763,none,T1,False
head_on,17.050000000000107,10730.95970793394,10730.95970793394,104.77269841551377,15.695815535812763,none,T1,False
head_on,17.100000000000108,10672.504180592785,10672.504180592785,104.49336249698852,15.695815535812763,none,T1,False
head_on,17.15000000000011,10614.204713133891,10614.204713133891,104.21402659176044,15.695815535812763,none,T1,False
head_on,17.20000000000011,10556.06130553439,10556.06130553439,103.93469069982675,15.695815535812763,none,T1,False
head_on,17.25000000000011,10498.073957771427,10498.073957771427,103.65535482118466,15.695815535812763,none,T1,False
head_on,17.30000000000011,10440.242669822188,10440.242669822188,103.37601895583158,15.695815535812763,none,T1,False
head_on,17.35000000000011,10382.567441663869,10382.567441663869,103.09668310376493,15.695815535812763,none,T1,False
head_on,17.400000000000112,10325.04827327369,10325.04827327369,102.81734726498225,15.695815535812763,none,T1,False
head_on,17.450000000000113,10267.685164628894,10267.685164628894,102.5380114394811,15.695815535812763,none,T1,False
head_on,17.500000000000114,10210.478115706757,10210.478115706757,102.25867562725922,15.695815535812763,none,T1,False
head_on,17.550000000000114,10153.427126484565,10153.427126484565,101.97933982831438,15.695815535812763,none,T1,False
head_on,17.600000000000115,10096.532196939635,10096.532196939635,101.70000404264445,15.695815535812763,none,T1,False
head_on,17.650000000000116,10039.793327049303,10039.793327049303,101.42066827024739,15.695815535812763,none,T1,False
head_on,17.700000000000117,9983.210516790927,9983.210516790927,101.14133251112123,15.695815535812763,none,T1,False
head_on,17.750000000000117,9926.783766141893,9926.783766141893,100.86199676526414,15.695815535812763,none,T1,False
head_on,17.800000000000118,9870.513075079603,9870.513075079603,100.58266103267434,15.695815535812763,none,T1,False
head_on,17.85000000000012,9814.39844358149,9814.39844358149,100.30332531335016,15.695815535812763,none,T1,False
head_on,17.90000000000012,9758.439871625002,9758.439871625002,100.02398960729003,15.695815535812763,none,T1,False
head_on,17.95000000000012,9702.637359187616,9702.637359187616,99.74465391449247,15.695815535812763,none,T1,True
head_on,18.00000000000012,9646.990906246825,9646.990906246825,99.46531823495609,15.695815535812763,none,T1,True
head_on,18.05000000000012,9591.500512780154,9591.500512780154,99.18598256867962,15.695815535812763,none,T1,True
head_on,18.100000000000122,9536.166178765141,9536.166178765141,98.90664691566185,15.695815535812763,none,T1,True
head_on,18.150000000000123,9480.98790417935,9480.98790417935,98.62731127590173,15.695815535812763,none,T1,True
head_on,18.200000000000124,9425.965689000375,9425.965689000375,98.34797564939828,15.695815535812763,none,T1,True
head_on,18.250000000000124,9371.099533205821,9371.099533205821,98.06864003615061,15.695815535812763,none,T1,True
head_on,18.300000000000125,9316.389436773321,9316.389436773321,97.78930443615796,15.695815535812763,none,T1,True
head_on,18.350000000000126,9261.835399680536,9261.835399680536,97.50996884941969,15.695815535812763,none,T1,True
head_on,18.400000000000126,9207.437421905139,9207.437421905139,97.23063327593522,15.695815535812763,none,T1,True
head_on,18.450000000000127,9153.19550342483,9153.19550342483,96.9512977157041,15.695815535812763,none,T1,True
head_on,18.500000000000128,9099.109644217335,9099.109644217335,96.67196216872603,15.695815535812763,none,T1,True
head_on,18.55000000000013,9045.1798442604,9045.1798442604,96.39262663500078,15.695815535812763,none,T1,True
head_on,18.60000000000013,8991.40610353179,8991.40610353179,96.11329111452824,15.695815535812763,none,T1,True
head_on,18.65000000000013,8937.788422009302,8937.788422009302,95.83395560730844,15.695815535812763,none,T1,True
head_on,18.70000000000013,8884.326799670747,8884.326799670747,95.5546201133415,15.695815535812763,none,T1,True
head_on,18.75000000000013,8831.021236493956,8831.021236493956,95.27528463262767,15.695815535812763,none,T1,True
head_on,18.800000000000132,8624.14839141068,8624.14839141068,94.99594916516733,15.695815535812763,head_on,T1,True
head_on,18.850000000000133,8571.156139934083,8571.156139934083,94.71661371096098,15.695815535812763,head_on,T1,True
head_on,18.900000000000134,8523.381259462905,8523.381259462905,94.43979604820963,15.695815535812763,head_on,T1,True
head_on,18.950000000000134,8479.453579382274,8479.453579382274,94.16400058324498,15.695815535812763,head_on,T1,True
head_on,19.000000000000135,8437.98669527215,8437.98669527215,93.88779768612402,15.695815535812763,head_on,T1,True
head_on,19.050000000000136,8397.571919892618,8397.571919892618,93.61136291673095,15.695815535812763,head_on,T1,True
head_on,19.100000000000136,8357.2726164789,8357.2726164789,93.33498021627037,15.695815535812763,head_on,T1,True
head_on,19.150000000000137,8316.532503572324,8316.532503572324,93.05892144236748,15.695815535812763,head_on,T1,True
head_on,19.200000000000138,8275.067343999945,8275.067343999945,92.78341602254775,15.695815535812763,head_on,T1,True
head_on,19.25000000000014,8232.774971184783,8232.774971184783,92.50863618449685,15.695815535812763,head_on,T1,True
head_on,19.30000000000014,8189.665570021136,8189.665570021136,92.23469459872594,15.695815535812763,head_on,T1,True
head_on,19.35000000000014,8145.81148436149,8145.81148436149,91.96164987916676,15.695815535812763,head_on,T1,True
head_on,19.40000000000014,8101.313616567646,8101.313616567646,91.6895160022227,15.695815535812763,head_on,T1,True
head_on,19.45000000000014,8056.2805682537855,8056.2805682537855,91.41827286683373,15.695815535812763,head_on,T1,True
head_on,19.500000000000142,8010.816796600715,8010.816796600715,91.14787631322515,15.695815535812763,head_on,T1,True
head_on,19.550000000000143,7965.016715799569,7965.016715799569,90.87826674781832,15.695815535812763,head_on,T1,True
head_on,19.600000000000144,7918.962462372299,7918.962462372299,90.60937607274668,15.695815535812763,head_on,T1,True
head_on,19.650000000000144,7872.723753789454,7872.723753789454,90.34113294425255,15.695815535812763,head_on,T1,True
head_on,19.700000000000145,7826.358825038585,7826.358825038585,90.07346655120055,15.695815535812763,head_on,T1,True
head_on,19.750000000000146,7779.915824584465,7779.915824584465,89.80630917025431,15.695815535812763,head_on,T1,True
head_on,19.800000000000146,7733.434316845292,7733.434316845292,89.53959776036,15.695815535812763,head_on,T1,True
head_on,19.850000000000147,7686.946706808434,7686.946706808434,89.27327483467428,15.695815535812763,head_on,T1,True
head_on,19.900000000000148,7640.479503855061,7640.479503855061,89.00728881081504,15.695815535812763,head_on,T1,True
head_on,19.95000000000015,7594.054399480709,7594.054399480709,88.74159400059514,15.695815535812763,head_on,T1,True
head_on,20.00000000000015,7547.689163875866,7547.689163875866,88.47615036358854,15.695815535812763,head_on,T1,True
head_on,20.05000000000015,7501.398380321398,7501.398380321398,88.21092311730409,15.695815535812763,head_on,T1,True
head_on,20.10000000000015,7455.194041144528,7455.194041144528,87.94588227101472,15.695815535812763,head_on,T1,True
head_on,20.15000000000015,7409.0860289323855,7409.0860289323855,87.68100213009839,15.695815535812763,head_on,T1,True
head_on,20.200000000000152,7363.082504385253,7363.082504385253,87.41626080237438,15.695815535812763,head_on,T1,True
head_on,20.250000000000153,7317.190219056515,7317.190219056515,87.15163972652603,15.695815535812763,head_on,T1,True
head_on,20.300000000000153,7271.414768030037,7271.414768030037,86.88712323446862,15.695815535812763,head_on,T1,True
head_on,20.350000000000154,7225.7607946854605,7225.7607946854605,86.6226981537298,15.695815535812763,head_on,T1,True
head_on,20.400000000000155,7180.232157231167,7180.232157231167,86.3583534519587,15.695815535812763,head_on,T1,True
head_on,20.450000000000156,7134.8320646577495,7134.8320646577495,86.09407992308269,15.695815535812763,head_on,T1,True
head_on,20.500000000000156,7089.563188142928,7089.563188142928,85.82986991301483,15.695815535812763,head_on,T1,True
head_on,20.550000000000157,7044.427752660117,7044.427752660117,85.56571708188993,15.695815535812763,head_on,T1,True
head_on,20.600000000000158,6999.427612544429,6999.427612544429,85.3016161993585,15.695815535812763,head_on,T1,True
head_on,20.65000000000016,6954.564313993628,6954.564313993628,85.03756296933994,15.695815535812763,head_on,T1,True
head_on,20.70000000000016,6909.839146878709,6909.839146878709,84.77355388071342,15.695815535812763,head_on,T1,True
head_on,20.75000000000016,6865.253187769343,6865.253187769343,84.50958608062638,15.695815535812763,head_on,T1,True
head_on,20.80000000000016,6820.807335712693,6820.807335712693,84.24565726737207,15.695815535812763,head_on,T1,True
head_on,20.85000000000016,6776.502342015472,6776.502342015472,83.98176560008902,15.695815535812763,head_on,T1,True
head_on,20.900000000000162,6732.338835050579,6732.338835050579,83.71790962284308,15.695815535812763,head_on,T1,True
head_on,20.950000000000163,6688.3173409272795,6688.3173409272795,83.45408820095062,15.695815535812763,head_on,T1,True
head_on,21.000000000000163,6644.438300717066,6644.438300717066,83.19030046767986,15.695815535812763,head_on,T1,True
head_on,21.050000000000164,6600.70208480835,6600.70208480835,82.9265457797212,15.695815535812763,head_on,T1,True
head_on,21.100000000000165,6557.109004866176,6557.109004866176,82.66282368004623,15.695815535812763,head_on,T1,True
head_on,21.150000000000166,6513.659323793264,6513.659323793264,82.39913386697597,15.695815535812763,head_on,T1,True
head_on,21.200000000000166,6470.353264022987,6470.353264022986,82.13547616845625,15.695815535812763,head_on,T1,True
head_on,21.250000000000167,6427.191014420341,6427.191014420341,81.87185052069125,15.695815535812763,head_on,T1,True
head_on,21.300000000000168,6384.1727360214945,6384.1727360214945,81.60825695041825,15.695815535812763,head_on,T1,True
head_on,21.35000000000017,6341.29856680474,6341.29856680474,81.34469556021999,15.695815535812763,head_on,T1,True
head_on,21.40000000000017,6298.568625654078,6298.568625654078,81.08116651636803,15.695815535812763,head_on,T1,True
head_on,21.45000000000017,6255.983015650067,6255.983015650067,80.81767003877162,15.695815535812763,head_on,T1,True
head_on,21.50000000000017,6213.541826800625,6213.541826800625,80.55420639267726,15.695815535812763,head_on,T1,True
head_on,21.55000000000017,6171.245138305712,6171.245138305712,80.29077588182142,15.695815535812763,head_on,T1,True
head_on,21.600000000000172,6129.093020434456,6129.093020434456,80.02737884278937,15.695815535812763,head_on,T1,True
head_on,21.650000000000173,6087.085536080164,6087.085536080164,79.76401564037363,15.695815535812763,head_on,T1,True
head_on,21.700000000000173,6045.222742047796,6045.222742047796,79.50068666376039,15.695815535812763,head_on,T1,True
head_on,21.750000000000174,6003.504690119414,6003.504690119414,79.23739232340193,15.695815535812763,head_on,T1,True
head_on,21.800000000000175,5961.93142793542,5961.93142793542,78.97413304845617,15.695815535812763,head_on,T1,True
head_on,21.850000000000176,5920.502999723099,5920.502999723099,78.71090928469543,15.695815535812763,head_on,T1,True
head_on,21.900000000000176,5879.219446898626,5879.219446898626,78.44772149280334,15.695815535812763,head_on,T1,True
head_on,21.950000000000177,5838.080808564338,5838.080808564338,78.18457014699248,15.695815535812763,head_on,T1,True
head_on,22.000000000000178,5797.087121919222,5797.087121919222,77.92145573388675,15.695815535812763,head_on,T1,True
head_on,22.05000000000018,5756.238422597709,5756.238422597709,77.658378751623,15.695815535812763,head_on,T1,True
head_on,22.10000000000018,5715.534744949126,5715.534744949126,77.39533970913355,15.695815535812763,head_on,T1,True
head_on,22.15000000000018,5674.976122268099,5674.976122268099,77.13233912557811,15.695815535812763,head_on,T1,True
head_on,22.20000000000018,5634.562586984476,5634.562586984476,76.86937752989971,15.695815535812763,head_on,T1,True
head_on,22.25000000000018,5594.2941708197395,5594.2941708197395,76.60645546048237,15.695815535812763,head_on,T1,True
head_on,22.300000000000182,5554.170904915841,5554.170904915841,76.34357346489394,15.695815535812763,head_on,T1,True
head_on,22.350000000000183,5514.192819941196,5514.192819941196,76.08073209969875,15.695815535812763,head_on,T1,True
head_on,22.400000000000183,5474.359946177894,5474.359946177894,75.81793193032864,15.695815535812763,head_on,T1,True
head_on,22.450000000000184,5434.672313593358,5434.672313593358,75.55517353100225,15.695815535812763,head_on,T1,True
head_on,22.500000000000185,5395.129951899221,5395.129951899221,75.29245748468462,15.695815535812763,head_on,T1,True
head_on,22.550000000000185,5355.732890599647,5355.732890599647,75.02978438308047,15.695815535812763,head_on,T1,True
head_on,22.600000000000186,5316.48115903093,5316.48115903093,74.76715482665563,15.695815535812763,head_on,T1,True
head_on,22.650000000000187,5277.374786393927,5277.374786393927,74.50456942468216,15.695815535812763,head_on,T1,True
head_on,22.700000000000188,5238.4138017805735,5238.4138017805735,74.24202879530355,15.695815535812763,head_on,T1,True
head_on,22.75000000000019,5199.598234195509,5199.598234195509,73.97953356561698,15.695815535812763,head_on,T1,True
head_on,22.80000000000019,5160.928112573691,5160.928112573691,73.71708437177006,15.695815535812763,head_on,T1,True
head_on,22.85000000000019,5122.403465794668,5122.403465794668,73.4546818590703,15.695815535812763,head_on,T1,True
head_on,22.90000000000019,5084.024322694122,5084.024322694122,73.19232668210539,15.695815535812763,head_on,T1,True
head_on,22.95000000000019,5045.7907120731525,5045.7907120731525,72.93001950487324,15.695815535812763,head_on,T1,True
head_on,23.000000000000192,5007.702662705665,5007.702662705665,72.66776100092044,15.695815535812763,head_on,T1,True
head_on,23.050000000000193,4969.760203344231,4969.760203344231,72.40555185348848,15.695815535812763,head_on,T1,True
head_on,23.100000000000193,4931.963362724645,4931.963362724645,72.14339275566694,15.695815535812763,head_on,T1,True
head_on,23.150000000000194,4894.3121695694335,4894.3121695694335,71.88128441055319,15.695815535812763,head_on,T1,True
head_on,23.200000000000195,4856.806652590453,4856.806652590453,71.61922753141798,15.695815535812763,head_on,T1,True
head_on,23.250000000000195,4819.446840490749,4819.446840490749,71.35722284187666,15.695815535812763,head_on,T1,True
head_on,23.300000000000196,4782.232761965812,4782.232761965812,71.09527107606601,15.695815535812763,head_on,T1,True
head_on,23.350000000000197,4745.164445704282,4745.164445704282,70.83337297882602,15.695815535812763,head_on,T1,True
head_on,23.400000000000198,4708.241920388223,4708.241920388223,70.5715293058869,15.695815535812763,head_on,T1,True
head_on,23.4500000000002,4671.465214693017,4671.465214693017,70.30974082406094,15.695815535812763,head_on,T1,True
head_on,23.5000000000002,4634.834357286922,4634.834357286922,70.04800831143933,15.695815535812763,head_on,T1,True
head_on,23.5500000000002,4598.349376830364,4598.349376830364,69.78633255759384,15.695815535812763,head_on,T1,True
head_on,23.6000000000002,4562.0103019749695,4562.0103019749695,69.52471436378335,15.695815535812763,head_on,T1,True
head_on,23.6500000000002,4525.8171613623745,4525.8171613623745,69.26315454316534,15.695815535812763,head_on,T1,True
head_on,23.700000000000202,4489.769983622848,4489.769983622848,69.00165392101218,15.695815535812763,head_on,T1,True
head_on,23.750000000000203,4453.868797373727,4453.868797373727,68.7402133349325,15.695815535812763,head_on,T1,True
head_on,23.800000000000203,4418.113631217687,4418.113631217687,68.47883363509763,15.695815535812763,head_on,T1,True
head_on,23.850000000000204,4382.504513740864,4382.504513740864,68.2175156844731,15.695815535812763,head_on,T1,True
head_on,23.900000000000205,4347.04147351082,4347.04147351082,67.95626035905536,15.695815535812763,head_on,T1,True
head_on,23.950000000000205,4311.724539074367,4311.724539074367,67.69506854811397,15.695815535812763,head_on,T1,True
head_on,24.000000000000206,4276.553738955272,4276.553738955272,67.43394115443897,15.695815535812763,head_on,T1,True
head_on,24.050000000000207,4241.5291016517995,4241.5291016517995,67.1728790945941,15.695815535812763,head_on,T1,True
head_on,24.100000000000207,4206.650655634142,4206.650655634142,66.91188329917536,15.695815535812763,head_on,T1,True
head_on,24.150000000000208,4171.918429341718,4171.918429341718,66.65095471307573,15.695815535812763,head_on,T1,True
head_on,24.20000000000021,4137.332451180314,4137.332451180314,66.39009429575555,15.695815535812763,head_on,T1,True
head_on,24.25000000000021,4102.89274951912,4102.89274951912,66.12930302151909,15.695815535812763,head_on,T1,True
head_on,24.30000000000021,4068.599352687594,4068.599352687594,65.8685818797973,15.695815535812763,head_on,T1,True
head_on,24.35000000000021,4034.4522889722302,4034.4522889722302,65.60793187543709,15.695815535812763,head_on,T1,True
head_on,24.40000000000021,4000.4515866131296,4000.4515866131296,65.34735402899692,15.695815535812763,head_on,T1,True
head_on,24.450000000000212,3966.597273800473,3966.597273800473,65.0868493770493,15.695815535812763,head_on,T1,True
head_on,24.500000000000213,3932.8893786707995,3932.8893786707995,64.82641897249002,15.695815535812763,head_on,T1,True
head_on,24.550000000000214,3899.3279293031533,3899.3279293031533,64.5660638848545,15.695815535812763,head_on,T1,True
head_on,24.600000000000215,3865.912953715066,3865.912953715066,64.30578520064142,15.695815535812763,head_on,T1,True
head_on,24.650000000000215,3832.6444798583493,3832.6444798583493,64.04558402364356,15.695815535812763,head_on,T1,True
head_on,24.700000000000216,3799.5225356147403,3799.5225356147403,63.78546147528648,15.695815535812763,head_on,T1,True
head_on,24.750000000000217,3766.5471487913496,3766.5471487913496,63.52541869497495,15.695815535812763,head_on,T1,True
head_on,24.800000000000217,3733.718347115932,3733.718347115932,63.265456840447264,15.695815535812763,head_on,T1,True
head_on,24.850000000000218,3701.0361582319492,3701.0361582319492,63.005577088137876,15.695815535812763,head_on,T1,True
head_on,24.90000000000022,3668.500609693447,3668.500609693447,62.7457806335485,15.695815535812763,head_on,T1,True
head_on,24.95000000000022,3636.1117289597137,3636.1117289597137,62.48606869162776,15.695815535812763,head_on,T1,True
head_on,25.00000000000022,3603.8695433897237,3603.8695433897237,62.2264424971598,15.695815535812763,head_on,T1,True
head_on,25.05000000000022,3571.7740802363587,3571.7740802363587,61.96690330516205,15.695815535812763,head_on,T1,True
head_on,25.10000000000022,3539.8253666403907,3539.8253666403907,61.707452391292215,15.695815535812763,head_on,T1,True
head_on,25.150000000000222,3508.023429624222,3508.023429624222,61.44809105226501,15.695815535812763,head_on,T1,True
head_on,25.200000000000223,3476.3682960853826,3476.3682960853826,61.18882060627879,15.695815535812763,head_on,T1,True
head_on,25.250000000000224,3444.859992789747,3444.859992789747,60.92964239345211,15.695815535812763,head_on,T1,True
head_on,25.300000000000225,3413.4985463644985,3413.4985463644985,60.67055777627096,15.695815535812763,head_on,T1,True
head_on,25.350000000000225,3382.283983290799,3382.283983290799,60.41156814004652,15.695815535812763,head_on,T1,True
head_on,25.400000000000226,3351.2163298961646,3351.2163298961646,60.15267489338392,15.695815535812763,head_on,T1,True
head_on,25.450000000000227,3320.2956123465447,3320.2956123465447,59.893879468662355,15.695815535812763,head_on,T1,True
head_on,25.500000000000227,3289.521856638071,3289.521856638071,59.63518332252667,15.695815535812763,head_on,T1,True
head_on,25.550000000000228,3258.8950885884888,3258.8950885884888,59.37658793639095,15.695815535812763,head_on,T1,True
head_on,25.60000000000023,3228.415333828239,3228.415333828239,59.11809481695428,15.695815535812763,head_on,T1,True
head_on,25.65000000000023,3198.0826177911863,3198.0826177911863,58.85970549672911,15.695815535812763,head_on,T1,True
head_on,25.70000000000023,3167.896965704974,3167.896965704974,58.60142153458246,15.695815535812763,head_on,T1,True
head_on,25.75000000000023,3137.858402580996,3137.858402580996,58.34324451629045,15.695815535812763,head_on,T1,True
head_on,25.80000000000023,3107.9669532039743,3107.9669532039743,58.08517605510648,15.695815535812763,head_on,T1,True
head_on,25.850000000000232,3078.222642121108,3078.222642121108,57.82721779234335,15.695815535812763,head_on,T1,True
head_on,25.900000000000233,3048.6254936308064,3048.6254936308064,57.56937139796982,15.695815535812763,head_on,T1,True
head_on,25.950000000000234,3019.1755317709585,3019.1755317709585,57.31163857122201,15.695815535812763,head_on,T1,True
head_on,26.000000000000234,2989.8727803067427,2989.8727803067427,57.054021041229944,15.695815535812763,head_on,T1,True
head_on,26.050000000000235,2960.717262717949,2960.717262717949,56.79652056765973,15.695815535812763,head_on,T1,True
head_on,26.100000000000236,2931.7090021858025,2931.7090021858025,56.539138941371945,15.695815535812763,head_on,T1,True
head_on,26.150000000000237,2902.8480215792492,2902.8480215792492,56.28187798509643,15.695815535812763,head_on,T1,True
head_on,26.200000000000237,2874.1343434407086,2874.1343434407086,56.02473955412409,15.695815535812763,head_on,T1,True
head_on,26.250000000000238,2845.5679899712513,2845.5679899712513,55.767725537016254,15.695815535812763,head_on,T1,True
head_on,26.30000000000024,2817.148983015194,2817.148983015194,55.51083785633197,15.695815535812763,head_on,T1,True
head_on,26.35000000000024,2788.87734404407,2788.87734404407,55.25407846937377,15.695815535812763,head_on,T1,True
head_on,26.40000000000024,2760.753094139972,2760.753094139972,54.99744936895247,15.695815535812763,head_on,T1,True
head_on,26.45000000000024,2732.776253978227,2732.776253978227,54.74095258417158,15.695815535812763,head_on,T1,True
head_on,26.50000000000024,2704.946843809379,2704.946843809379,54.48459018123169,15.695815535812763,head_on,T1,True
head_on,26.550000000000242,2677.264883440461,2677.264883440461,54.228364264255745,15.695815535812763,head_on,T1,True
head_on,26.600000000000243,2649.730392215508,2649.730392215508,53.97227697613545,15.695815535812763,head_on,T1,True
head_on,26.650000000000244,2622.343388995312,2622.343388995312,53.7163304993997,15.695815535812763,head_on,T1,True
head_on,26.700000000000244,2595.1038921363497,2595.1038921363497,53.46052705710545,15.695815535812763,head_on,T1,True
head_on,26.750000000000245,2568.0119194688828,2568.0119194688828,53.20486891375185,15.695815535812763,head_on,T1,True
head_on,26.800000000000246,2541.0674882741773,2541.0674882741773,52.94935837621821,15.695815535812763,head_on,T1,True
head_on,26.850000000000247,2514.270615260821,2514.270615260821,52.69399779472652,15.695815535812763,head_on,T1,True
head_on,26.900000000000247,2487.6213165400877,2487.6213165400877,52.438789563829296,15.695815535812763,head_on,T1,True
head_on,26.950000000000248,2461.1196076003203,2461.1196076003203,52.18373612342337,15.695815535812763,head_on,T1,True
head_on,27.00000000000025,2434.7655032802886,2434.7655032802886,51.92883995979049,15.695815535812763,head_on,T1,True
head_on,27.05000000000025,2408.5590177414842,2408.5590177414842,51.674103606665454,15.695815535812763,head_on,T1,True
head_on,27.10000000000025,2382.5001644393037,2382.5001644393037,51.41952964633268,15.695815535812763,head_on,T1,True
head_on,27.15000000000025,2356.588956093082,2356.588956093082,51.165120710751864,15.695815535812763,head_on,T1,True
head_on,27.20000000000025,2330.8254046549173,2330.8254046549173,50.91087948271382,15.695815535812763,head_on,T1,True
head_on,27.250000000000252,2305.20952127726,2305.20952127726,50.65680869702717,15.695815535812763,head_on,T1,True
head_on,27.300000000000253,2279.7413162791877,2279.7413162791877,50.40291114173698,15.695815535812763,head_on,T1,True
head_on,27.350000000000254,2254.4207991113362,2254.4207991113362,50.149189659376155,15.695815535812763,head_on,T1,True
head_on,27.400000000000254,2229.247978319417,2229.247978319417,49.89564714825063,15.695815535812763,head_on,T1,True
head_on,27.450000000000255,2204.222861506276,2204.222861506276,49.64228656375937,15.695815535812763,head_on,T1,True
head_on,27.500000000000256,2179.34545529242,2179.34545529242,49.389110919750145,15.695815535812763,head_on,T1,True
head_on,27.550000000000257,2154.6157652749553,2154.6157652749553,49.13612328991223,15.695815535812763,head_on,T1,True
head_on,27.600000000000257,2130.033795984884,2130.033795984884,48.88332680920712,15.695815535812763,head_on,T1,True
head_on,27.650000000000258,2105.599550842667,2105.599550842667,48.63072467533833,15.695815535812763,head_on,T1,True
head_on,27.70000000000026,2081.3130321120075,2081.3130321120075,48.37832015026147,15.695815535812763,head_on,T1,True
head_on,27.75000000000026,2057.174240851758,2057.174240851758,48.12611656173589,15.695815535812763,head_on,T1,True
head_on,27.80000000000026,2033.1831768659035,2033.1831768659035,47.87411730491905,15.695815535812763,head_on,T1,True
head_on,27.85000000000026,2009.3398386515123,2009.3398386515123,47.62232584400485,15.695815535812763,head_on,T1,True
head_on,27.90000000000026,1985.6442233445896,1985.6442233445896,47.37074571390747,15.695815535812763,head_on,T1,True
head_on,27.950000000000262,1962.0963266637402,1962.0963266637402,47.11938052199173,15.695815535812763,head_on,T1,True
head_on,28.000000000000263,1938.6961428515556,1938.6961428515556,46.86823394985174,15.695815535812763,head_on,T1,True
head_on,28.050000000000264,1915.4436646136276,1915.4436646136276,46.61730975513904,15.695815535812763,head_on,T1,True
head_on,28.100000000000264,1892.3388830550884,1892.3388830550884,46.36661177344176,15.695815535812763,head_on,T1,True
head_on,28.150000000000265,1869.3817876145906,1869.3817876145906,46.11614392021652,15.695815535812763,head_on,T1,True
head_on,28.200000000000266,1846.5723659955966,1846.5723659955966,45.865910192774365,15.695815535812763,head_on,T1,True
head_on,28.250000000000266,1823.9106040948955,1823.9106040948955,45.61591467232262,15.695815535812763,head_on,T1,True
head_on,28.300000000000267,1801.396485928207,1801.396485928207,45.366161526064154,15.695815535812763,head_on,T1,True
head_on,28.350000000000268,1779.0299935527778,1779.0299935527778,45.11665500935601,15.695815535812763,head_on,T1,True
head_on,28.40000000000027,1756.81110698682,1756.81110698682,44.867399467928905,15.695815535812763,head_on,T1,True
head_on,28.45000000000027,1734.7398041256938,1734.7398041256938,44.61839934016968,15.695815535812763,head_on,T1,True
head_on,28.50000000000027,1712.8160606546664,1712.8160606546664,44.36965915946847,15.695815535812763,head_on,T1,True
head_on,28.55000000000027,1691.0398499581358,1691.0398499581358,44.12118355663254,15.695815535812763,head_on,T1,True
head_on,28.60000000000027,1669.4111430251585,1669.4111430251585,43.87297726236884,15.695815535812763,head_on,T1,True
head_on,28.650000000000272,1647.9299083511346,1647.9299083511346,43.62504510983736,15.695815535812763,head_on,T1,True
head_on,28.700000000000273,1626.5961118354921,1626.5961118354921,43.37739203727723,15.695815535812763,head_on,T1,True
head_on,28.750000000000274,1605.4097166752108,1605.4097166752108,43.13002309070807,15.695815535812763,head_on,T1,True
head_on,28.800000000000274,1584.389258547889,1584.389258547889,42.883028048020016,15.695815535812763,head_on,T1,True
head_on,28.850000000000275,1563.6489438558694,1563.6489438558694,42.63694153108187,15.695815535812763,head_on,T1,True
head_on,28.900000000000276,1543.2423752140264,1543.2423752140264,42.39214639631315,15.695815535812763,head_on,T1,True
head_on,28.950000000000276,1523.1834840365495,1523.1834840365495,42.14890617704773,15.695815535812763,head_on,T1,True
head_on,29.000000000000277,1503.4627644806196,1503.4627644806196,41.90739330578358,15.695815535812763,head_on,T1,True
head_on,29.050000000000278,1484.0592785452936,1484.0592785452936,41.66771327842491,15.695815535812763,head_on,T1,True
head_on,29.10000000000028,1464.9486813874425,1464.9486813874425,41.42992450869761,15.695815535812763,head_on,T1,True
head_on,29.15000000000028,1446.1078840594428,1446.1078840594428,41.194053909219505,15.695815535812763,head_on,T1,True
head_on,29.20000000000028,1427.5172228745123,1427.5172228745123,40.9601085772904,15.695815535812763,head_on,T1,True
head_on,29.25000000000028,1409.1610126916783,1409.1610126916783,40.72808417477556,15.695815535812763,head_on,T1,True
head_on,29.30000000000028,1391.0272052868531,1391.0272052868531,40.49797066257181,15.695815535812763,head_on,T1,True
head_on,29.350000000000282,1373.1066613515982,1373.1066613515982,40.26975602205622,15.695815535812763,head_on,T1,True
head_on,29.400000000000283,1355.3923480023018,1355.3923480023018,40.043428513440325,15.695815535812763,head_on,T1,True
head_on,29.450000000000284,1337.878624247862,1337.878624247862,39.81897791798497,15.695815535812763,head_on,T1,True
head_on,29.500000000000284,1320.5606782958798,1320.5606782958798,39.5963961087352,15.695815535812763,head_on,T1,True
head_on,29.550000000000285,1303.4341235644101,1303.4341235644101,39.375677203835195,15.695815535812763,head_on,T1,True
head_on,29.600000000000286,1286.4947322704202,1286.4947322704202,39.15681748185367,15.695815535812763,head_on,T1,True
head_on,29.650000000000286,1269.738275448852,1269.738275448852,38.939815180237474,15.695815535812763,head_on,T1,True
head_on,29.700000000000287,1253.1604381424336,1253.1604381424336,38.72467025438313,15.695815535812763,head_on,T1,True
head_on,29.750000000000288,1236.7567830419905,1236.7567830419905,38.51138414346232,15.695815535812763,head_on,T1,True
head_on,29.80000000000029,1220.5282775397577,1220.5282775397577,38.299959567524596,15.695815535812763,head_on,T1,True
head_on,29.85000000000029,1204.5199747234433,1204.5199747234433,38.09040036620388,15.695815535812763,head_on,T1,True
head_on,29.90000000000029,1188.7404441495826,1188.7404441495826,37.8827014544085,15.695815535812763,head_on,T1,True
head_on,29.95000000000029,1173.1858671781144,1173.1858671781144,37.67684292124773,15.695815535812763,head_on,T1,True
head_on,30.00000000000029,1157.8524753119705,1157.8524753119705,37.47280481424138,15.695815535812763,head_on,T1,True
head_on,30.050000000000292,1142.7366241627712,1142.7366241627712,37.27056814025019,15.695815535812763,head_on,T1,True
head_on,30.100000000000293,1127.834828914706,1127.834828914706,37.070115379493586,15.695815535812763,head_on,T1,True
head_on,30.150000000000293,1113.1437737102613,1113.1437737102613,36.871430661753855,15.695815535812763,head_on,T1,True
head_on,30.200000000000294,1098.6603046412613,1098.6603046412613,36.6744997235889,15.695815535812763,head_on,T1,True
head_on,30.250000000000295,1084.381413584825,1084.381413584825,36.47930973742631,15.695815535812763,head_on,T1,True
head_on,30.300000000000296,1070.3042180472182,1070.3042180472182,36.28584907896575,15.695815535812763,head_on,T1,True
head_on,30.350000000000296,1056.4259404867948,1056.4259404867948,36.0941070788717,15.695815535812763,head_on,T1,True
head_on,30.400000000000297,1042.7438892641228,1042.7438892641228,35.9040737883375,15.695815535812763,head_on,T1,True
head_on,30.450000000000298,1029.2554423759661,1029.2554423759661,35.71573977548592,15.695815535812763,head_on,T1,True
head_on,30.5000000000003,1015.9580344224865,1015.9580344224865,35.52909596030763,15.695815535812763,head_on,T1,True
head_on,30.5500000000003,1002.849146782777,1002.849146782777,35.34413348940724,15.695815535812763,head_on,T1,True
head_on,30.6000000000003,989.9263006829789,989.9263006829789,35.16084364768912,15.695815535812763,head_on,T1,True
head_on,30.6500000000003,977.1870526885706,977.1870526885706,34.97921780175812,15.695815535812763,head_on,T1,True
head_on,30.7000000000003,964.6289920989144,964.6289920989144,34.79924736877474,15.695815535812763,head_on,T1,True
head_on,30.750000000000302,952.2497397354178,952.2497397354178,34.620923804394344,15.695815535812763,head_on,T1,True
head_on,30.800000000000303,940.0469476690072,940.0469476690072,34.44423860391268,15.695815535812763,head_on,T1,True
head_on,30.850000000000303,928.0182995084161,928.0182995084161,34.269183311580065,15.695815535812763,head_on,T1,True
head_on,30.900000000000304,916.1615109537894,916.1615109537894,34.095749534040905,15.695815535812763,head_on,T1,True
head_on,30.950000000000305,904.4743304005539,904.4743304005539,33.923928954866284,15.695815535812763,head_on,T1,True
head_on,31.000000000000306,892.9545394503235,892.9545394503235,33.75371334808342,15.695815535812763,head_on,T1,True
head_on,31.050000000000306,881.5999532454967,881.5999532454967,33.5850945894121,15.695815535812763,head_on,T1,True
head_on,31.100000000000307,870.4084205910375,870.4084205910375,33.41806466456875,15.695815535812763,head_on,T1,True
head_on,31.150000000000308,859.3778238610431,859.3778238610431,33.2526156744895,15.695815535812763,head_on,T1,True
head_on,31.20000000000031,848.5060787103388,848.5060787103388,33.08873983766381,15.695815535812763,head_on,T1,True
head_on,31.25000000000031,837.7911336243866,837.7911336243866,32.92642948998036,15.695815535812763,head_on,T1,True
head_on,31.30000000000031,827.2309693462297,827.2309693462297,32.765677082588894,15.695815535812763,head_on,T1,True
head_on,31.35000000000031,816.823598219108,816.823598219108,32.60647517830422,15.695815535812763,head_on,T1,True
head_on,31.40000000000031,806.5670634795387,806.5670634795387,32.44881644704164,15.695815535812763,head_on,T1,True
head_on,31.450000000000312,796.459438529717,796.459438529717,32.29269366070255,15.695815535812763,head_on,T1,True
head_on,31.500000000000313,786.4988262112482,786.4988262112482,32.1380996878395,15.695815535812763,head_on,T1,True
head_on,31.550000000000313,776.6833580954261,776.6833580954261,31.985027488337217,15.695815535812763,head_on,T1,True
head_on,31.600000000000314,767.0111937991938,767.0111937991938,31.833470108259565,15.695815535812763,head_on,T1,True
head_on,31.650000000000315,757.4805203308551,757.4805203308551,31.68342067493844,15.695815535812763,head_on,T1,True
head_on,31.700000000000315,748.0895514657864,748.0895514657864,31.534872392322246,15.695815535812763,head_on,T1,True
head_on,31.750000000000316,738.8365271497695,738.8365271497695,31.38781853656018,15.695815535812763,head_on,T1,True
head_on,31.800000000000317,729.7197129260325,729.7197129260325,31.242252451772643,15.695815535812763,head_on,T1,True
head_on,31.850000000000318,720.7373993814518,720.7373993814518,31.098167545945746,15.695815535812763,head_on,T1,True
head_on,31.90000000000032,711.8879016074403,711.8879016074403,30.955557286886336,15.695815535812763,head_on,T1,True
head_on,31.95000000000032,703.1695586715714,703.1695586715714,30.8144151981801,15.695815535812763,head_on,T1,True
head_on,32.00000000000032,694.5807330968101,694.5807330968101,30.67473485510627,15.695815535812763,head_on,T1,True
head_on,32.05000000000032,686.1198103461413,686.1198103461413,30.536509880475908,15.695815535812763,head_on,T1,True
head_on,32.100000000000314,677.7851983112926,677.7851983112926,30.399733940374443,15.695815535812763,head_on,T1,True
head_on,32.15000000000031,669.5753268050572,669.5753268050572,30.264400739801847,15.695815535812763,head_on,T1,True
head_on,32.20000000000031,661.4886470573664,661.4886470573664,30.130504018214292,15.695815535812763,head_on,T1,True
head_on,32.250000000000306,653.5236312157268,653.5236312157268,29.998037544979308,15.695815535812763,head_on,T1,True
head_on,32.3000000000003,645.6787718509463,645.6787718509463,29.86699511476184,15.695815535812763,head_on,T1,True
head_on,32.3500000000003,637.9525814691942,637.9525814691942,29.737370542861647,15.695815535812763,head_on,T1,True
head_on,32.4000000000003,630.3435920314756,630.3435920314756,29.60915766052349,15.695815535812763,head_on,T1,True
head_on,32.450000000000294,622.8503544814996,622.8503544814996,29.482350310240886,15.695815535812763,head_on,T1,True
head_on,32.50000000000029,615.4714382828037,615.4714382828037,29.356942341072664,15.695815535812763,head_on,T1,True
head_on,32.55000000000029,608.2054309658137,608.2054309658137,29.23292760398922,15.695815535812763,head_on,T1,True
head_on,32.600000000000286,601.0509376853482,601.0509376853482,29.110299947262817,15.695815535812763,head_on,T1,True
head_on,32.65000000000028,594.0065807889209,594.0065807889209,28.989053211914015,15.695815535812763,head_on,T1,True
head_on,32.70000000000028,587.0709993960403,587.0709993960403,28.869181227223983,15.695815535812763,head_on,T1,True
head_on,32.75000000000028,580.2428489886049,580.2428489886049,28.75067780632078,15.695815535812763,head_on,T1,True
head_on,32.800000000000274,573.5208010124067,573.5208010124067,28.633536741846402,15.695815535812763,head_on,T1,True
head_on,32.85000000000027,566.9035424896903,566.9035424896903,28.517751801710308,15.695815535812763,head_on,T1,True
head_on,32.90000000000027,560.3897756426919,560.3897756426919,28.403316724934665,15.695815535812763,head_on,T1,True
head_on,32.950000000000266,553.9782175280537,553.9782175280537,28.290225217596184,15.695815535812763,head_on,T1,True
head_on,33.00000000000026,547.6675996820079,547.6675996820079,28.178470948869265,15.695815535812763,head_on,T1,True
head_on,33.05000000000026,541.4566677762118,541.4566677762118,28.068047547174938,15.695815535812763,head_on,T1,True
head_on,33.10000000000026,535.3441812841285,535.3441812841285,27.958948596440276,15.695815535812763,head_on,T1,True
head_on,33.150000000000254,529.3289131578284,529.3289131578284,27.851167632472606,15.695815535812763,head_on,T1,True
head_on,33.20000000000025,523.4096495150953,523.4096495150953,27.74469813945282,15.695815535812763,head_on,T1,True
head_on,33.25000000000025,517.5851893366948,517.5851893366948,27.63953354655169,15.695815535812763,head_on,T1,True
head_on,33.300000000000246,511.85434417366685,511.85434417366685,27.535667224672952,15.695815535812763,head_on,T1,True
head_on,33.35000000000024,506.21593786446704,506.21593786446704,27.4330924833262,15.695815535812763,head_on,T1,True
head_on,33.40000000000024,500.6688062617767,500.6688062617767,27.33180256763242,15.695815535812763,head_on,T1,True
head_on,33.45000000000024,495.21179696877243,495.21179696877243,27.23179065546432,15.695815535812763,head_on,T1,True
head_on,33.500000000000234,489.843769084628,489.843769084628,27.1330498547231,15.695815535812763,head_on,T1,True
head_on,33.55000000000023,484.56359295900086,484.56359295900086,27.035573200752786,15.695815535812763,head_on,T1,True
head_on,33.60000000000023,479.37014995524044,479.37014995524044,26.939353653892695,15.695815535812763,head_on,T1,True
head_on,33.650000000000226,474.2623322220344,474.2623322220344,26.844384097168177,15.695815535812763,head_on,T1,True
head_on,33.70000000000022,469.239042473205,469.239042473205,26.750657334119218,15.695815535812763,head_on,T1,True
head_on,33.75000000000022,464.29919377534986,464.29919377534986,26.658166086766194,15.695815535812763,head_on,T1,True
head_on,33.80000000000022,459.4417093430201,459.4417093430201,26.566902993711583,15.695815535812763,head_on,T1,True
head_on,33.850000000000215,454.665522341122,454.665522341122,26.4768606083762,15.695815535812763,head_on,T1,True
head_on,33.90000000000021,449.9695756942275,449.9695756942275,26.38803139736818,15.695815535812763,head_on,T1,True
head_on,33.95000000000021,445.35282190247324,445.35282190247324,26.300407738982575,15.695815535812763,head_on,T1,True
head_on,34.000000000000206,440.81422286374163,440.81422286374163,26.213981921829483,15.695815535812763,head_on,T1,True
head_on,34.0500000000002,436.3527497018018,436.3527497018018,26.128746143587968,15.695815535812763,head_on,T1,True
head_on,34.1000000000002,431.9673826001093,431.9673826001093,26.044692509883287,15.695815535812763,head_on,T1,True
head_on,34.1500000000002,427.65711064095467,427.65711064095467,25.961813033284404,15.695815535812763,head_on,T1,True
head_on,34.200000000000195,423.42093164966514,423.42093164966514,25.880099632418855,15.695815535812763,head_on,T1,True
head_on,34.25000000000019,419.25785204356316,419.25785204356316,25.799544131201706,15.695815535812763,head_on,T1,True
head_on,34.30000000000019,415.16688668539734,415.16688668539734,25.720138258175414,15.695815535812763,head_on,T1,True
head_on,34.350000000000186,411.14705874096296,411.14705874096296,25.641873645957002,15.695815535812763,head_on,T1,True
head_on,34.40000000000018,407.1973995406438,407.1973995406438,25.564741830789238,15.695815535812763,head_on,T1,True
head_on,34.45000000000018,403.3169484446073,403.3169484446073,25.488734252192057,15.695815535812763,head_on,T1,True
head_on,34.50000000000018,399.5047527114044,399.5047527114044,25.41384225271074,15.695815535812763,head_on,T1,True
head_on,34.550000000000175,395.75986736972334,395.75986736972334,25.34005707775704,15.695815535812763,head_on,T1,True
head_on,34.60000000000017,392.0813550930683,392.0813550930683,25.26736987553967,15.695815535812763,head_on,T1,True
head_on,34.65000000000017,388.4682860771377,388.4682860771377,25.195771697080424,15.695815535812763,head_on,T1,True
head_on,34.700000000000166,384.9197379196921,384.9197379196921,25.1252534963123,15.695815535812763,head_on,T1,True
head_on,34.75000000000016,381.43479550271127,381.43479550271127,25.05580613025597,15.695815535812763,head_on,T1,True
head_on,34.80000000000016,378.01255087665663,378.01255087665663,24.98742035927114,15.695815535812763,head_on,T1,True
head_on,34.85000000000016,374.6521031466658,374.6521031466658,24.920086847379306,15.695815535812763,head_on,T1,True
head_on,34.900000000000155,371.35255836052215,371.35255836052215,24.85379616265458,15.695815535812763,head_on,T1,True
head_on,34.95000000000015,368.11302939825407,368.11302939825407,24.788538777679403,15.695815535812763,head_on,T1,True
head_on,35.00000000000015,364.9326358632368,364.9326358632368,24.724305070062094,15.695815535812763,head_on,T1,True
head_on,35.050000000000146,361.810503974684,361.810503974684,24.661085323013367,15.695815535812763,head_on,T1,True
head_on,35.10000000000014,358.7457664614316,358.7457664614316,24.598869725979135,15.695815535812763,head_on,T1,True
head_on,35.15000000000014,355.7375624569345,355.7375624569345,24.537648375327162,15.695815535812763,head_on,T1,True
head_on,35.20000000000014,352.785037395412,352.785037395412,24.47741127508531,15.695815535812763,head_on,T1,True
head_on,35.250000000000135,349.88734290909474,349.88734290909474,24.41814833772938,15.695815535812763,head_on,T1,True
head_on,35.30000000000013,347.04363672654733,347.04363672654733,24.35984938501896,15.695815535812763,head_on,T1,True
head_on,35.35000000000013,344.2530825720527,344.2530825720527,24.302504148879677,15.695815535812763,head_on,T1,True
head_on,35.40000000000013,341.5148500660688,341.5148500660688,24.24610227233091,15.695815535812763,head_on,T1,True
head_on,35.450000000000124,338.8281146267808,338.8281146267808,24.19063331045804,15.695815535812763,head_on,T1,True
head_on,35.50000000000012,336.19205737279606,336.19205737279606,24.136086731428883,15.695815535812763,head_on,T1,True
head_on,35.55000000000012,333.60586502704325,333.60586502704325,24.08245191755409,15.695815535812763,head_on,T1,True
head_on,35.600000000000115,331.0687298219598,331.0687298219598,24.02971816639182,15.695815535812763,head_on,T1,True
head_on,35.65000000000011,328.5798494060667,328.5798494060667,23.97787469189728,15.695815535812763,head_on,T1,True
head_on,35.70000000000011,326.13842675205296,326.13842675205296,23.926910625618056,15.695815535812763,head_on,T1,True
head_on,35.75000000000011,323.74367006650743,323.74367006650743,23.876815017936725,15.695815535812763,head_on,T1,True
head_on,35.800000000000104,321.39479270145375,321.39479270145375,23.827576839362308,15.695815535812763,head_on,T1,True
head_on,35.8500000000001,319.09101306786545,319.09101306786545,23.779184981872838,15.695815535812763,head_on,T1,True
head_on,35.9000000000001,316.83155455135295,316.83155455135295,23.731628260311474,15.695815535812763,head_on,T1,True
head_on,35.950000000000095,314.6156454302313,314.6156454302313,23.68489541383902,15.695815535812763,head_on,T1,True
head_on,36.00000000000009,312.44251879619765,312.44251879619765,23.638975107446154,15.695815535812763,head_on,T1,True
head_on,36.05000000000009,310.311412575051,310.311412575051,23.59385593558866,15.695815535812763,head_on,T1,True
head_on,36.10000000000009,308.2218227596436,308.2218227596436,23.54953180201052,15.695815535812763,head_on,T1,True
head_on,36.150000000000084,306.1777685056669,306.1777685056669,23.50609269614855,15.695815535812763,head_on,T1,True
head_on,36.20000000000008,304.18600232408573,304.18600232408573,23.46368742670996,15.695815535812763,head_on,T1,True
head_on,36.25000000000008,302.25475082185903,302.25475082185903,23.422497222886385,15.695815535812763,head_on,T1,True
head_on,36.300000000000075,300.3928488910775,300.3928488910775,23.38271742602512,15.695815535812763,head_on,T1,True
head_on,36.35000000000007,298.6091620504436,298.6091620504436,23.344545131244363,15.695815535812763,head_on,T1,True
head_on,36.40000000000007,296.9122169263794,296.9122169263794,23.308171147918078,15.695815535812763,head_on,T1,True
head_on,36.45000000000007,295.3099797569745,295.3099797569745,23.273775050284296,15.695815535812763,head_on,T1,True
head_on,36.500000000000064,293.80973826635443,293.80973826635443,23.241522402816383,15.695815535812763,head_on,T1,True
head_on,36.55000000000006,292.41805412405756,292.41805412405756,23.211563485864517,15.695815535812763,head_on,T1,True
head_on,36.60000000000006,291.1407622000165,291.1407622000165,23.184033029960034,15.695815535812763,head_on,T1,True
head_on,36.650000000000055,289.98299956941685,289.98299956941685,23.159050604540727,15.695815535812763,head_on,T1,True
head_on,36.70000000000005,288.9492522255217,288.9492522255217,23.13672140904547,15.695815535812763,head_on,T1,True
head_on,36.75000000000005,288.04341113605574,288.04341113605574,23.117137289688728,15.695815535812763,head_on,T1,True
head_on,36.80000000000005,287.26883195630285,287.26883195630285,23.100377860341684,15.695815535812763,head_on,T1,True
head_on,36.850000000000044,286.628394642686,286.628394642686,23.08651164591453,15.695815535812763,head_on,T1,True
head_on,36.90000000000004,286.12456058764735,286.12456058764735,23.07559719534705,15.695815535812763,head_on,T1,True
head_on,36.95000000000004,285.7594258664128,285.7594258664128,23.067684131717126,15.695815535812763,head_on,T1,True
head_on,37.000000000000036,285.53476985836176,285.53476985836176,23.06281412127807,15.695815535812763,head_on,T1,True
head_on,37.05000000000003,285.45209896200026,285.45209896200026,23.061021753085043,15.695815535812763,head_on,T1,True
head_on,37.10000000000003,252.20047027026777,252.20047027026777,23.062335327493102,15.695815535812763,crossing_stand_on,T1,True
head_on,37.15000000000003,252.94362562515408,252.94362562515408,23.066777556111013,15.695815535812763,crossing_stand_on,T1,True
head_on,37.200000000000024,253.15086462030405,253.15086462030405,23.07404598345424,15.695815535812763,crossing_stand_on,T1,True
head_on,37.25000000000002,252.88849466239054,252.88849466239054,23.08228953773472,15.695815535812763,crossing_stand_on,T1,True
head_on,37.30000000000002,252.25085767426873,252.25085767426873,23.09014375862493,15.695815535812763,crossing_stand_on,T1,True
head_on,37.350000000000016,251.3872742286951,251.3872742286951,23.096488715269462,15.695815535812763,crossing_stand_on,T1,True
head_on,37.40000000000001,250.4112011086047,250.4112011086047,23.100765103777658,15.695815535812763,crossing_stand_on,T1,True
head_on,37.45000000000001,249.4021806383579,249.4021806383579,23.102825178583267,15.695815535812763,crossing_stand_on,T1,True
head_on,37.50000000000001,248.41430383952996,248.41430383952996,23.102794067070228,15.695815535812763,crossing_stand_on,T1,True
head_on,37.550000000000004,247.48355282073942,247.48355282073942,23.100968260421347,15.695815535812763,crossing_stand_on,T1,True
head_on,37.6,246.63370818513,246.63370818513,23.097742567542937,15.695815535812763,crossing_stand_on,T1,True
head_on,37.65,245.8807476622962,245.8807476622962,23.093558820731623,15.695815535812763,crossing_stand_on,T1,True
head_on,37.699999999999996,245.2358847566636,245.2358847566636,23.088870969512993,15.695815535812763,crossing_stand_on,T1,True
head_on,37.74999999999999,244.7075200147707,244.7075200147707,23.084122272905464,15.695815535812763,crossing_stand_on,T1,True
head_on,37.79999999999999,244.3024036617092,244.3024036617092,23.079731220775134,15.695815535812763,crossing_stand_on,T1,True
head_on,37.84999999999999,244.02627320566307,244.02627320566307,23.076083602010577,15.695815535812763,crossing_stand_on,T1,True
head_on,37.899999999999984,243.88416950681028,243.88416950681028,23.0735287890887,15.695815535812763,crossing_stand_on,T1,True
head_on,37.94999999999998,243.880573555132,243.880573555132,23.07237882874003,15.695815535812763,crossing_stand_on,T1,True
head_on,37.99999999999998,244.0194551999105,244.0194551999105,23.07290932970031,15.695815535812763,crossing_stand_on,T1,True
head_on,38.049999999999976,244.3042874636693,244.3042874636693,23.07536143952731,15.695815535812763,crossing_stand_on,T1,True
head_on,38.09999999999997,244.7380547458003,244.7380547458003,23.079944423150486,15.695815535812763,crossing_stand_on,T1,True
head_on,38.14999999999997,245.3232674941915,245.3232674941915,23.086838514697398,15.695815535812763,crossing_stand_on,T1,True
head_on,38.19999999999997,246.06198697485706,246.06198697485706,23.09619782681294,15.695815535812763,crossing_stand_on,T1,True
head_on,38.249999999999964,246.95585924133178,246.95585924133178,23.108153180564113,15.695815535812763,crossing_stand_on,T1,True
head_on,38.29999999999996,248.00615555148693,248.00615555148693,23.12281477356682,15.695815535812763,crossing_stand_on,T1,True
head_on,38.34999999999996,249.21381611044438,249.21381611044438,23.140274641196914,15.695815535812763,crossing_stand_on,T1,True
head_on,38.399999999999956,250.57949437873617,250.57949437873617,23.160608890750712,15.695815535812763,crossing_stand_on,T1,True
head_on,38.44999999999995,252.10359982647248,252.10359982647248,23.18387970485516,15.695815535812763,crossing_stand_on,T1,True
head_on,38.49999999999995,253.7863376922872,253.7863376922872,23.21013712089258,15.695815535812763,crossing_stand_on,T1,True
head_on,38.54999999999995,255.6277449023475,255.6277449023475,23.239420599538512,15.695815535812763,crossing_stand_on,T1,True
head_on,38.599999999999945,257.6277217760319,257.6277217760319,23.271760399010578,15.695815535812763,crossing_stand_on,T1,True
head_on,38.64999999999994,259.7860594873564,259.7860594873564,23.307178773206733,15.695815535812763,crossing_stand_on,T1,True
head_on,38.69999999999994,262.1024634803096,262.1024634803096,23.345691012216736,15.695815535812763,crossing_stand_on,T1,True
head_on,38.749999999999936,264.5765731742613,264.5765731742613,23.3873063431731,15.695815535812763,crossing_stand_on,T1,True
head_on,38.79999999999993,267.2079783653542,267.2079783653542,23.43202870838493,15.695815535812763,crossing_stand_on,T1,True
head_on,38.84999999999993,269.99623275133376,269.99623275133376,23.479857436388873,15.695815535812763,crossing_stand_on,T1,True
head_on,38.89999999999993,272.9408649969636,272.9408649969636,23.53078782010822,15.695815535812763,crossing_stand_on,T1,True
head_on,38.949999999999925,276.04138772748234,276.04138772748234,23.58481161483501,15.695815535812763,crossing_stand_on,T1,True
head_on,38.99999999999992,279.2973047975548,279.2973047975548,23.641917467308684,15.695815535812763,crossing_stand_on,T1,True
head_on,39.04999999999992,282.7081171391357,282.7081171391357,23.702091285799757,15.695815535812763,crossing_stand_on,T1,True
head_on,39.099999999999916,286.27332744773116,286.27332744773116,23.76531655984284,15.695815535812763,crossing_stand_on,T1,True
head_on,39.14999999999991,289.9924439252038,289.9924439252038,23.831574637112286,15.695815535812763,crossing_stand_on,T1,True
head_on,39.19999999999991,293.8649832599398,293.8649832599398,23.90084496389922,15.695815535812763,crossing_stand_on,T1,True
head_on,39.24999999999991,297.8904729924318,297.8904729924318,23.973105294729436,15.695815535812763,crossing_stand_on,T1,True
head_on,39.299999999999905,302.0684533862609,302.0684533862609,24.04833187585134,15.695815535812763,crossing_stand_on,T1,True
head_on,39.3499999999999,306.3984789008378,306.3984789008378,24.12649960661496,15.695815535812763,crossing_stand_on,T1,True
head_on,39.3999999999999,310.88011934268764,310.88011934268764,24.207582182147693,15.695815535812763,crossing_stand_on,T1,True
head_on,39.449999999999896,315.5129607560932,315.5129607560932,24.29155222020134,15.695815535812763,crossing_stand_on,T1,True
head_on,39.49999999999989,320.29660610099046,320.29660610099046,24.37838137458838,15.695815535812763,crossing_stand_on,T1,True
head_on,39.54999999999989,325.2306757557293,325.2306757557293,24.468040437235217,15.695815535812763,crossing_stand_on,T1,True
head_on,39.59999999999989,330.31480787417587,330.31480787417587,24.56049943054791,15.695815535812763,crossing_stand_on,T1,True
head_on,39.649999999999885,335.5486586202746,335.5486586202746,24.65572769150406,15.695815535812763,crossing_stand_on,T1,True
head_on,39.69999999999988,340.93190229827854,340.93190229827854,24.75369394864667,15.695815535812763,crossing_stand_on,T1,True
head_on,39.74999999999988,346.46423139307404,346.46423139307404,24.85436639295541,15.695815535812763,crossing_stand_on,T1,True
head_on,39.799999999999876,352.14535653217786,352.14535653217786,24.957712743403064,15.695815535812763,crossing_stand_on,T1,True
head_on,39.84999999999987,357.9750063788189,357.9750063788189,25.063700307864416,15.695815535812763,crossing_stand_on,T1,True
head_on,39.89999999999987,363.9529274639215,363.9529274639215,25.172296039928337,15.695815535812763,crossing_stand_on,T1,True
head_on,39.94999999999987,370.07888396361557,370.07888396361557,25.28346659206691,15.695815535812763,crossing_stand_on,T1,True
head_on,39.999999999999865,376.3526574280274,376.3526574280274,25.397178365535588,15.695815535812763,crossing_stand_on,T1,True
head_on,40.04999999999986,382.77404646646505,382.77404646646505,25.513397557312526,15.695815535812763,crossing_stand_on,T1,True
head_on,40.09999999999986,389.34286639363603,389.34286639363603,25.632090204331487,15.695815535812763,crossing_stand_on,T1,True
head_on,40.14999999999986,396.05894884118953,396.05894884118953,25.753222225218735,15.695815535812763,crossing_stand_on,T1,True
head_on,40.199999999999854,402.9221413385972,402.9221413385972,25.8767594597088,15.695815535812763,crossing_stand_on,T1,True
head_on,40.24999999999985,409.93230686717726,409.93230686717726,26.002667705885198,15.695815535812763,crossing_stand_on,T1,True
head_on,40.29999999999985,417.0893233908796,417.0893233908796,26.130912755369224,15.695815535812763,crossing_stand_on,T1,True
head_on,40.349999999999845,424.3930833672926,424.3930833672926,26.261460426561598,15.695815535812763,crossing_stand_on,T1,True
head_on,40.39999999999984,431.843493242173,431.843493242173,26.394276596027225,15.695815535812763,crossing_stand_on,T1,True
head_on,40.44999999999984,439.4404729306569,439.4404729306569,26.52932722810198,15.695815535812763,crossing_stand_on,T1,True
head_on,40.49999999999984,447.18395528814915,447.18395528814915,26.666578402791544,15.695815535812763,crossing_stand_on,T1,True
head_on,40.549999999999834,455.07388557374185,455.07388557374185,26.805996342025725,15.695815535812763,crossing_stand_on,T1,True
head_on,40.59999999999983,479.8116873910027,479.8116873910027,26.947547434326264,15.695815535812763,none,T1,True
head_on,40.64999999999983,487.574397716887,487.574397716887,27.09119825794253,15.695815535812763,none,T1,True
head_on,40.699999999999825,495.490946203798,495.490946203798,27.23691560250645,15.695815535812763,none,T1,True
head_on,40.74999999999982,503.56133339353005,503.56133339353005,27.384666489256198,15.695815535812763,none,T1,True
head_on,40.79999999999982,511.78555972073093,511.78555972073093,27.534418189876327,15.695815535812763,none,T1,True
head_on,40.84999999999982,520.1636255316938,520.1636255316938,27.686138244001366,15.695815535812763,none,T1,True
head_on,40.899999999999814,528.6955310998621,528.6955310998621,27.839794475428935,15.695815535812763,none,T1,True
head_on,40.94999999999981,537.3812766386219,537.3812766386219,27.99535500708793,15.695815535812763,none,T1,True
head_on,40.99999999999981,546.2208623118532,546.2208623118532,28.152788274807072,15.695815535812763,none,T1,True
head_on,41.049999999999805,555.2142882426352,555.2142882426352,28.312063039928695,15.695815535812763,none,T1,True
head_on,41.0999999999998,564.3615545204239,564.3615545204239,28.47314840081239,15.695815535812763,none,T1,True
head_on,41.1499999999998,573.6626612069721,573.6626612069721,28.636013803272853,15.695815535812763,none,T1,True
head_on,41.1999999999998,583.1176083412107,583.1176083412107,28.800629049995976,15.695815535812763,none,T1,True
head_on,41.249999999999794,592.7263959432743,592.7263959432743,28.966964308976795,15.695815535812763,none,T1,True
head_on,41.29999999999979,602.4890240178182,602.4890240178182,29.134990121022515,15.695815535812763,none,T1,True
head_on,41.34999999999979,612.4054925567548,612.4054925567548,29.30467740636324,15.695815535812763,none,T1,True
head_on,41.399999999999785,622.4758015415078,622.4758015415078,29.475997470412587,15.695815535812763,none,T1,True
head_on,41.44999999999978,632.6999509448713,632.6999509448713,29.648922008719516,15.695815535812763,none,T1,True
head_on,41.49999999999978,643.0779407325412,643.0779407325412,29.82342311115212,15.695815535812763,none,T1,True
head_on,41.54999999999978,653.6097708643773,653.6097708643773,29.999473265353153,15.695815535812763,none,T1,True
head_on,41.599999999999774,664.2954412954452,664.2954412954452,30.177045359506398,15.695815535812763,none,T1,True
head_on,41.64999999999977,675.1349519768717,675.1349519768717,30.35611268445176,15.695815535812763,none,T1,True
head_on,41.69999999999977,686.1283028565518,686.1283028565518,30.536648935186278,15.695815535812763,none,T1,True
head_on,41.749999999999766,697.275493879731,697.275493879731,30.71862821178694,15.695815535812763,none,T1,True
head_on,41.79999999999976,708.5765249894847,708.5765249894847,30.902025019790305,15.695815535812763,none,T1,True
head_on,41.84999999999976,720.0313961271131,720.0313961271131,31.086814270062707,15.695815535812763,none,T1,True
head_on,41.89999999999976,731.6401072324662,731.6401072324662,31.27297127819369,15.695815535812763,none,T1,True
head_on,41.949999999999754,743.4026582442126,743.4026582442126,31.460471763444264,15.695815535812763,none,T1,True
head_on,41.99999999999975,755.3190491000598,755.3190491000598,31.649291847280267,15.695815535812763,none,T1,True
head_on,42.04999999999975,767.3892797369366,767.3892797369366,31.83940805152002,15.695815535812763,none,T1,True
head_on,42.099999999999746,779.6133500911416,779.6133500911416,32.030797296124284,15.695815535812763,none,T1,True
head_on,42.14999999999974,791.9912600984684,791.9912600984684,32.22343689665536,15.695815535812763,none,T1,True
head_on,42.19999999999974,804.5230096943052,804.5230096943052,32.41730456143087,15.695815535812763,none,T1,True
head_on,42.24999999999974,817.20859881372,817.20859881372,32.61237838839696,15.695815535812763,none,T1,True
head_on,42.299999999999734,830.048027391529,830.048027391529,32.80863686174405,15.695815535812763,none,T1,True
head_on,42.34999999999973,843.0412953623526,843.0412953623526,33.006058848287445,15.695815535812763,none,T1,True
head_on,42.39999999999973,856.1884026606625,856.1884026606625,33.204623593634125,15.695815535812763,none,T1,True
head_on,42.449999999999726,869.489349220821,869.489349220821,33.40431071815556,15.695815535812763,none,T1,True
head_on,42.49999999999972,882.9441349771117,882.9441349771117,33.60510021278575,15.695815535812763,none,T1,True
head_on,42.54999999999972,896.5527598637651,896.5527598637651,33.80697243466245,15.695815535812763,none,T1,True
head_on,42.59999999999972,910.3152238149811,910.3152238149811,34.0099081026286,15.695815535812763,none,T1,True
head_on,42.649999999999714,924.2315267649457,924.2315267649457,34.213888292610164,15.695815535812763,none,T1,True
head_on,42.69999999999971,938.301668647846,938.301668647846,34.41889443288537,15.695815535812763,none,T1,True
head_on,42.74999999999971,952.5256493978824,952.5256493978824,34.62490829925971,15.695815535812763,none,T1,True
head_on,42.799999999999706,966.9034689492779,966.9034689492779,34.83191201016015,15.695815535812763,none,T1,True
head_on,42.8499999999997,981.4351272362854,981.4351272362854,35.03988802166107,15.695815535812763,none,T1,True
head_on,42.8999999999997,996.1206241931969,996.1206241931969,35.24881912245371,15.695815535812763,none,T1,True
head_on,42.9499999999997,1010.9599597543453,1010.9599597543453,35.458688428770266,15.695815535812763,none,T1,True
head_on,42.999999999999694,1025.9531338541121,1025.9531338541121,35.66947937927288,15.695815535812763,none,T1,True
head_on,43.04999999999969,1041.1001464269293,1041.1001464269293,35.88117572991708,15.695815535812763,none,T1,True
head_on,43.09999999999969,1056.4009974072828,1056.4009974072828,36.09376154879876,15.695815535812763,none,T1,True
head_on,43.149999999999686,1071.8556867297148,1071.8556867297148,36.30722121099294,15.695815535812763,none,T1,True
head_on,43.19999999999968,1087.4642143288258,1087.4642143288258,36.52153939339205,15.695815535812763,none,T1,True
head_on,43.24999999999968,1103.2265801392768,1103.2265801392768,36.73670106955084,15.695815535812763,none,T1,True
head_on,43.29999999999968,1119.1427840957901,1119.1427840957901,36.95269150454472,15.695815535812763,none,T1,True
head_on,43.349999999999675,1135.2128261331502,1135.2128261331502,37.169496249847285,15.695815535812763,none,T1,True
head_on,43.39999999999967,1151.436706186205,1151.436706186205,37.387101138233035,15.695815535812763,none,T1,True
head_on,43.44999999999967,1167.8144241898667,1167.8144241898667,37.60549227871014,15.695815535812763,none,T1,True
head_on,43.499999999999666,1184.3459800791113,1184.3459800791113,37.82465605148806,15.695815535812763,none,T1,True
head_on,43.54999999999966,1201.0313737889808,1201.0313737889808,38.044579102984464,15.695815535812763,none,T1,True
head_on,43.59999999999966,1217.8706052545833,1217.8706052545833,38.2652483408751,15.695815535812763,none,T1,True
head_on,43.64999999999966,1234.8636744110913,1234.8636744110913,38.486650929190404,15.695815535812763,none,T1,True
head_on,43.699999999999655,1252.0105811937435,1252.0105811937435,38.70877428346194,15.695815535812763,none,T1,True
head_on,43.74999999999965,1269.311325537846,1269.311325537846,38.93160606592165,15.695815535812763,none,T1,True
head_on,43.79999999999965,1286.7659073787693,1286.7659073787693,39.1551341807563,15.695815535812763,none,T1,True
head_on,43.849999999999646,1304.3743266519523,1304.3743266519523,39.3793467694198,15.695815535812763,none,T1,True
head_on,43.89999999999964,1322.1365832928984,1322.1365832928984,39.60423220600495,15.695815535812763,none,T1,True
head_on,43.94999999999964,1340.0526772371802,1340.0526772371802,39.829779092676894,15.695815535812763,none,T1,True
head_on,43.99999999999964,1358.122608420433,1358.122608420433,40.05597625516939,15.695815535812763,none,T1,True
head_on,44.049999999999635,1376.346376778363,1376.346376778363,40.28281273834567,15.695815535812763,none,T1,True
head_on,44.09999999999963,1394.7239822467398,1394.7239822467398,40.51027780182458,15.695815535812763,none,T1,True
head_on,44.14999999999963,1413.2554247614005,1413.2554247614005,40.73836091567335,15.695815535812763,none,T1,True
head_on,44.199999999999626,1431.940704258249,1431.940704258249,40.96705175616754,15.695815535812763,none,T1,True
head_on,44.24999999999962,1450.7798206732566,1450.7798206732566,41.19634020161885,15.695815535812763,none,T1,True
head_on,44.29999999999962,1469.772773942458,1469.772773942458,41.426216328271146,15.695815535812763,none,T1,True
head_on,44.34999999999962,1488.9195640019577,1488.9195640019577,41.6566704062653,15.695815535812763,none,T1,True
head_on,44.399999999999615,1508.2201907879246,1508.2201907879246,41.88769289567266,15.695815535812763,none,T1,True
head_on,44.44999999999961,1527.6746542365943,1527.6746542365943,42.1192744425976,15.695815535812763,none,T1,True
head_on,44.49999999999961,1547.2829542842699,1547.2829542842699,42.351405875348824,15.695815535812763,none,T1,True
head_on,44.549999999999606,1567.0450908673185,1567.0450908673185,42.584078200679414,15.695815535812763,none,T1,True
head_on,44.5999999999996,1586.9610639221753,1586.9610639221753,42.817282600095446,15.695815535812763,none,T1,True
head_on,44.6499999999996,1607.0308733853399,1607.0308733853399,43.05101042623275,15.695815535812763,none,T1,True
head_on,44.6999999999996,1627.2545191933798,1627.2545191933798,43.2852531993015,15.695815535812763,none,T1,True
head_on,44.749999999999595,1647.6320012829267,1647.6320012829267,43.52000260359813,15.695815535812763,none,T1,True
head_on,44.79999999999959,1668.1633195906804,1668.1633195906804,43.755250484084094,15.695815535812763,none,T1,True
head_on,44.84999999999959,1688.848474053404,1688.848474053404,43.990988843030856,15.695815535812763,none,T1,True
head_on,44.89999999999959,1709.6874646079284,1709.6874646079284,44.22720983673048,15.695815535812763,none,T1,True
head_on,44.949999999999584,1730.6802911911482,1730.6802911911482,44.46390577227117,15.695815535812763,none,T1,True
head_on,44.99999999999958,1751.8269537400263,1751.8269537400263,44.701069104377,15.695815535812763,none,T1,True
head_on,45.04999999999958,1773.1274521915893,1773.1274521915893,44.93869243231105,15.695815535812763,none,T1,True
head_on,45.099999999999575,1794.5817864829305,1794.5817864829305,45.17676849684129,15.695815535812763,none,T1,True
head_on,45.14999999999957,1816.189956551207,1816.189956551207,45.41529017726814,15.695815535812763,none,T1,True
head_on,45.19999999999957,1837.9519623336435,1837.9519623336435,45.65425048851316,15.695815535812763,none,T1,True
head_on,45.24999999999957,1859.867803767528,1859.867803767528,45.89364257826774,15.695815535812763,none,T1,True
head_on,45.299999999999564,1881.9374807902161,1881.9374807902161,46.13345972420102,15.695815535812763,none,T1,True
head_on,45.34999999999956,1904.1609933391262,1904.1609933391262,46.373695331226166,15.695815535812763,none,T1,True
head_on,45.39999999999956,1926.5383413517432,1926.5383413517432,46.614342928824,15.695815535812763,none,T1,True
head_on,45.449999999999555,1949.0695247656174,1949.0695247656174,46.855396168423106,15.695815535812763,none,T1,True
head_on,45.49999999999955,1971.7545435183622,1971.7545435183622,47.09684882083538,15.695815535812763,none,T1,True
head_on,45.54999999999955,1994.5933975476603,1994.5933975476603,47.33869477374637,15.695815535812763,none,T1,True
head_on,45.59999999999955,2017.5860867912531,2017.5860867912531,47.58092802925889,15.695815535812763,none,T1,True
head_on,45.649999999999544,2040.7326111869527,2040.7326111869527,47.82354270148976,15.695815535812763,none,T1,True
head_on,45.69999999999954,2064.032970672633,2064.032970672633,48.066533014217846,15.695815535812763,none,T1,True
head_on,45.74999999999954,2087.4871651862327,2087.4871651862327,48.309893298583205,15.695815535812763,none,T1,True
head_on,45.799999999999535,2111.0951946657556,2111.0951946657556,48.55361799083583,15.695815535812763,none,T1,True
head_on,45.84999999999953,2134.8570590492704,2134.8570590492704,48.79770163013348,15.695815535812763,none,T1,True
head_on,45.89999999999953,2158.77275827491,2158.77275827491,49.04213885638728,15.695815535812763,none,T1,True
head_on,45.94999999999953,2182.8422922808713,2182.8422922808713,49.28692440815447,15.695815535812763,none,T1,True
head_on,45.999999999999524,2207.065661005417,2207.065661005417,49.53205312057717,15.695815535812763,none,T1,True
head_on,46.04999999999952,2231.4428643868737,2231.4428643868737,49.77751992336636,15.695815535812763,none,T1,True
head_on,46.09999999999952,2255.9739023636303,2255.9739023636303,50.02331983883008,15.695815535812763,none,T1,True
head_on,46.149999999999515,2280.6587748741426,2280.6587748741426,50.26944797994508,15.695815535812763,none,T1,True
head_on,46.19999999999951,2305.4974818569303,2305.4974818569303,50.51589954847079,15.695815535812763,none,T1,True
head_on,46.24999999999951,2330.490023250575,2330.490023250575,50.76266983310508,15.695815535812763,none,T1,True
head_on,46.29999999999951,2355.6363989937245,2355.6363989937245,51.00975420768057,15.695815535812763,none,T1,True
head_on,46.349999999999504,2380.936609025089,2380.936609025089,51.257148129400946,15.695815535812763,none,T1,True
head_on,46.3999999999995,2406.390653283445,2406.390653283445,51.504847137116194,15.695815535812763,none,T1,True
head_on,46.4499999999995,2431.99853170763,2431.99853170763,51.75284684963612,15.695815535812763,none,T1,True
head_on,46.499999999999496,2457.760244236547,2457.760244236547,52.00114296408117,15.695815535812763,none,T1,True
head_on,46.54999999999949,2483.675790809163,2483.675790809163,52.24973125426986,15.695815535812763,none,T1,True
head_on,46.59999999999949,2509.745171364508,2509.745171364508,52.49860756914196,15.695815535812763,none,T1,True
head_on,46.64999999999949,2535.968385841674,2535.968385841674,52.74776783121666,15.695815535812763,none,T1,True
head_on,46.699999999999484,2562.34543417982,2562.34543417982,52.99720803508503,15.695815535812763,none,T1,True
head_on,46.74999999999948,2588.8763163181657,2588.8763163181657,53.246924245935816,15.695815535812763,none,T1,True
head_on,46.79999999999948,2615.561032195996,2615.561032195996,53.496912598114086,15.695815535812763,none,T1,True
head_on,46.849999999999476,2642.3995817526575,2642.3995817526575,53.74716929371182,15.695815535812763,none,T1,True
head_on,46.89999999999947,2669.391964927561,2669.391964927561,53.99769060118981,15.695815535812763,none,T1,True
head_on,46.94999999999947,2696.538181660181,2696.538181660181,54.24847285403012,15.695815535812763,none,T1,True
head_on,46.99999999999947,2723.838231890054,2723.838231890054,54.49951244941844,15.695815535812763,none,T1,True
head_on,47.049999999999464,2751.292115556781,2751.292115556781,54.750805846955735,15.695815535812763,none,T1,True
head_on,47.09999999999946,2778.8998326000246,2778.8998326000246,55.002349567398355,15.695815535812763,none,T1,True
head_on,47.14999999999946,2806.661382959512,2806.661382959512,55.25414019142614,15.695815535812763,none,T1,True
head_on,47.199999999999456,2834.5767665750327,2834.5767665750327,55.50617435843777,15.695815535812763,none,T1,True
head_on,47.24999999999945,2862.645983386437,2862.645983386437,55.758448765372755,15.695815535812763,none,T1,True
head_on,47.29999999999945,2890.8690333336413,2890.8690333336413,56.01096016555959,15.695815535812763,none,T1,True
head_on,47.34999999999945,2919.245916356623,2919.245916356623,56.26370536758919,15.695815535812763,none,T1,True
head_on,47.399999999999444,2947.776632395423,2947.776632395423,56.51668123421336,15.695815535812763,none,T1,True
head_on,47.44999999999944,2976.461181390143,2976.461181390143,56.76988468126745,15.695815535812763,none,T1,True
head_on,47.49999999999944,3005.2995632809493,3005.2995632809493,57.02331267661684,15.695815535812763,none,T1,True
head_on,47.549999999999436,3034.29177800807,3034.29177800807,57.276962239126576,15.695815535812763,none,T1,True
head_on,47.59999999999943,3063.437825511796,3063.437825511796,57.53083043765366,15.695815535812763,none,T1,True
head_on,47.64999999999943,3092.7377057324784,3092.7377057324784,57.78491439006153,15.695815535812763,none,T1,True
head_on,47.69999999999943,3122.1914186105337,3122.1914186105337,58.039211262256096,15.695815535812763,none,T1,True
head_on,47.749999999999424,3151.7989640864403,3151.7989640864403,58.293718267243015,15.695815535812763,none,T1,True
head_on,47.79999999999942,3181.5603421007368,3181.5603421007368,58.548432664205436,15.695815535812763,none,T1,True
head_on,47.84999999999942,3211.475552594025,3211.475552594025,58.8033517576021,15.695815535812763,none,T1,True
head_on,47.899999999999416,3241.544595506968,3241.544595506968,59.058472896285,15.695815535812763,none,T1,True
head_on,47.94999999999941,3271.7674707802935,3271.7674707802935,59.31379347263632,15.695815535812763,none,T1,True
head_on,47.99999999999941,3302.1441783547875,3302.1441783547875,59.56931092172419,15.695815535812763,none,T1,True
head_on,48.04999999999941,3332.6747181713017,3332.6747181713017,59.82502272047678,15.695815535812763,none,T1,True
head_on,48.099999999999405,3363.359090170746,3363.359090170746,60.08092638687429,15.695815535812763,none,T1,True
head_on,48.1499999999994,3394.1972942940947,3394.1972942940947,60.337019479158535,15.695815535812763,none,T1,True
head_on,48.1999999999994,3425.189330482382,3425.189330482382,60.59329959505955,15.695815535812763,none,T1,True
head_on,48.249999999999396,3456.335198676705,3456.335198676705,60.849764371038994,15.695815535812763,none,T1,True
head_on,48.29999999999939,3487.634898818223,3487.634898818223,61.10641148154983,15.695815535812763,none,T1,True
head_on,48.34999999999939,3519.088430848154,3519.088430848154,61.363238638311906,15.695815535812763,none,T1,True
head_on,48.39999999999939,3550.695794707781,3550.695794707781,61.62024358960326,15.695815535812763,none,T1,True
head_on,48.449999999999385,3582.4569903384454,3582.4569903384454,61.87742411956648,15.695815535812763,none,T1,True
head_on,48.49999999999938,3614.3720176815527,3614.3720176815527,62.134778047529984,15.695815535812763,none,T1,True
head_on,48.54999999999938,3646.4408766785673,3646.4408766785673,62.3923032273439,15.695815535812763,none,T1,True
head_on,48.599999999999376,3678.6635672710154,3678.6635672710154,62.64999754673001,15.695815535812763,none,T1,True
head_on,48.64999999999937,3711.0400894004856,3711.0400894004856,62.90785892664562,15.695815535812763,none,T1,True
head_on,48.69999999999937,3743.570443008627,3743.570443008627,63.165885320660934,15.695815535812763,none,T1,True
head_on,48.74999999999937,3776.25462803715,3776.25462803715,63.424074714349686,15.695815535812763,none,T1,True
head_on,48.799999999999365,3809.092644427824,3809.092644427824,63.68242512469265,15.695815535812763,none,T1,True
head_on,48.84999999999936,3842.084492122482,3842.084492122482,63.9409345994938,15.695815535812763,none,T1,True
head_on,48.89999999999936,3875.2301710630168,3875.2301710630168,64.1996012168088,15.695815535812763,none,T1,True
head_on,48.949999999999356,3908.529681191381,3908.529681191381,64.4584230843855,15.695815535812763,none,T1,True
head_on,48.99999999999935,3941.9830224495904,3941.9830224495904,64.71739833911629,15.695815535812763,none,T1,True
head_on,49.04999999999935,3975.590194779719,3975.590194779719,64.9765251465018,15.695815535812763,none,T1,True
head_on,49.09999999999935,4009.351198123902,4009.351198123902,65.235801700126,15.695815535812763,none,T1,True
head_on,49.149999999999345,4043.2660324243384,4043.2660324243384,65.49522622114226,15.695815535812763,none,T1,True
head_on,49.19999999999934,4077.334697623284,4077.334697623284,65.7547969577699,15.695815535812763,none,T1,True
head_on,49.24999999999934,4111.557193663053,4111.557193663053,66.01451218480156,15.695815535812763,none,T1,True
head_on,49.299999999999336,4145.9335204860245,4145.9335204860245,66.27437020312064,15.695815535812763,none,T1,True
head_on,49.34999999999933,4180.46367803464,4180.46367803464,66.53436933922873,15.695815535812763,none,T1,True
head_on,49.39999999999933,4215.147666251394,4215.147666251394,66.79450794478282,15.695815535812763,none,T1,True
head_on,49.44999999999933,4249.985485078845,4249.985485078845,67.05478439614213,15.695815535812763,none,T1,True
head_on,49.499999999999325,4284.9771344596165,4284.9771344596165,67.31519709392433,15.695815535812763,none,T1,True
head_on,49.54999999999932,4320.122614336381,4320.122614336381,67.57574446257061,15.695815535812763,none,T1,True
head_on,49.59999999999932,4355.421924651879,4355.421924651879,67.83642494992009,15.695815535812763,none,T1,True
head_on,49.64999999999932,4390.875065348914,4390.875065348914,68.09723702679261,15.695815535812763,none,T1,True
head_on,49.699999999999314,4426.482036370339,4426.482036370339,68.35817918658016,15.695815535812763,none,T1,True
head_on,49.74999999999931,4462.242837659075,4462.242837659075,68.61924994484664,15.695815535812763,none,T1,True
head_on,49.79999999999931,4498.157469158103,4498.157469158103,68.88044783893586,15.695815535812763,none,T1,True
head_on,49.849999999999305,4534.225930810457,4534.225930810457,69.14177142758723,15.695815535812763,none,T1,True
head_on,49.8999999999993,4570.448222559235,4570.448222559235,69.40321929055953,15.695815535812763,none,T1,True
head_on,49.9499999999993,4606.824344347598,4606.824344347598,69.66479002826219,15.695815535812763,none,T1,True
head_on,49.9999999999993,4643.354296118762,4643.354296118762,69.92648226139382,15.695815535812763,none,T1,True
head_on,50.049999999999294,4680.038077816003,4680.038077816003,70.18829463058826,15.695815535812763,none,T1,True
head_on,50.09999999999929,4716.875689382656,4716.875689382656,70.45022579606766,15.695815535812763,none,T1,True
head_on,50.14999999999929,4753.86713076212,4753.86713076212,70.71227443730247,15.695815535812763,none,T1,True
head_on,50.199999999999285,4791.012401897845,4791.012401897845,70.97443925267818,15.695815535812763,none,T1,True
head_on,50.24999999999928,4828.311502733351,4828.311502733351,71.23671895916888,15.695815535812763,none,T1,True
head_on,50.29999999999928,4865.764433212205,4865.764433212205,71.49911229201707,15.695815535812763,none,T1,True
head_on,50.34999999999928,4903.371193278048,4903.371193278048,71.76161800442009,15.695815535812763,none,T1,True
head_on,50.399999999999274,4941.131782874564,4941.131782874564,72.02423486722248,15.695815535812763,none,T1,True
head_on,50.44999999999927,4979.046201945505,4979.046201945505,72.28696166861467,15.695815535812763,none,T1,True
head_on,50.49999999999927,5017.114450434687,5017.114450434687,72.54979721383752,15.695815535812763,none,T1,True
head_on,50.549999999999265,5055.336528285973,5055.336528285973,72.81274032489256,15.695815535812763,none,T1,True
head_on,50.59999999999926,5093.712435443292,5093.712435443292,73.07578984025798,15.695815535812763,none,T1,True
head_on,50.64999999999926,5132.242171850628,5132.242171850628,73.33894461461038,15.695815535812763,none,T1,True
head_on,50.69999999999926,5170.925737452032,5170.925737452032,73.60220351855162,15.695815535812763,none,T1,True
head_on,50.749999999999254,5209.763132191606,5209.763132191606,73.8655654383412,15.695815535812763,none,T1,True
head_on,50.79999999999925,5248.754356013508,5248.754356013508,74.12902927563377,15.695815535812763,none,T1,True
head_on,50.84999999999925,5287.899408861966,5287.899408861966,74.39259394722184,15.695815535812763,none,T1,True
head_on,50.899999999999245,5327.1982906812555,5327.1982906812555,74.65625838478323,15.695815535812763,none,T1,True
head_on,50.94999999999924,5366.6510014157175,5366.6510014157175,74.9200215346337,15.695815535812763,none,T1,True
head_on,50.99999999999924,5406.257541009746,5406.257541009746,75.1838823574841,15.695815535812763,none,T1,True
head_on,51.04999999999924,5446.017909407797,5446.017909407797,75.44783982820222,15.695815535812763,none,T1,True
head_on,51.099999999999234,5485.9321065543845,5485.9321065543845,75.71189293557946,15.695815535812763,none,T1,True
head_on,51.14999999999923,5526.0001323940805,5526.0001323940805,75.9760406821015,15.695815535812763,none,T1,True
head_on,51.19999999999923,5566.221986871515,5566.221986871515,76.2402820837238,15.695815535812763,none,T1,True
head_on,51.249999999999226,5606.5976699313715,5606.5976699313715,76.50461616965104,15.695815535812763,none,T1,True
head_on,51.29999999999922,5647.127181518405,5647.127181518405,76.76904198212107,15.695815535812763,none,T1,True
head_on,51.34999999999922,5687.810521577413,5687.810521577413,77.03355857619245,15.695815535812763,none,T1,True
head_on,51.39999999999922,5728.647690053256,5728.647690053256,77.29816501953664,15.695815535812763,none,T1,True
head_on,51.449999999999214,5769.638686890862,5769.638686890862,77.56286039223362,15.695815535812763,none,T1,True
head_on,51.49999999999921,5810.783512035203,5810.783512035203,77.82764378657151,15.695815535812763,none,T1,True
head_on,51.54999999999921,5852.082165431315,5852.082165431315,78.09251430685002,15.695815535812763,none,T1,True
head_on,51.599999999999206,5893.534647024291,5893.534647024291,78.35747106918747,15.695815535812763,none,T1,True
head_on,51.6499999999992,5935.140956759285,5935.140956759285,78.6225132013315,15.695815535812763,none,T1,True
head_on,51.6999999999992,5976.901094581504,5976.901094581504,78.8876398424732,15.695815535812763,none,T1,True
head_on,51.7499999999992,6018.815060436217,6018.815060436217,79.15285014306482,15.695815535812763,none,T1,True
head_on,51.799999999999194,6060.882854268745,6060.882854268745,79.41814326464078,15.695815535812763,none,T1,True
head_on,51.84999999999919,6103.10447602447,6103.10447602447,79.68351837964192,15.695815535812763,none,T1,True
head_on,51.89999999999919,6145.4799256488295,6145.4799256488295,79.94897467124322,15.695815535812763,none,T1,True
head_on,51.949999999999186,6188.009203087322,6188.009203087322,80.21451133318449,15.695815535812763,none,T1,True
head_on,51.99999999999918,6230.692308285499,6230.692308285499,80.48012756960416,15.695815535812763,none,T1,True
head_on,52.04999999999918,6273.529241188973,6273.529241188973,80.74582259487629,15.695815535812763,none,T1,True
head_on,52.09999999999918,6316.52000174341,6316.52000174341,81.01159563345034,15.695815535812763,none,T1,True
head_on,52.149999999999174,6359.664589894536,6359.664589894536,81.27744591969409,15.695815535812763,none,T1,True
head_on,52.19999999999917,6402.963005588135,6402.963005588135,81.54337269773919,15.695815535812763,none,T1,True
head_on,52.24999999999917,6446.415248770044,6446.415248770044,81.80937522132965,15.695815535812763,none,T1,True
head_on,52.299999999999166,6490.021319386159,6490.021319386159,82.07545275367306,15.695815535812763,none,T1,True
head_on,52.34999999999916,6533.781217382431,6533.781217382431,82.34160456729448,15.695815535812763,none,T1,True
head_on,52.39999999999916,6577.694942704874,6577.694942704874,82.60782994389294,15.695815535812763,none,T1,True
head_on,52.44999999999916,6621.76249529955,6621.76249529955,82.8741281742005,15.695815535812763,none,T1,True
head_on,52.499999999999154,6665.98387511259,6665.98387511259,83.14049855784394,15.695815535812763,none,T1,True
head_on,52.54999999999915,6710.359082090164,6710.359082090164,83.40694040320881,15.695815535812763,none,T1,True
head_on,52.59999999999915,6754.888116178516,6754.888116178516,83.67345302730595,15.695815535812763,none,T1,True
head_on,52.649999999999146,6799.570977323936,6799.570977323936,83.94003575564045,15.695815535812763,none,T1,True
head_on,52.69999999999914,6844.407665472774,6844.407665472774,84.20668792208274,15.695815535812763,none,T1,True
head_on,52.74999999999914,6889.398180571438,6889.398180571438,84.47340886874224,15.695815535812763,none,T1,True
head_on,52.79999999999914,6934.542522566392,6934.542522566392,84.740197945843,15.695815535812763,none,T1,True
head_on,52.849999999999135,6979.840691404152,6979.840691404152,85.00705451160164,15.695815535812763,none,T1,True
head_on,52.89999999999913,7025.292687031291,7025.292687031291,85.27397793210747,15.695815535812763,none,T1,True
head_on,52.94999999999913,7070.898509394445,7070.898509394445,85.54096758120465,15.695815535812763,none,T1,True
head_on,52.999999999999126,7116.6581584403,7116.6581584403,85.80802284037642,15.695815535812763,none,T1,True
head_on,53.04999999999912,7162.571634115601,7162.571634115601,86.07514309863134,15.695815535812763,none,T1,True
head_on,53.09999999999912,7208.638936367145,7208.638936367145,86.34232775239157,15.695815535812763,none,T1,True
head_on,53.14999999999912,7254.860065141793,7254.860065141793,86.60957620538305,15.695815535812763,none,T1,True
head_on,53.199999999999115,7301.23502038645,7301.23502038645,86.87688786852756,15.695815535812763,none,T1,True
head_on,53.24999999999911,7347.76380204809,7347.76380204809,87.14426215983673,15.695815535812763,none,T1,True
head_on,53.29999999999911,7394.446410073734,7394.446410073734,87.41169850430774,15.695815535812763,none,T1,True
head_on,53.349999999999106,7441.2828444104625,7441.2828444104625,87.67919633382097,15.695815535812763,none,T1,True
head_on,53.3999999999991,7488.27310500541,7488.27310500541,87.94675508703929,15.695815535812763,none,T1,True
head_on,53.4499999999991,7535.417191805765,7535.417191805765,88.21437420930914,15.695815535812763,none,T1,True
head_on,53.4999999999991,7582.71510475878,7582.71510475878,88.48205315256332,15.695815535812763,none,T1,True
head_on,53.549999999999095,7630.166843811755,7630.166843811755,88.7497913752253,15.695815535812763,none,T1,True
head_on,53.59999999999909,7677.772408912043,7677.772408912043,89.01758834211532,15.695815535812763,none,T1,True
head_on,53.64999999999909,7725.531800007065,7725.531800007065,89.28544352435802,15.695815535812763,none,T1,True
head_on,53.699999999999086,7773.445017044283,7773.445017044283,89.55335639929162,15.695815535812763,none,T1,True
head_on,53.74999999999908,7821.5120599712245,7821.5120599712245,89.82132645037862,15.695815535812763,none,T1,True
head_on,53.79999999999908,7869.732928735469,7869.732928735469,90.08935316711809,15.695815535812763,none,T1,True
head_on,53.84999999999908,7918.107623284645,7918.107623284645,90.35743604495927,15.695815535812763,none,T1,True
head_on,53.899999999999075,7966.636143566454,7966.636143566454,90.62557458521692,15.695815535812763,none,T1,True
head_on,53.94999999999907,8015.3184895286295,8015.3184895286295,90.89376829498758,15.695815535812763,none,T1,True
head_on,53.99999999999907,8064.154661118978,8064.154661118978,91.16201668706786,15.695815535812763,none,T1,True
head_on,54.049999999999066,8113.144658285352,8113.144658285352,91.43031927987353,15.695815535812763,none,T1,True
head_on,54.09999999999906,8162.288480975659,8162.288480975659,91.69867559736029,15.695815535812763,none,T1,True
head_on,54.14999999999906,8211.58612913787,8211.58612913787,91.9670851689458,15.695815535812763,none,T1,True
head_on,54.19999999999906,8261.037602720002,8261.037602720002,92.23554752943284,15.695815535812763,none,T1,True
head_on,54.249999999999055,8310.642901670131,8310.642901670131,92.5040622189339,15.695815535812763,none,T1,True
head_on,54.29999999999905,8360.402025936382,8360.402025936382,92.77262878279694,15.695815535812763,none,T1,True
head_on,54.34999999999905,8410.314975466948,8410.314975466948,93.04124677153251,15.695815535812763,none,T1,True
head_on,54.39999999999905,8460.381750210061,8460.381750210061,93.30991574074174,15.695815535812763,none,T1,True
head_on,54.449999999999044,8510.602350114015,8510.602350114015,93.57863525104582,15.695815535812763,none,T1,True
head_on,54.49999999999904,8560.976775127157,8560.976775127157,93.84740486801657,15.695815535812763,none,T1,True
head_on,54.54999999999904,8611.505025197892,8611.505025197892,94.11622416210795,15.695815535812763,none,T1,True
head_on,54.599999999999035,8662.187100274676,8662.187100274676,94.38509270858899,15.695815535812763,none,T1,True
head_on,54.64999999999903,8713.023000306024,8713.023000306024,94.65401008747747,15.695815535812763,none,T1,True
head_on,54.69999999999903,8764.012725240496,8764.012725240496,94.9229758834749,15.695815535812763,none,T1,True
head_on,54.74999999999903,8815.156275026719,8815.156275026719,95.19198968590257,15.695815535812763,none,T1,True
head_on,54.799999999999024,8866.453649613359,8866.453649613359,95.46105108863834,15.695815535812763,none,T1,True
head_on,54.84999999999902,8917.90484894915,8917.90484894915,95.7301596900549,15.695815535812763,none,T1,True
head_on,54.89999999999902,8969.509872982871,8969.509872982871,95.99931509295853,15.695815535812763,none,T1,True
head_on,54.949999999999015,9021.268721663362,9021.268721663362,96.26851690452919,15.695815535812763,none,T1,True
head_on,54.99999999999901,9073.181394939511,9073.181394939511,96.5377647362615,15.695815535812763,none,T1,True
head_on,55.04999999999901,9125.247892760266,9125.247892760266,96.80705820390644,15.695815535812763,none,T1,True
head_on,55.09999999999901,9177.468215074625,9177.468215074625,97.07639692741427,15.695815535812763,none,T1,True
head_on,55.149999999999004,9229.84236183164,9229.84236183164,97.34578053087817,15.695815535812763,none,T1,True
head_on,55.199999999999,9282.370332980416,9282.370332980416,97.61520864247885,15.695815535812763,none,T1,True
head_on,55.249999999999,9335.052128470112,9335.052128470112,97.88468089442992,15.695815535812763,none,T1,True
head_on,55.299999999998995,9387.88774824994,9387.88774824994,98.1541969229243,15.695815535812763,none,T1,True
head_on,55.34999999999899,9440.877192269176,9440.877192269176,98.42375636808137,15.695815535812763,none,T1,True
head_on,55.39999999999899,9494.020460477137,9494.020460477137,98.69335887389485,15.695815535812763,none,T1,True
head_on,55.44999999999899,9547.317552823195,9547.317552823195,98.96300408818165,15.695815535812763,none,T1,True
head_on,55.499999999998984,9600.768469256778,9600.768469256778,99.23269166253145,15.695815535812763,none,T1,True
head_on,55.54999999999898,9654.37320972737,9654.37320972737,99.50242125225714,15.695815535812763,none,T1,True
head_on,55.59999999999898,9708.131774184507,9708.131774184507,99.7721925163458,15.695815535812763,none,T1,True
head_on,55.649999999998975,9762.044162577775,9762.044162577775,100.04200511741074,15.695815535812763,none,T1,False
head_on,55.69999999999897,9816.110374856815,9816.110374856815,100.31185872164406,15.695815535812763,none,T1,False
head_on,55.74999999999897,9870.33041097132,9870.33041097132,100.58175299877003,15.695815535812763,none,T1,False
head_on,55.79999999999897,9924.704270871047,9924.704270871047,100.8516876219992,15.695815535812763,none,T1,False
head_on,55.849999999998964,9979.231954505787,9979.231954505787,101.12166226798315,15.695815535812763,none,T1,False
head_on,55.89999999999896,10033.913461825403,10033.913461825403,101.39167661677,15.695815535812763,none,T1,False
head_on,55.94999999999896,10088.748792779794,10088.748792779794,101.66173035176047,15.695815535812763,none,T1,False
head_on,55.999999999998956,10143.73794731892,10143.73794731892,101.93182315966482,15.695815535812763,none,T1,False
head_on,56.04999999999895,10198.880925392805,10198.880925392805,102.20195473046034,15.695815535812763,none,T1,False
head_on,56.09999999999895,10254.177726951502,10254.177726951502,102.47212475734932,15.695815535812763,none,T1,False
head_on,56.14999999999895,10309.62835194514,10309.62835194514,102.74233293671797,15.695815535812763,none,T1,False
head_on,56.199999999998944,10365.232800323884,10365.232800323884,103.01257896809567,15.695815535812763,none,T1,False
head_on,56.24999999999894,10420.991072037961,10420.991072037961,103.28286255411506,15.695815535812763,none,T1,False
head_on,56.29999999999894,10476.903167037648,10476.903167037648,103.55318340047258,15.695815535812763,none,T1,False
head_on,56.349999999998936,10532.969085273277,10532.969085273277,103.82354121588966,15.695815535812763,none,T1,False
head_on,56.39999999999893,10589.188826695223,10589.188826695223,104.09393571207443,15.695815535812763,none,T1,False
head_on,56.44999999999893,10645.56239125393,10645.56239125393,104.36436660368419,15.695815535812763,none,T1,False
head_on,56.49999999999893,10702.089778899875,10702.089778899875,104.6348336082881,15.695815535812763,none,T1,False
head_on,56.549999999998924,10758.770989583609,10758.770989583609,104.90533644633085,15.695815535812763,none,T1,False
head_on,56.59999999999892,10815.606023255714,10815.606023255714,105.1758748410964,15.695815535812763,none,T1,False
head_on,56.64999999999892,10872.594879866841,10872.594879866841,105.44644851867275,15.695815535812763,none,T1,False
head_on,56.699999999998916,10929.737559367682,10929.737559367682,105.71705720791675,15.695815535812763,none,T1,False
head_on,56.74999999999891,10987.034061708988,10987.034061708988,105.98770064041983,15.695815535812763,none,T1,False
head_on,56.79999999999891,11044.484386841561,11044.484386841561,106.25837855047395,15.695815535812763,none,T1,False
head_on,56.84999999999891,11102.08853471625,11102.08853471625,106.5290906750382,15.695815535812763,none,T1,False
head_on,56.899999999998904,11159.846505283962,11159.846505283962,106.79983675370588,15.695815535812763,none,T1,False
head_on,56.9499999999989,11217.758298495655,11217.758298495655,107.07061652867195,15.695815535812763,none,T1,False
head_on,56.9999999999989,11275.823914302337,11275.823914302337,107.34142974470109,15.695815535812763,none,T1,False
head_on,57.049999999998896,11334.043352655068,11334.043352655068,107.61227614909616,15.695815535812763,none,T1,False
head_on,57.09999999999889,11392.416613504964,11392.416613504964,107.88315549166713,15.695815535812763,none,T1,False
head_on,57.14999999999889,11450.943696803182,11450.943696803182,108.15406752470035,15.695815535812763,none,T1,False
head_on,57.19999999999889,11509.62460250095,11509.62460250095,108.4250120029286,15.695815535812763,none,T1,False
head_on,57.249999999998884,11568.459330549525,11568.459330549525,108.69598868350104,15.695815535812763,none,T1,False
head_on,57.29999999999888,11627.44788090023,11627.44788090023,108.96699732595413,15.695815535812763,none,T1,False
head_on,57.34999999999888,11686.590253504439,11686.590253504439,109.23803769218257,15.695815535812763,none,T1,False
head_on,57.399999999998876,11745.886448313573,11745.886448313573,109.50910954641095,15.695815535812763,none,T1,False
head_on,57.44999999999887,11805.336465279106,11805.336465279106,109.78021265516554,15.695815535812763,none,T1,False
head_on,57.49999999999887,11864.940304352565,11864.940304352565,110.05134678724667,15.695815535812763,none,T1,False
head_on,57.54999999999887,11924.697965485526,11924.697965485526,110.32251171370142,15.695815535812763,none,T1,False
head_on,57.599999999998865,11984.609448629615,11984.609448629615,110.59370720779675,15.695815535812763,none,T1,False
head_on,57.64999999999886,12044.674753736512,12044.674753736512,110.86493304499297,15.695815535812763,none,T1,False
head_on,57.69999999999886,12104.89388075795,12104.89388075795,111.13618900291755,15.695815535812763,none,T1,False
head_on,57.749999999998856,12165.266829645712,12165.266829645712,111.40747486133942,15.695815535812763,none,T1,False
head_on,57.79999999999885,12225.793600351626,12225.793600351626,111.67879040214345,15.695815535812763,none,T1,False
head_on,57.84999999999885,12286.474192827582,12286.474192827582,111.95013540930553,15.695815535812763,none,T1,False
head_on,57.89999999999885,12347.308607025514,12347.308607025514,112.22150966886774,15.695815535812763,none,T1,False
head_on,57.949999999998845,12408.296842897405,12408.296842897405,112.49291296891404,15.695815535812763,none,T1,False
head_on,57.99999999999884,12469.438900395297,12469.438900395297,112.76434509954625,15.695815535812763,none,T1,False
head_on,58.04999999999884,12530.734779471275,12530.734779471275,113.03580585286035,15.695815535812763,none,T1,False
head_on,58.099999999998836,12592.18448007748,12592.18448007748,113.30729502292313,15.695815535812763,none,T1,False
head_on,58.14999999999883,12653.7880021661,12653.7880021661,113.57881240574918,15.695815535812763,none,T1,False
head_on,58.19999999999883,12715.54534568938,12715.54534568938,113.85035779927809,15.695815535812763,none,T1,False
head_on,58.24999999999883,12777.456510599604,12777.456510599604,114.12193100335215,15.695815535812763,none,T1,False
head_on,58.299999999998825,12839.521496849116,12839.521496849116,114.39353181969415,15.695815535812763,none,T1,False
head_on,58.34999999999882,12901.74030439031,12901.74030439031,114.66516005188574,15.695815535812763,none,T1,False
head_on,58.39999999999882,12964.112933175631,12964.112933175631,114.93681550534578,15.695815535812763,none,T1,False
head_on,58.449999999998816,13026.639383157566,13026.639383157566,115.2084979873092,15.695815535812763,none,T1,False
head_on,58.49999999999881,13089.319654288664,13089.319654288664,115.48020730680615,15.695815535812763,none,T1,False
head_on,58.54999999999881,13152.153746521517,13152.153746521517,115.7519432746413,15.695815535812763,none,T1,False
head_on,58.59999999999881,13215.141659808773,13215.141659808773,116.02370570337354,15.695815535812763,none,T1,False
head_on,58.649999999998805,13278.283394103124,13278.283394103124,116.29549440729588,15.695815535812763,none,T1,False
head_on,58.6999999999988,13341.578949357314,13341.578949357314,116.56730920241564,15.695815535812763,none,T1,False
head_on,58.7499999999988,13405.028325524141,13405.028325524141,116.83914990643505,15.695815535812763,none,T1,False
head_on,58.799999999998796,13468.631522556452,13468.631522556452,117.11101633873183,15.695815535812763,none,T1,False
head_on,58.84999999999879,13532.388540407135,13532.388540407135,117.38290832034022,15.695815535812763,none,T1,False
head_on,58.89999999999879,13596.299379029142,13596.299379029142,117.65482567393232,15.695815535812763,none,T1,False
head_on,58.94999999999879,13660.364038375465,13660.364038375465,117.9267682237995,15.695815535812763,none,T1,False
head_on,58.999999999998785,13724.582518399156,13724.582518399156,118.19873579583421,15.695815535812763,none,T1,False
head_on,59.04999999999878,13788.954819053304,13788.954819053304,118.47072821751188,15.695815535812763,none,T1,False
head_on,59.09999999999878,13853.480940291056,13853.480940291056,118.74274531787329,15.695815535812763,none,T1,False
head_on,59.149999999998776,13918.160882065606,13918.160882065606,119.0147869275069,15.695815535812763,none,T1,False
head_on,59.199999999998774,13982.9946443302,13982.9946443302,119.28685287853168,15.695815535812763,none,T1,False
head_on,59.24999999999877,14047.982227038132,14047.982227038132,119.55894300457993,15.695815535812763,none,T1,False
head_on,59.29999999999877,14113.123630142747,14113.123630142747,119.83105714078053,15.695815535812763,none,T1,False
head_on,59.349999999998765,14178.418853597439,14178.418853597439,120.10319512374224,15.695815535812763,none,T1,False
head_on,59.39999999999876,14243.867897355649,14243.867897355649,120.37535679153733,15.695815535812763,none,T1,False
head_on,59.44999999999876,14309.470761370874,14309.470761370874,120.64754198368541,15.695815535812763,none,T1,False
head_on,59.49999999999876,14375.227445596653,14375.227445596653,120.91975054113746,15.695815535812763,none,T1,False
head_on,59.549999999998754,14441.137949986578,14441.137949986578,121.19198230626002,15.695815535812763,none,T1,False
head_on,59.59999999999875,14507.202274494288,14507.202274494288,121.46423712281961,15.695815535812763,none,T1,False
head_on,59.64999999999875,14573.42041907348,14573.42041907348,121.73651483596753,15.695815535812763,none,T1,False
head_on,59.699999999998745,14639.792383677888,14639.792383677888,122.00881529222448,15.695815535812763,none,T1,False
head_on,59.74999999999874,14706.3181682613,14706.3181682613,122.28113833946576,15.695815535812763,none,T1,False
head_on,59.79999999999874,14772.997772777557,14772.997772777557,122.55348382690644,15.695815535812763,none,T1,False
head_on,59.84999999999874,14839.831197180547,14839.831197180547,122.82585160508683,15.695815535812763,none,T1,False
head_on,59.899999999998734,14906.818441424204,14906.818441424204,123.09824152585799,15.695815535812763,none,T1,False
head_on,59.94999999999873,14973.959505462513,14973.959505462513,123.37065344236763,15.695815535812763,none,T1,False
head_on,59.99999999999873,15041.254389249509,15041.254389249509,123.64308720904606,15.695815535812763,none,T1,False
head_on,60.049999999998725,15108.703092739272,15108.703092739272,123.91554268159234,15.695815535812763,none,T1,False
head_on,60.09999999999872,15176.30561588594,15176.30561588594,124.18801971696062,15.695815535812763,none,T1,False
head_on,60.14999999999872,15244.061958643686,15244.061958643686,124.46051817334663,15.695815535812763,none,T1,False
head_on,60.19999999999872,15311.972120966746,15311.972120966746,124.73303791017442,15.695815535812763,none,T1,False
head_on,60.249999999998714,15380.036102809394,15380.036102809394,125.00557878808311,15.695815535812763,none,T1,False
head_on,60.29999999999871,15448.25390412596,15448.25390412596,125.27814066891408,15.695815535812763,none,T1,False
head_on,60.34999999999871,15516.625524870818,15516.625524870818,125.55072341569793,15.695815535812763,none,T1,False
head_on,60.399999999998705,15585.150964998395,15585.150964998395,125.82332689264203,15.695815535812763,none,T1,False
head_on,60.4499999999987,15653.83022446316,15653.83022446316,126.09595096511791,15.695815535812763,none,T1,False
head_on,60.4999999999987,15722.663303219635,15722.663303219635,126.36859549964895,15.695815535812763,none,T1,False
head_on,60.5499999999987,15791.65020122239,15791.65020122239,126.6412603638982,15.695815535812763,none,T1,False
head_on,60.599999999998694,15860.790918426042,15860.790918426042,126.91394542665634,15.695815535812763,none,T1,False
head_on,60.64999999999869,15930.08545478526,15930.08545478526,127.18665055782985,15.695815535812763,none,T1,False
head_on,60.69999999999869,15999.533810254758,15999.533810254758,127.45937562842923,15.695815535812763,none,T1,False
head_on,60.749999999998685,16069.135984789298,16069.135984789298,127.73212051055741,15.695815535812763,none,T1,False
head_on,60.79999999999868,16138.89197834369,16138.89197834369,128.0048850773983,15.695815535812763,none,T1,False
head_on,60.84999999999868,16208.801790872796,16208.801790872796,128.27766920320565,15.695815535812763,none,T1,False
head_on,60.89999999999868,16278.865422331517,16278.865422331517,128.55047276329162,15.695815535812763,none,T1,False
head_on,60.949999999998674,16349.082872674815,16349.082872674815,128.82329563401598,15.695815535812763,none,T1,False
head_on,60.99999999999867,16419.454141857692,16419.454141857692,129.09613769277513,15.695815535812763,none,T1,False
head_on,61.04999999999867,16489.979229835197,16489.979229835197,129.36899881799138,15.695815535812763,none,T1,False
head_on,61.099999999998666,16560.65813656243,16560.65813656243,129.6418788891024,15.695815535812763,none,T1,False
head_on,61.14999999999866,16631.490861994545,16631.490861994545,129.91477778655056,15.695815535812763,none,T1,False
head_on,61.19999999999866,16702.47740608673,16702.47740608673,130.1876953917727,15.695815535812763,none,T1,False
head_on,61.24999999999866,16773.61776879422,16773.61776879422,130.46063158718988,15.695815535812763,none,T1,False
head_on,61.299999999998654,16844.91195007233,16844.91195007233,130.73358625619733,15.695815535812763,none,T1,False
head_on,61.34999999999865,16916.359949876372,16916.359949876372,131.00655928315436,15.695815535812763,none,T1,False
head_on,61.39999999999865,16987.961768161746,16987.961768161746,131.2795505533745,15.695815535812763,none,T1,False
head_on,61.449999999998646,17059.717404883882,17059.717404883882,131.55255995311586,15.695815535812763,none,T1,False
head_on,61.49999999999864,17131.626859998258,17131.626859998258,131.82558736957145,15.695815535812763,none,T1,False
head_on,61.54999999999864,17203.69013346041,17203.69013346041,132.09863269085972,15.695815535812763,none,T1,False
head_on,61.59999999999864,17275.907225225907,17275.907225225907,132.371695806015,15.695815535812763,none,T1,False
head_on,61.649999999998634,17348.278135250377,17348.278135250377,132.64477660497846,15.695815535812763,none,T1,False
head_on,61.69999999999863,17420.802863489484,17420.802863489484,132.91787497858874,15.695815535812763,none,T1,False
head_on,61.74999999999863,17493.481409898963,17493.481409898963,133.1909908185731,15.695815535812763,none,T1,False
head_on,61.799999999998626,17566.31377443456,17566.31377443456,133.4641240175382,15.695815535812763,none,T1,False
head_on,61.84999999999862,17639.299957052088,17639.299957052088,133.73727446896154,15.695815535812763,none,T1,False
head_on,61.89999999999862,17712.439957707422,17712.439957707422,134.01044206718254,15.695815535812763,none,T1,False
head_on,61.94999999999862,17785.733776356446,17785.733776356446,134.2836267073939,15.695815535812763,none,T1,False
head_on,61.999999999998614,17859.18141295514,17859.18141295514,134.5568282856333,15.695815535812763,none,T1,False
head_on,62.04999999999861,17932.782867459482,17932.782867459482,134.83004669877462,15.695815535812763,none,T1,False
head_on,62.09999999999861,18006.538139825538,18006.538139825538,135.10328184451998,15.695815535812763,none,T1,False
head_on,62.149999999998606,18080.44723000939,18080.44723000939,135.37653362139116,15.695815535812763,none,T1,False
head_on,62.1999999999986,18154.510137967187,18154.510137967187,135.64980192872176,15.695815535812763,none,T1,False
head_on,62.2499999999986,18228.72686365511,18228.72686365511,135.92308666664897,15.695815535812763,none,T1,False
head_on,62.2999999999986,18303.09740702941,18303.09740702941,136.1963877361058,15.695815535812763,none,T1,False
head_on,62.349999999998595,18377.62176804635,18377.62176804635,136.46970503881295,15.695815535812763,none,T1,False
head_on,62.39999999999859,18452.299946662268,18452.299946662268,136.7430384772714,15.695815535812763,none,T1,False
head_on,62.44999999999859,18527.131942833537,18527.131942833537,137.01638795475452,15.695815535812763,none,T1,False
head_on,62.499999999998586,18602.117756516585,18602.117756516585,137.28975337530053,15.695815535812763,none,T1,False
head_on,62.54999999999858,18677.25738766787,18677.25738766787,137.56313464370507,15.695815535812763,none,T1,False
head_on,62.59999999999858,18752.550836243918,18752.550836243918,137.83653166551377,15.695815535812763,none,T1,False
head_on,62.64999999999858,18827.998102201276,18827.998102201276,138.10994434701485,15.695815535812763,none,T1,False
head_on,62.699999999998575,18903.599185496576,18903.599185496576,138.38337259523212,15.695815535812763,none,T1,False
head_on,62.74999999999857,18979.354086086452,18979.354086086452,138.6568163179175,15.695815535812763,none,T1,False
head_on,62.79999999999857,19055.262803927602,19055.262803927602,138.93027542354426,15.695815535812763,none,T1,False
head_on,62.849999999998566,19131.3253389768,19131.3253389768,139.20374982129994,15.695815535812763,none,T1,False
head_on,62.89999999999856,19207.541691190807,19207.541691190807,139.47723942107928,15.695815535812763,none,T1,False
head_on,62.94999999999856,19283.911860526478,19283.911860526478,139.75074413347767,15.695815535812763,none,T1,False
head_on,62.99999999999856,19360.4358469407,19360.4358469407,140.02426386978425,15.695815535812763,none,T1,False
head_on,63.049999999998555,19437.113650390405,19437.113650390405,140.29779854197523,15.695815535812763,none,T1,False
head_on,63.09999999999855,19513.945270832563,19513.945270832563,140.5713480627074,15.695815535812763,none,T1,False
head_on,63.14999999999855,19590.9307082242,19590.9307082242,140.84491234531143,15.695815535812763,none,T1,False
head_on,63.199999999998546,19668.069962522397,19668.069962522397,141.11849130378576,15.695815535812763,none,T1,False
head_on,63.24999999999854,19745.36303368425,19745.36303368425,141.3920848527898,15.695815535812763,none,T1,False
head_on,63.29999999999854,19822.809921666936,19822.809921666936,141.665692907638,15.695815535812763,none,T1,False
head_on,63.34999999999854,19900.41062642766,19900.41062642766,141.93931538429345,15.695815535812763,none,T1,False
head_on,63.399999999998535,19978.16514792367,19978.16514792367,142.2129521993617,15.695815535812763,none,T1,False
head_on,63.44999999999853,20056.07348611227,20056.07348611227,142.48660327008477,15.695815535812763,none,T1,False
head_on,63.49999999999853,20134.135640950797,20134.135640950797,142.7602685143351,15.695815535812763,none,T1,False
head_on,63.549999999998526,20212.351612396655,20212.351612396655,143.03394785060962,15.695815535812763,none,T1,False
head_on,63.59999999999852,20290.72140040727,20290.72140040727,143.30764119802382,15.695815535812763,none,T1,False
head_on,63.64999999999852,20369.24500494013,20369.24500494013,143.58134847630592,15.695815535812763,none,T1,False
head_on,63.69999999999852,20447.922425952755,20447.922425952755,143.85506960579116,15.695815535812763,none,T1,False
head_on,63.749999999998515,20526.753663402716,20526.753663402716,144.12880450741613,15.695815535812763,none,T1,False
head_on,63.79999999999851,20605.738717247637,20605.738717247637,144.40255310271317,15.695815535812763,none,T1,False
head_on,63.84999999999851,20684.87758744518,20684.87758744518,144.6763153138047,15.695815535812763,none,T1,False
head_on,63.899999999998506,20764.170273953056,20764.170273953056,144.95009106339782,15.695815535812763,none,T1,False
head_on,63.949999999998504,20843.616776729006,20843.616776729006,145.22388027477874,15.695815535812763,none,T1,False
head_on,63.9999999999985,20923.217095730844,20923.217095730844,145.49768287180763,15.695815535812763,none,T1,False
head_on,64.0499999999985,21002.971230916417,21002.971230916417,145.77149877891316,15.695815535812763,none,T1,False
head_on,64.0999999999985,21082.879182243596,21082.879182243596,146.04532792108708,15.695815535812763,none,T1,False
head_on,64.1499999999985,21162.940949670327,21162.940949670327,146.31917022387938,15.695815535812763,none,T1,False
head_on,64.1999999999985,21243.156533154586,21243.156533154586,146.59302561339283,15.695815535812763,none,T1,False
head_on,64.2499999999985,21323.525932654407,21323.525932654407,146.8668940162781,15.695815535812763,none,T1,False
head_on,64.29999999999849,21404.04914812786,21404.04914812786,147.14077535972862,15.695815535812763,none,T1,False
head_on,64.34999999999849,21484.72617953305,21484.72617953305,147.4146695714755,15.695815535812763,none,T1,False
head_on,64.39999999999849,21565.557026828134,21565.557026828134,147.6885765797829,15.695815535812763,none,T1,False
head_on,64.44999999999848,21646.54168997132,21646.54168997132,147.9624963134428,15.695815535812763,none,T1,False
head_on,64.49999999999848,21727.680168920866,21727.680168920866,148.23642870177062,15.695815535812763,none,T1,False
head_on,64.54999999999848,21808.972463635055,21808.972463635055,148.51037367459998,15.695815535812763,none,T1,False
head_on,64.59999999999847,21890.41857407223,21890.41857407223,148.78433116227828,15.695815535812763,none,T1,False
head_on,64.64999999999847,21972.018500190778,21972.018500190778,149.05830109566202,15.695815535812763,none,T1,False
head_on,64.69999999999847,22053.77224194913,22053.77224194913,149.33228340611214,15.695815535812763,none,T1,False
head_on,64.74999999999847,22135.679799305748,22135.679799305748,149.60627802548933,15.695815535812763,none,T1,False
head_on,64.79999999999846,22217.74117221915,22217.74117221915,149.88028488614975,15.695815535812763,none,T1,False
head_on,64.84999999999846,22299.956360647902,22299.956360647902,150.1543039209405,15.695815535812763,none,T1,False
head_on,64.89999999999846,22382.32536455061,22382.32536455061,150.42833506319502,15.695815535812763,none,T1,False
head_on,64.94999999999845,22464.848183885926,22464.848183885926,150.70237824672904,15.695815535812763,none,T1,False
head_on,64.99999999999845,22547.52481861253,22547.52481861253,150.97643340583588,15.695815535812763,none,T1,False
head_on,65.04999999999845,22630.355268689185,22630.355268689185,151.25050047528256,15.695815535812763,none,T1,False
head_on,65.09999999999845,22713.33953407467,22713.33953407467,151.5245793903053,15.695815535812763,none,T1,False
head_on,65.14999999999844,22796.477614727788,22796.477614727788,151.79867008660534,15.695815535812763,none,T1,False
head_on,65.19999999999844,22879.769510607435,22879.769510607435,152.07277250034502,15.695815535812763,none,T1,False
head_on,65.24999999999844,22963.21522167253,22963.21522167253,152.34688656814353,15.695815535812763,none,T1,False
head_on,65.29999999999843,23046.814747882014,23046.814747882014,152.6210122270727,15.695815535812763,none,T1,False
head_on,65.34999999999843,23130.5680891949,23130.5680891949,152.89514941465333,15.695815535812763,none,T1,False
head_on,65.39999999999843,23214.475245570247,23214.475245570247,153.16929806885096,15.695815535812763,none,T1,False
head_on,65.44999999999843,23298.536216967135,23298.536216967135,153.44345812807205,15.695815535812763,none,T1,False
head_on,65.49999999999842,23382.751003344692,23382.751003344692,153.71762953116001,15.695815535812763,none,T1,False
head_on,65.54999999999842,23467.11960466212,23467.11960466212,153.99181221739155,15.695815535812763,none,T1,False
head_on,65.59999999999842,23551.642020878622,23551.642020878622,154.2660061264726,15.695815535812763,none,T1,False
crossing_give_way,0.0,19654.984132234935,19654.984132234935,141.07211899439662,15.695815535812763,none,T1,False
crossing_give_way,0.05,19600.164915655732,19600.164915655732,140.8776900044503,15.695815535812763,none,T1,False
crossing_give_way,0.1,19545.284126675426,19545.284126675426,140.68277347283743,15.695815535812763,none,T1,False
crossing_give_way,0.15000000000000002,19490.3642072904,19490.3642072904,140.48744724218125,15.695815535812763,none,T1,False
crossing_give_way,0.2,19435.424069580982,19435.424069580982,140.29177700391153,15.695815535812763,none,T1,False
crossing_give_way,0.25,19380.4796344921,19380.4796344921,140.09581813825267,15.695815535812763,none,T1,False
crossing_give_way,0.3,19325.54429328226,19325.54429328226,139.89961729260204,15.695815535812763,none,T1,False
crossing_give_way,0.35,19270.629301249774,19270.629301249774,139.70321373033633,15.695815535812763,none,T1,False
crossing_give_way,0.39999999999999997,19215.744112626056,19215.744112626056,139.50664047980052,15.695815535812763,none,T1,False
crossing_give_way,0.44999999999999996,19160.896664688546,19160.896664688546,139.30992531052053,15.695815535812763,none,T1,False
crossing_give_way,0.49999999999999994,19106.093618273288,19106.093618273288,139.11309156081447,15.695815535812763,none,T1,False
crossing_give_way,0.5499999999999999,19051.34056101256,19051.34056101256,138.9161588381525,15.695815535812763,none,T1,False
crossing_give_way,0.6,18996.642178817066,18996.642178817066,138.71914361093542,15.695815535812763,none,T1,False
crossing_give_way,0.65,18942.00240038356,18942.00240038356,138.5220597078957,15.695815535812763,none,T1,False
crossing_give_way,0.7000000000000001,18887.424518843767,18887.424518843767,138.32491873909788,15.695815535812763,none,T1,False
crossing_give_way,0.7500000000000001,18832.911294081012,18832.911294081012,138.12773045053362,15.695815535812763,none,T1,False
crossing_give_way,0.8000000000000002,18778.46503872392,18778.46503872392,137.93050302256634,15.695815535812763,none,T1,False
crossing_give_way,0.8500000000000002,18724.087690376953,18724.087690376953,137.7332433209616,15.695815535812763,none,T1,False
crossing_give_way,0.9000000000000002,18669.78087225953,18669.78087225953,137.53595710792794,15.695815535812763,none,T1,False
crossing_give_way,0.9500000000000003,18615.545944091962,18615.545944091962,137.33864921946125,15.695815535812763,none,T1,False
crossing_give_way,1.0000000000000002,18561.384044781567,18561.384044781567,137.1413237143197,15.695815535812763,none,T1,False
crossing_give_way,1.0500000000000003,18507.296128219485,18507.296128219485,136.94398399912916,15.695815535812763,none,T1,False
crossing_give_way,1.1000000000000003,18453.282993292396,18453.282993292396,136.7466329334169,15.695815535812763,none,T1,False
crossing_give_way,1.1500000000000004,18399.345309038854,18399.345309038854,136.54927291777543,15.695815535812763,none,T1,False
crossing_give_way,1.2000000000000004,18345.48363573186,18345.48363573186,136.35190596785262,15.695815535812763,none,T1,False
crossing_give_way,1.2500000000000004,18291.698442544777,18291.698442544777,136.15453377643743,15.695815535812763,none,T1,False
crossing_give_way,1.3000000000000005,18237.990122352418,18237.990122352418,135.9571577655501,15.695815535812763,none,T1,False
crossing_give_way,1.3500000000000005,18184.359004130598,18184.359004130598,135.7597791301417,15.695815535812763,none,T1,False
crossing_give_way,1.4000000000000006,18130.805363342777,18130.805363342777,135.5623988747508,15.695815535812763,none,T1,False
crossing_give_way,1.4500000000000006,18077.329430640064,18077.329430640064,135.36501784425076,15.695815535812763,none,T1,False
crossing_give_way,1.5000000000000007,18023.93139914787,18023.93139914787,135.16763674963815,15.695815535812763,none,T1,False
crossing_give_way,1.5500000000000007,17970.611430568548,17970.611430568548,134.9702561896613,15.695815535812763,none,T1,False
crossing_give_way,1.6000000000000008,17917.36966029218,17917.36966029218,134.77287666895904,15.695815535812763,none,T1,False
crossing_give_way,1.6500000000000008,17864.206201676538,17864.206201676538,134.5754986132721,15.695815535812763,none,T1,False
crossing_give_way,1.7000000000000008,17811.121149631163,17811.121149631163,134.37812238219965,15.695815535812763,none,T1,False
crossing_give_way,1.7500000000000009,17758.114583618622,17758.114583618622,134.18074827989628,15.695815535812763,none,T1,False
crossing_give_way,1.800000000000001,17705.186570167672,17705.186570167672,133.9833765640422,15.695815535812763,none,T1,False
crossing_give_way,1.850000000000001,17652.337164977656,17652.337164977656,133.7860074533653,15.695815535812763,none,T1,False
crossing_give_way,1.900000000000001,17599.56641468058,17599.56641468058,133.58864113394836,15.695815535812763,none,T1,False
crossing_give_way,1.950000000000001,17546.874358316538,17546.874358316538,133.391277764518,15.695815535812763,none,T1,False
crossing_give_way,2.000000000000001,17494.261028569144,17494.261028569144,133.19391748087975,15.695815535812763,none,T1,False
crossing_give_way,2.0500000000000007,17441.72645279989,17441.72645279989,132.99656039963648,15.695815535812763,none,T1,False
crossing_give_way,2.1000000000000005,17389.27065391427,17389.27065391427,132.79920662130678,15.695815535812763,none,T1,False
crossing_give_way,2.1500000000000004,17336.893651086964,17336.893651086964,132.60185623293975,15.695815535812763,none,T1,False
crossing_give_way,2.2,17284.595460368986,17284.595460368986,132.40450931030728,15.695815535812763,none,T1,False
crossing_give_way,2.25,17232.37609519607,17232.37609519607,132.20716591974252,15.695815535812763,none,T1,False
crossing_give_way,2.3,17180.23556681431,17180.23556681431,132.0098261196816,15.695815535812763,none,T1,False
crossing_give_way,2.3499999999999996,17128.173884636548,17128.173884636548,131.81248996195623,15.695815535812763,none,T1,False
crossing_give_way,2.3999999999999995,17076.191056540738,17076.191056540738,131.6151574928777,15.695815535812763,none,T1,False
crossing_give_way,2.4499999999999993,17024.28708911978,17024.28708911978,131.417828754146,15.695815535812763,none,T1,False
crossing_give_way,2.499999999999999,16972.461987890685,16972.461987890685,131.22050378361206,15.695815535812763,none,T1,False
crossing_give_way,2.549999999999999,16920.715757469687,16920.715757469687,131.02318261591705,15.695815535812763,none,T1,False
crossing_give_way,2.5999999999999988,16869.04840171886,16869.04840171886,130.8258652830285,15.695815535812763,none,T1,False
crossing_give_way,2.6499999999999986,16817.459923868908,16817.459923868908,130.62855181469007,15.695815535812763,none,T1,False
crossing_give_way,2.6999999999999984,16765.9503266219,16765.9503266219,130.4312422387986,15.695815535812763,none,T1,False
crossing_give_way,2.7499999999999982,16714.519612237345,16714.519612237345,130.23393658172054,15.695815535812763,none,T1,False
crossing_give_way,2.799999999999998,16663.16778260423,16663.16778260423,130.0366348685573,15.695815535812763,none,T1,False
crossing_give_way,2.849999999999998,16611.894839301327,16611.894839301327,129.83933712336793,15.695815535812763,none,T1,False
crossing_give_way,2.8999999999999977,16560.70078364771,16560.70078364771,129.64204336935595,15.695815535812763,none,T1,False
crossing_give_way,2.9499999999999975,16509.58561674503,16509.58561674503,129.4447536290262,15.695815535812763,none,T1,False
crossing_give_way,2.9999999999999973,16458.549339512894,16458.549339512894,129.24746792431625,15.695815535812763,none,T1,False
crossing_give_way,3.049999999999997,16407.591952718525,16407.591952718525,129.05018627670705,15.695815535812763,none,T1,False
crossing_give_way,3.099999999999997,16356.713457001562,16356.713457001562,128.85290870731566,15.695815535812763,none,T1,False
crossing_give_way,3.149999999999997,16305.913852894832,16305.913852894832,128.65563523697318,15.695815535812763,none,T1,False
crossing_give_way,3.1999999999999966,16255.193140841744,16255.193140841744,128.4583658862902,15.695815535812763,none,T1,False
crossing_give_way,3.2499999999999964,16204.551321210845,16204.551321210845,128.2611006757119,15.695815535812763,none,T1,False
crossing_give_way,3.2999999999999963,16153.988394308024,16153.988394308024,128.06383962556444,15.695815535812763,none,T1,False
crossing_give_way,3.349999999999996,16103.504360386687,16103.504360386687,127.86658275609366,15.695815535812763,none,T1,False
crossing_give_way,3.399999999999996,16053.099219656338,16053.099219656338,127.66933008749831,15.695815535812763,none,T1,False
crossing_give_way,3.4499999999999957,16002.772972289711,16002.772972289711,127.47208163995744,15.695815535812763,none,T1,False
crossing_give_way,3.4999999999999956,15952.525618428754,15952.525618428754,127.27483743365386,15.695815535812763,none,T1,False
crossing_give_way,3.5499999999999954,15902.357158189661,15902.357158189661,127.07759748879393,15.695815535812763,none,T1,False
crossing_give_way,3.599999999999995,15852.267591667054,15852.267591667054,126.8803618256242,15.695815535812763,none,T1,False
crossing_give_way,3.649999999999995,15802.256918937506,15802.256918937506,126.6831304644457,15.695815535812763,none,T1,False
crossing_give_way,3.699999999999995,15752.32514006248,15752.32514006248,126.48590342562582,15.695815535812763,none,T1,False
crossing_give_way,3.7499999999999947,15702.472255090783,15702.472255090783,126.28868072960871,15.695815535812763,none,T1,False
crossing_give_way,3.7999999999999945,15652.698264060647,15652.698264060647,126.09146239692404,15.695815535812763,none,T1,False
crossing_give_way,3.8499999999999943,15603.003167001441,15603.003167001441,125.89424844819442,15.695815535812763,none,T1,False
crossing_give_way,3.899999999999994,15553.386963935123,15553.386963935123,125.69703890414199,15.695815535812763,none,T1,False
crossing_give_way,3.949999999999994,15503.849654877438,15503.849654877438,125.49983378559392,15.695815535812763,none,T1,False
crossing_give_way,3.999999999999994,15454.391239838951,15454.391239838951,125.30263311348733,15.695815535812763,none,T1,False
crossing_give_way,4.049999999999994,15405.011718825872,15405.011718825872,125.10543690887353,15.695815535812763,none,T1,False
crossing_give_way,4.099999999999993,15355.711091840789,15355.711091840789,124.90824519292171,15.695815535812763,none,T1,False
crossing_give_way,4.149999999999993,15306.489358883242,15306.489358883242,124.71105798692233,15.695815535812763,none,T1,False
crossing_give_way,4.199999999999993,15257.346519950235,15257.346519950235,124.51387531228998,15.695815535812763,none,T1,False
crossing_give_way,4.249999999999993,15208.282575036646,15208.282575036646,124.31669719056612,15.695815535812763,none,T1,False
crossing_give_way,4.299999999999993,15159.297524135574,15159.297524135574,124.11952364342137,15.695815535812763,none,T1,False
crossing_give_way,4.3499999999999925,15110.391367238633,15110.391367238633,123.92235469265783,15.695815535812763,none,T1,False
crossing_give_way,4.399999999999992,15061.564104336205,15061.564104336205,123.72519036021107,15.695815535812763,none,T1,False
crossing_give_way,4.449999999999992,15012.815735417626,15012.815735417626,123.52803066815194,15.695815535812763,none,T1,False
crossing_give_way,4.499999999999992,14964.14626047137,14964.14626047137,123.33087563868844,15.695815535812763,none,T1,False
crossing_give_way,4.549999999999992,14915.555679485195,14915.555679485195,123.1337252941673,15.695815535812763,none,T1,False
crossing_give_way,4.599999999999992,14867.043992446255,14867.043992446255,122.9365796570757,15.695815535812763,none,T1,False
crossing_give_way,4.6499999999999915,14818.611199341207,14818.611199341207,122.73943875004264,15.695815535812763,none,T1,False
crossing_give_way,4.699999999999991,14770.257300156281,14770.257300156281,122.54230259584052,15.695815535812763,none,T1,False
crossing_give_way,4.749999999999991,14721.982294877374,14721.982294877374,122.34517121738658,15.695815535812763,none,T1,False
crossing_give_way,4.799999999999991,14673.78618349009,14673.78618349009,122.1480446377442,15.695815535812763,none,T1,False
crossing_give_way,4.849999999999991,14625.668965979792,14625.668965979792,121.95092288012442,15.695815535812763,none,T1,False
crossing_give_way,4.899999999999991,14577.630642331656,14577.630642331656,121.75380596788717,15.695815535812763,none,T1,False
crossing_give_way,4.94999999999999,14529.671212530688,14529.671212530688,121.55669392454267,15.695815535812763,none,T1,False
crossing_give_way,4.99999999999999,14481.790676561763,14481.790676561763,121.35958677375275,15.695815535812763,none,T1,False
crossing_give_way,5.04999999999999,14433.989034409646,14433.989034409646,121.16248453933217,15.695815535812763,none,T1,False
crossing_give_way,5.09999999999999,14386.266286059019,14386.266286059019,120.96538724524996,15.695815535812763,none,T1,False
crossing_give_way,5.14999999999999,14338.622431494488,14338.622431494488,120.76829491563069,15.695815535812763,none,T1,False
crossing_give_way,5.1999999999999895,14291.057470700602,14291.057470700602,120.57120757475586,15.695815535812763,none,T1,False
crossing_give_way,5.249999999999989,14243.571403661866,14243.571403661866,120.37412524706515,15.695815535812763,none,T1,False
crossing_give_way,5.299999999999989,14196.164230362752,14196.164230362752,120.17704795715784,15.695815535812763,none,T1,False
crossing_give_way,5.349999999999989,14148.8359507877,14148.8359507877,119.97997572979402,15.695815535812763,none,T1,False
crossing_give_way,5.399999999999989,14101.58656492113,14101.58656492113,119.78290858989605,15.695815535812763,none,T1,False
crossing_give_way,5.449999999999989,14054.416072747455,14054.416072747455,119.58584656254986,15.695815535812763,none,T1,False
crossing_give_way,5.4999999999999885,14007.324474251069,14007.324474251069,119.38878967300627,15.695815535812763,none,T1,False
crossing_give_way,5.549999999999988,13960.311769416367,13960.311769416367,119.19173794668248,15.695815535812763,none,T1,False
crossing_give_way,5.599999999999988,13913.377958227738,13913.377958227738,118.9946914091633,15.695815535812763,none,T1,False
crossing_give_way,5.649999999999988,13866.52304066958,13866.52304066958,118.79765008620264,15.695815535812763,none,T1,False
crossing_give_way,5.699999999999988,13819.747016726284,13819.747016726284,118.6006140037249,15.695815535812763,none,T1,False
crossing_give_way,5.749999999999988,13773.04988638225,13773.04988638225,118.40358318782634,15.695815535812763,none,T1,False
crossing_give_way,5.799999999999987,13726.431649621889,13726.431649621889,118.20655766477658,15.695815535812763,none,T1,False
crossing_give_way,5.849999999999987,13679.892306429618,13679.892306429618,118.00953746101999,15.695815535812763,none,T1,False
crossing_give_way,5.899999999999987,13633.431856789859,13633.431856789859,117.81252260317713,15.695815535812763,none,T1,False
crossing_give_way,5.949999999999987,13587.050300687051,13587.050300687051,117.61551311804627,15.695815535812763,none,T1,False
crossing_give_way,5.999999999999987,13540.747638105644,13540.747638105644,117.41850903260485,15.695815535812763,none,T1,False
crossing_give_way,6.0499999999999865,13494.523869030094,13494.523869030094,117.22151037401095,15.695815535812763,none,T1,False
crossing_give_way,6.099999999999986,13448.37899344488,13448.37899344488,117.02451716960485,15.695815535812763,none,T1,False
crossing_give_way,6.149999999999986,13402.313011334478,13402.313011334478,116.8275294469105,15.695815535812763,none,T1,False
crossing_give_way,6.199999999999986,13356.325922683396,13356.325922683396,116.63054723363712,15.695815535812763,none,T1,False
crossing_give_way,6.249999999999986,13310.417727476142,13310.417727476142,116.43357055768068,15.695815535812763,none,T1,False
crossing_give_way,6.299999999999986,13264.588425697244,13264.588425697244,116.23659944712554,15.695815535812763,none,T1,False
crossing_give_way,6.349999999999985,13218.838017331243,13218.838017331243,116.03963393024603,15.695815535812763,none,T1,False
crossing_give_way,6.399999999999985,13173.166502362696,13173.166502362696,115.842674035508,15.695815535812763,none,T1,False
crossing_give_way,6.449999999999985,13127.573880776174,13127.573880776174,115.64571979157047,15.695815535812763,none,T1,False
crossing_give_way,6.499999999999985,13082.06015255626,13082.06015255626,115.44877122728731,15.695815535812763,none,T1,False
crossing_give_way,6.549999999999985,13036.625317687556,13036.625317687556,115.25182837170878,15.695815535812763,none,T1,False
crossing_give_way,6.5999999999999845,12991.269376154676,12991.269376154676,115.05489125408332,15.695815535812763,none,T1,False
crossing_give_way,6.649999999999984,12945.992327942247,12945.992327942247,114.85795990385913,15.695815535812763,none,T1,False
crossing_give_way,6.699999999999984,12900.79417303492,12900.79417303492,114.66103435068594,15.695815535812763,none,T1,False
crossing_give_way,6.749999999999984,12855.674911417349,12855.674911417349,114.46411462441672,15.695815535812763,none,T1,False
crossing_give_way,6.799999999999984,12810.634543074211,12810.634543074211,114.2672007551094,15.695815535812763,none,T1,False
crossing_give_way,6.849999999999984,12765.6730679902,12765.6730679902,114.0702927730286,15.695815535812763,none,T1,False
crossing_give_way,6.8999999999999835,12720.790486150017,12720.790486150017,113.87339070864746,15.695815535812763,none,T1,False
crossing_give_way,6.949999999999983,12675.986797538386,12675.986797538386,113.67649459264939,15.695815535812763,none,T1,False
crossing_give_way,6.999999999999983,12631.26200214004,12631.26200214004,113.47960445592989,15.695815535812763,none,T1,False
crossing_give_way,7.049999999999983,12586.61609993973,12586.61609993973,113.28272032959833,15.695815535812763,none,T1,False
crossing_give_way,7.099999999999983,12542.049090922226,12542.049090922226,113.08584224497993,15.695815535812763,none,T1,False
crossing_give_way,7.149999999999983,12497.560975072305,12497.560975072305,112.88897023361746,15.695815535812763,none,T1,False
crossing_give_way,7.199999999999982,12453.151752374768,12453.151752374768,112.69210432727321,15.695815535812763,none,T1,False
crossing_give_way,7.249999999999982,12408.821422814424,12408.821422814424,112.49524455793092,15.695815535812763,none,T1,False
crossing_give_way,7.299999999999982,12364.569986376104,12364.569986376104,112.29839095779764,15.695815535812763,none,T1,False
crossing_give_way,7.349999999999982,12320.397443044643,12320.397443044643,112.10154355930567,15.695815535812763,none,T1,False
crossing_give_way,7.399999999999982,12276.303792804905,12276.303792804905,111.9047023951146,15.695815535812763,none,T1,False
crossing_give_way,7.4499999999999815,12232.28903564176,12232.28903564176,111.70786749811323,15.695815535812763,none,T1,False
crossing_give_way,7.499999999999981,12188.353171540093,12188.353171540093,111.51103890142157,15.695815535812763,none,T1,False
crossing_give_way,7.549999999999981,12144.496200484813,12144.496200484813,111.31421663839294,15.695815535812763,none,T1,False
crossing_give_way,7.599999999999981,12100.718122460832,12100.718122460832,111.11740074261589,15.695815535812763,none,T1,False
crossing_give_way,7.649999999999981,12057.01893745309,12057.01893745309,110.9205912479164,15.695815535812763,none,T1,False
crossing_give_way,7.699999999999981,12013.398645446528,12013.398645446528,110.72378818835992,15.695815535812763,none,T1,False
crossing_give_way,7.7499999999999805,11969.857246426116,11969.857246426116,110.5269915982534,15.695815535812763,none,T1,False
crossing_give_way,7.79999999999998,11926.394740376825,11926.394740376825,110.33020151214755,15.695815535812763,none,T1,False
crossing_give_way,7.84999999999998,11883.011127283655,11883.011127283655,110.13341796483898,15.695815535812763,none,T1,False
crossing_give_way,7.89999999999998,11839.706407131613,11839.706407131613,109.93664099137227,15.695815535812763,none,T1,False
crossing_give_way,7.94999999999998,11796.480579905718,11796.480579905718,109.7398706270423,15.695815535812763,none,T1,False
crossing_give_way,7.99999999999998,11753.333645591016,11753.333645591016,109.5431069073964,15.695815535812763,none,T1,False
crossing_give_way,8.04999999999998,11710.265604172553,11710.265604172553,109.34634986823664,15.695815535812763,none,T1,False
crossing_give_way,8.09999999999998,11667.276455635405,11667.276455635405,109.1495995456221,15.695815535812763,none,T1,False
crossing_give_way,8.14999999999998,11624.36619996465,11624.36619996465,108.9528559758711,15.695815535812763,none,T1,False
crossing_give_way,8.199999999999982,11581.534837145391,11581.534837145391,108.75611919556367,15.695815535812763,none,T1,False
crossing_give_way,8.249999999999982,11538.78236716274,11538.78236716274,108.55938924154373,15.695815535812763,none,T1,False
crossing_give_way,8.299999999999983,11496.108790001821,11496.108790001821,108.36266615092157,15.695815535812763,none,T1,False
crossing_give_way,8.349999999999984,11453.514105647784,11453.514105647784,108.16594996107622,15.695815535812763,none,T1,False
crossing_give_way,8.399999999999984,11410.998314085784,11410.998314085784,107.96924070965788,15.695815535812763,none,T1,False
crossing_give_way,8.449999999999985,11368.561415300996,11368.561415300996,107.77253843459036,15.695815535812763,none,T1,False
crossing_give_way,8.499999999999986,11326.203409278603,11326.203409278603,107.57584317407354,15.695815535812763,none,T1,False
crossing_give_way,8.549999999999986,11283.924296003814,11283.924296003814,107.37915496658593,15.695815535812763,none,T1,False
crossing_give_way,8.599999999999987,11241.724075461843,11241.724075461843,107.18247385088713,15.695815535812763,none,T1,False
crossing_give_way,8.649999999999988,11199.602747637928,11199.602747637928,106.98579986602049,15.695815535812763,none,T1,False
crossing_give_way,8.699999999999989,11157.56031251731,11157.56031251731,106.78913305131553,15.695815535812763,none,T1,False
crossing_give_way,8.74999999999999,11115.596770085254,11115.596770085254,106.59247344639074,15.695815535812763,none,T1,False
crossing_give_way,8.79999999999999,11073.71212032704,11073.71212032704,106.39582109115612,15.695815535812763,none,T1,False
crossing_give_way,8.84999999999999,11031.906363227954,11031.906363227954,106.19917602581583,15.695815535812763,none,T1,False
crossing_give_way,8.899999999999991,10990.179498773306,10990.179498773306,106.00253829087099,15.695815535812763,none,T1,False
crossing_give_way,8.949999999999992,10948.53152694842,10948.53152694842,105.8059079271223,15.695815535812763,none,T1,False
crossing_give_way,8.999999999999993,10906.962447738628,10906.962447738628,105.6092849756729,15.695815535812763,none,T1,False
crossing_give_way,9.049999999999994,10865.472261129282,10865.472261129282,105.41266947793109,15.695815535812763,none,T1,False
crossing_give_way,9.099999999999994,10824.060967105746,10824.060967105746,105.21606147561316,15.695815535812763,none,T1,False
crossing_give_way,9.149999999999995,10782.728565653406,10782.728565653406,105.01946101074633,15.695815535812763,none,T1,False
crossing_give_way,9.199999999999996,10741.475056757652,10741.475056757652,104.82286812567148,15.695815535812763,none,T1,False
crossing_give_way,9.249999999999996,10700.300440403895,10700.300440403895,104.62628286304621,15.695815535812763,none,T1,False
crossing_give_way,9.299999999999997,10659.20471657756,10659.20471657756,104.42970526584772,15.695815535812763,none,T1,False
crossing_give_way,9.349999999999998,10618.187885264084,10618.187885264084,104.23313537737577,15.695815535812763,none,T1,False
crossing_give_way,9.399999999999999,10577.249946448923,10577.249946448923,104.03657324125581,15.695815535812763,none,T1,False
crossing_give_way,9.45,10536.390900117545,10536.390900117545,103.84001890144188,15.695815535812763,none,T1,False
crossing_give_way,9.5,10495.610746255432,10495.610746255432,103.64347240221979,15.695815535812763,none,T1,False
crossing_give_way,9.55,10454.909484848082,10454.909484848082,103.44693378821019,15.695815535812763,none,T1,False
crossing_give_way,9.600000000000001,10414.287115881007,10414.287115881007,103.2504031043718,15.695815535812763,none,T1,False
crossing_give_way,9.650000000000002,10373.743639339733,10373.743639339733,103.05388039600447,15.695815535812763,none,T1,False
crossing_give_way,9.700000000000003,10333.279055209803,10333.279055209803,102.85736570875255,15.695815535812763,none,T1,False
crossing_give_way,9.750000000000004,10292.89336347677,10292.89336347677,102.66085908860802,15.695815535812763,none,T1,False
crossing_give_way,9.800000000000004,10252.586564126204,10252.586564126204,102.46436058191388,15.695815535812763,none,T1,False
crossing_give_way,9.850000000000005,10212.358657143694,10212.358657143694,102.26787023536745,15.695815535812763,none,T1,False
crossing_give_way,9.900000000000006,10172.209642514836,10172.209642514836,102.07138809602374,15.695815535812763,none,T1,False
crossing_give_way,9.950000000000006,10132.139520225242,10132.139520225242,101.87491421129887,15.695815535812763,none,T1,False
crossing_give_way,10.000000000000007,10092.148290260546,10092.148290260546,101.67844862897353,15.695815535812763,none,T1,False
crossing_give_way,10.050000000000008,10052.235952606385,10052.235952606385,101.48199139719641,15.695815535812763,none,T1,False
crossing_give_way,10.100000000000009,10012.402507248418,10012.402507248418,101.28554256448786,15.695815535812763,none,T1,False
crossing_give_way,10.15000000000001,9972.647954172317,9972.647954172317,101.08910217974328,15.695815535812763,none,T1,False
crossing_give_way,10.20000000000001,9932.972293363768,9932.972293363768,100.89267029223694,15.695815535812763,none,T1,False
crossing_give_way,10.25000000000001,9893.37552480847,9893.37552480847,100.69624695162543,15.695815535812763,none,T1,False
crossing_give_way,10.300000000000011,9853.85764849214,9853.85764849214,100.49983220795148,15.695815535812763,none,T1,False
crossing_give_way,10.350000000000012,9814.418664400504,9814.418664400504,100.30342611164768,15.695815535812763,none,T1,False
crossing_give_way,10.400000000000013,9775.058572519309,9775.058572519309,100.10702871354025,15.695815535812763,none,T1,False
crossing_give_way,10.450000000000014,9735.777372834309,9735.777372834309,99.91064006485281,15.695815535812763,none,T1,True
crossing_give_way,10.500000000000014,9696.575065331279,9696.575065331279,99.71426021721037,15.695815535812763,none,T1,True
crossing_give_way,10.550000000000015,9657.451649996005,9657.451649996005,99.51788922264312,15.695815535812763,none,T1,True
crossing_give_way,10.600000000000016,9618.407126814287,9618.407126814287,99.32152713359048,15.695815535812763,none,T1,True
crossing_give_way,10.650000000000016,9579.441495771938,9579.441495771938,99.12517400290504,15.695815535812763,none,T1,True
crossing_give_way,10.700000000000017,9540.554756854788,9540.554756854788,98.92882988385665,15.695815535812763,none,T1,True
crossing_give_way,10.750000000000018,9501.746910048687,9501.746910048687,98.73249483013659,15.695815535812763,none,T1,True
crossing_give_way,10.800000000000018,9463.017955339485,9463.017955339485,98.53616889586152,15.695815535812763,none,T1,True
crossing_give_way,10.85000000000002,9424.367892713057,9424.367892713057,98.33985213557787,15.695815535812763,none,T1,True
crossing_give_way,10.90000000000002,9385.796722155286,9385.796722155286,98.143544604266,15.695815535812763,none,T1,True
crossing_give_way,10.95000000000002,9347.30444365208,9347.30444365208,97.94724635734453,15.695815535812763,none,T1,True
crossing_give_way,11.000000000000021,9308.891057189347,9308.891057189347,97.75095745067466,15.695815535812763,none,T1,True
crossing_give_way,11.050000000000022,9270.55656275302,9270.55656275302,97.5546779405646,15.695815535812763,none,T1,True
crossing_give_way,11.100000000000023,9232.300960329037,9232.300960329037,97.35840788377396,15.695815535812763,none,T1,True
crossing_give_way,11.150000000000023,9194.124249903361,9194.124249903361,97.16214733751835,15.695815535812763,none,T1,True
crossing_give_way,11.200000000000024,9156.02643146196,9156.02643146196,96.96589635947385,15.695815535812763,none,T1,True
crossing_give_way,11.250000000000025,9118.00750499082,9118.00750499082,96.76965500778165,15.695815535812763,none,T1,True
crossing_give_way,11.300000000000026,9080.067470475937,9080.067470475937,96.57342334105279,15.695815535812763,none,T1,True
crossing_give_way,11.350000000000026,9042.206327903332,9042.206327903332,96.37720141837276,15.695815535812763,none,T1,True
crossing_give_way,11.400000000000027,9004.424077259027,9004.424077259027,96.18098929930639,15.695815535812763,none,T1,True
crossing_give_way,11.450000000000028,8966.720718529064,8966.720718529064,95.98478704390257,15.695815535812763,none,T1,True
crossing_give_way,11.500000000000028,8929.096251699502,8929.096251699502,95.7885947126993,15.695815535812763,none,T1,True
crossing_give_way,11.55000000000003,8891.550676756411,8891.550676756411,95.59241236672852,15.695815535812763,none,T1,True
crossing_give_way,11.60000000000003,8854.083993685872,8854.083993685872,95.39624006752118,15.695815535812763,none,T1,True
crossing_give_way,11.65000000000003,8816.696202473984,8816.696202473984,95.20007787711229,15.695815535812763,none,T1,True
crossing_give_way,11.700000000000031,8779.387303106858,8779.387303106858,95.0039258580461,15.695815535812763,none,T1,True
crossing_give_way,11.750000000000032,8499.379842134653,8742.157295570623,94.80778407338126,15.695815535812763,crossing_give_way,T1,True
crossing_give_way,11.800000000000033,8462.144477745698,8705.006179851414,94.61165258669608,15.695815535812763,crossing_give_way,T1,True
crossing_give_way,11.850000000000033,8425.310348734434,8668.251562571966,94.41721340892363,15.695815535812763,crossing_give_way,T1,True
crossing_give_way,11.900000000000034,8388.56115935003,8631.57411714677,94.22278250232813,15.695815535812763,crossing_give_way,T1,True
crossing_give_way,11.950000000000035,8351.635479738377,8594.709636685662,94.02695497579364,15.695815535812763,crossing_give_way,T1,True
crossing_give_way,12.000000000000036,8314.325536483675,8557.447666133028,93.82860060486509,15.695815535812763,crossing_give_way,T1,True
crossing_give_way,12.050000000000036,8276.475704252902,8519.62989743903,93.6268579135992,15.695815535812763,crossing_give_way,T1,True
crossing_give_way,12.100000000000037,8238.054831345098,8481.223840481598,93.4215310611845,15.695815535812763,crossing_give_way,T1,True
crossing_give_way,12.150000000000038,8199.116127197578,8442.282468686048,93.21288051562568,15.695815535812763,crossing_give_way,T1,True
crossing_give_way,12.200000000000038,8159.813976783092,8402.963588618508,93.00175793273235,15.695815535812763,crossing_give_way,T1,True
crossing_give_way,12.250000000000039,8118.612042357536,8362.571955998435,92.78899815647225,15.695815535812763,crossing_give_way,T1,True
crossing_give_way,12.30000000000004,8074.405798463602,8320.626746858794,92.5754144806401,15.695815535812763,crossing_give_way,T1,True
crossing_give_way,12.35000000000004,8027.335260646382,8277.270242069233,92.3617951212167,15.695815535812763,crossing_give_way,T1,True
crossing_give_way,12.400000000000041,7977.539894784238,8232.640980373244,92.14890051198914,15.695815535812763,crossing_give_way,T1,True
crossing_give_way,12.450000000000042,7925.161237142369,8186.874909298825,91.93746113543962,15.695815535812763,crossing_give_way,T1,True
crossing_give_way,12.500000000000043,7870.207127812251,8139.968003316478,91.72741558463063,15.695815535812763,crossing_give_way,T1,True
crossing_give_way,12.550000000000043,7813.283724774932,8092.218156646917,91.51870997617308,15.695815535812763,crossing_give_way,T1,True
crossing_give_way,12.600000000000044,7755.349685911124,8044.1071002798635,91.31135345348895,15.695815535812763,crossing_give_way,T1,True
crossing_give_way,12.650000000000045,7697.319038332886,7996.097232022025,91.10538138356003,15.695815535812763,crossing_give_way,T1,True
crossing_give_way,12.700000000000045,7639.959126639058,7948.576751911077,90.90081782516104,15.695815535812763,crossing_give_way,T1,True
crossing_give_way,12.750000000000046,7583.848395311731,7901.83693894821,90.69766068462803,15.695815535812763,crossing_give_way,T1,True
crossing_give_way,12.800000000000047,7529.37561652384,7856.0714180683835,90.49587954475312,15.695815535812763,crossing_give_way,T1,True
crossing_give_way,12.850000000000048,7476.762880659834,7811.387950902554,90.29541968216841,15.695815535812763,crossing_give_way,T1,True
crossing_give_way,12.900000000000048,7426.098773288568,7767.8255828225065,90.09620839771105,15.695815535812763,crossing_give_way,T1,True
crossing_give_way,12.950000000000049,7377.372877278278,7725.372503022925,89.89816154480609,15.695815535812763,crossing_give_way,T1,True
crossing_give_way,13.00000000000005,7330.5067239096625,7683.982072914928,89.70118924463976,15.695815535812763,crossing_give_way,T1,True
crossing_give_way,13.05000000000005,7285.3791407674225,7643.585953250543,89.505200420964,15.695815535812763,crossing_give_way,T1,True
crossing_give_way,13.100000000000051,7241.845673637967,7604.1041601455945,89.3101061324799,15.695815535812763,crossing_give_way,T1,True
crossing_give_way,13.150000000000052,7199.7526605230705,7565.452348086773,89.11582184335869,15.695815535812763,crossing_give_way,T1,True
crossing_give_way,13.200000000000053,7158.946895824189,7527.546805127838,88.9222688306638,15.695815535812763,crossing_give_way,T1,True
crossing_give_way,13.250000000000053,7119.281873166588,7490.307672157438,88.72937493051242,15.695815535812763,crossing_give_way,T1,True
crossing_give_way,13.300000000000054,7080.621494302236,7453.660846256145,88.5370748021845,15.695815535812763,crossing_give_way,T1,True
crossing_give_way,13.350000000000055,7042.841974498296,7417.538947136834,88.34530985761309,15.695815535812763,crossing_give_way,T1,True
crossing_give_way,13.400000000000055,7005.8325128841725,7381.881641935965,88.15402797142077,15.695815535812763,crossing_give_way,T1,True
crossing_give_way,13.450000000000056,6969.49515276905,7346.635549328627,87.96318305790417,15.695815535812763,crossing_give_way,T1,True
crossing_give_way,13.500000000000057,6933.744139721537,7311.7538831453285,87.77273457753256,15.695815535812763,crossing_give_way,T1,True
crossing_give_way,13.550000000000058,6898.50499414664,7277.1959483768915,87.58264701670348,15.695815535812763,crossing_give_way,T1,True
crossing_give_way,13.600000000000058,6863.713446793991,7242.926566933063,87.39288937015642,15.695815535812763,crossing_give_way,T1,True
crossing_give_way,13.650000000000059,6829.314335728424,7208.915484535392,87.20343464483578,15.695815535812763,crossing_give_way,T1,True
crossing_give_way,13.70000000000006,6795.260527614851,7175.136791524805,87.01425939635205,15.695815535812763,crossing_give_way,T1,True
crossing_give_way,13.75000000000006,6761.511901158208,7141.568377311841,86.82534330383147,15.695815535812763,crossing_give_way,T1,True
crossing_give_way,13.800000000000061,6728.034413356351,7108.191429221895,86.63666878529408,15.695815535812763,crossing_give_way,T1,True
crossing_give_way,13.850000000000062,6694.799257687586,7074.989980456788,86.44822065330317,15.695815535812763,crossing_give_way,T1,True
crossing_give_way,13.900000000000063,6661.782115832222,7041.950507958525,86.25998580913055,15.695815535812763,crossing_give_way,T1,True
crossing_give_way,13.950000000000063,6628.962499818678,7009.061578496146,86.07195297281248,15.695815535812763,crossing_give_way,T1,True
crossing_give_way,14.000000000000064,6596.323178718963,6976.313539848021,85.88411244603667,15.695815535812763,crossing_give_way,T1,True
crossing_give_way,14.050000000000065,6563.849682571627,6943.698253194165,85.69645590465329,15.695815535812763,crossing_give_way,T1,True
crossing_give_way,14.100000000000065,6531.529875639295,6911.2088625341585,85.50897621764251,15.695815535812763,crossing_give_way,T1,True
crossing_give_way,14.150000000000066,6499.353591101327,6878.8395969434705,85.32166728952474,15.695815535812763,crossing_give_way,T1,True
crossing_give_way,14.200000000000067,6467.312319623437,6846.585601660715,85.13452392341682,15.695815535812763,crossing_give_way,T1,True
crossing_give_way,14.250000000000068,6435.398944786724,6814.442794283022,84.94754170218594,15.695815535812763,crossing_give_way,T1,True
crossing_give_way,14.300000000000068,6403.607518998477,6782.407742683643,84.76071688540924,15.695815535812763,crossing_give_way,T1,True
crossing_give_way,14.350000000000069,6371.933074180348,6750.477561620609,84.57404632009823,15.695815535812763,crossing_give_way,T1,True
crossing_give_way,14.40000000000007,6340.371462193776,6718.649825355433,84.38752736338502,15.695815535812763,crossing_give_way,T1,True
crossing_give_way,14.45000000000007,6308.919220592518,6686.922493933219,84.20115781558515,15.695815535812763,crossing_give_way,T1,True
crossing_give_way,14.500000000000071,6277.573459873436,6655.293851082448,84.0149358622521,15.695815535812763,crossing_give_way,T1,True
crossing_give_way,14.550000000000072,6246.331768922556,6623.762451970605,83.82886002401513,15.695815535812763,crossing_give_way,T1,True
crossing_give_way,14.600000000000072,6215.19213582234,6592.327079299919,83.64292911315098,15.695815535812763,crossing_give_way,T1,True
crossing_give_way,14.650000000000073,6184.152881599206,6560.986706446216,83.45714219597886,15.695815535812763,crossing_give_way,T1,True
crossing_give_way,14.700000000000074,6153.212604851242,6529.740466535286,83.27149856029031,15.695815535812763,crossing_give_way,T1,True
crossing_give_way,14.750000000000075,6122.3701355087505,6498.58762651717,83.08599768713165,15.695815535812763,crossing_give_way,T1,True
crossing_give_way,14.800000000000075,6091.624496249751,6467.527565442019,82.90063922634998,15.695815535812763,crossing_give_way,T1,True
crossing_give_way,14.850000000000076,6060.9748703234945,6436.559756264193,82.71542297539305,15.695815535812763,crossing_give_way,T1,True
crossing_give_way,14.900000000000077,6030.420574732159,6405.683750606331,82.53034886092394,15.695815535812763,crossing_give_way,T1,True
crossing_give_way,14.950000000000077,5999.961037888498,6374.8991660047,82.34541692287057,15.695815535812763,crossing_give_way,T1,True
crossing_give_way,15.000000000000078,5969.595781009226,6344.205675233124,82.1606273005828,15.695815535812763,crossing_give_way,T1,True
crossing_give_way,15.050000000000079,5939.324402624075,6313.602997367206,81.97598022081414,15.695815535812763,crossing_give_way,T1,True
crossing_give_way,15.10000000000008,5909.146565681615,6283.090890304951,81.79147598728366,15.695815535812763,crossing_give_way,T1,True
crossing_give_way,15.15000000000008,5879.06198681824,6252.669144505795,81.60711497160777,15.695815535812763,crossing_give_way,T1,True
crossing_give_way,15.200000000000081,5849.070427428218,6222.33757774866,81.42289760541887,15.695815535812763,crossing_give_way,T1,True
crossing_give_way,15.250000000000082,5819.171686232769,6192.09603074217,81.23882437351412,15.695815535812763,crossing_give_way,T1,True
crossing_give_way,15.300000000000082,5789.365593096366,6161.944363447381,81.05489580789764,15.695815535812763,crossing_give_way,T1,True
crossing_give_way,15.350000000000083,5759.6520038805265,6131.882451996275,80.87111248259853,15.695815535812763,crossing_give_way,T1,True
crossing_give_way,15.400000000000084,5730.030796160447,6101.910186108436,80.68747500916292,15.695815535812763,crossing_give_way,T1,True
crossing_give_way,15.450000000000085,5700.501865659167,6072.027466924336,80.50398403273157,15.695815535812763,crossing_give_way,T1,True
crossing_give_way,15.500000000000085,5671.065123278383,6042.234205187096,80.32064022862654,15.695815535812763,crossing_give_way,T1,True
crossing_give_way,15.550000000000086,5641.720492625378,6012.530319715811,80.13744429938104,15.695815535812763,crossing_give_way,T1,True
crossing_give_way,15.600000000000087,5612.467907952533,5982.915736122855,79.9543969721545,15.695815535812763,crossing_give_way,T1,True
crossing_give_way,15.650000000000087,5583.307312439953,5953.3903857355035,79.77149899648327,15.695815535812763,crossing_give_way,T1,True
crossing_give_way,15.700000000000088,5554.238656763508,5923.9542046886345,79.58875114232382,15.695815535812763,crossing_give_way,T1,True
crossing_give_way,15.750000000000089,5525.261897900307,5894.607133160813,79.40615419835045,15.695815535812763,crossing_give_way,T1,True
crossing_give_way,15.80000000000009,5496.3769981318055,5865.349114730584,79.22370897047529,15.695815535812763,crossing_give_way,T1,True
crossing_give_way,15.85000000000009,5467.583924211412,5836.180095833622,79.0414162805619,15.695815535812763,crossing_give_way,T1,True
crossing_give_way,15.900000000000091,5438.882646669051,5807.100025304486,78.85927696530794,15.695815535812763,crossing_give_way,T1,True
crossing_give_way,15.950000000000092,5410.27313922991,5778.108853989518,78.67729187527536,15.695815535812763,crossing_give_way,T1,True
crossing_give_way,16.000000000000092,5381.755378328255,5749.206534419471,78.49546187404943,15.695815535812763,crossing_give_way,T1,True
crossing_give_way,16.050000000000093,5353.329342700612,5720.3930205324195,78.31378783751036,15.695815535812763,crossing_give_way,T1,True
crossing_give_way,16.100000000000094,5324.995013045106,5691.668267438983,78.13227065320329,15.695815535812763,crossing_give_way,T1,True
crossing_give_way,16.150000000000095,5296.752371736076,5663.032231223208,77.95091121979424,15.695815535812763,crossing_give_way,T1,True
crossing_give_way,16.200000000000095,5268.601402584834,5634.4848687735075,77.76971044660127,15.695815535812763,crossing_give_way,T1,True
crossing_give_way,16.250000000000096,5240.542090639033,5606.026137638975,77.58866925319155,15.695815535812763,crossing_give_way,T1,True
crossing_give_way,16.300000000000097,5212.574422014297,5577.655995907143,77.40778856903597,15.695815535812763,crossing_give_way,T1,True
crossing_give_way,16.350000000000097,5184.698383752904,5549.374402099845,77.22706933321416,15.695815535812763,crossing_give_way,T1,True
crossing_give_way,16.400000000000098,5156.913963705103,5521.1813150844355,77.04651249416375,15.695815535812763,crossing_give_way,T1,True
crossing_give_way,16.4500000000001,5129.221150429424,5493.076693997992,76.86611900946833,15.695815535812763,crossing_give_way,T1,True
crossing_give_way,16.5000000000001,5101.619933108947,5465.060498182548,76.68588984567944,15.695815535812763,crossing_give_way,T1,True
crossing_give_way,16.5500000000001,5074.110301480956,5437.132687129667,76.50582597816809,15.695815535812763,crossing_give_way,T1,True
crossing_give_way,16.6000000000001,5046.692245777861,5409.293220432977,76.32592839100278,15.695815535812763,crossing_give_way,T1,True
crossing_give_way,16.6500000000001,5019.365756677611,5381.542057747465,76.14619807685007,15.695815535812763,crossing_give_way,T1,True
crossing_give_way,16.700000000000102,4992.130825262104,5353.879158754535,75.96663603689561,15.695815535812763,crossing_give_way,T1,True
crossing_give_way,16.750000000000103,4964.987442982333,5326.304483131966,75.78724328078266,15.695815535812763,crossing_give_way,T1,True
crossing_give_way,16.800000000000104,4937.935601629244,5298.817990528068,75.60802082656632,15.695815535812763,crossing_give_way,T1,True
crossing_give_way,16.850000000000104,4910.9752933094,5271.419640539416,75.42896970068132,15.695815535812763,crossing_give_way,T1,True
crossing_give_way,16.900000000000105,4884.1065104247455,5244.109392691656,75.25009093792208,15.695815535812763,crossing_give_way,T1,True
crossing_give_way,16.950000000000106,4857.329245655807,5216.887206422913,75.0713855814331,15.695815535812763,crossing_give_way,T1,True
crossing_give_way,17.000000000000107,4830.6434919478625,5189.753041069472,74.89285468270907,15.695815535812763,crossing_give_way,T1,True
crossing_give_way,17.050000000000107,4804.04924249958,5162.706855853373,74.71449930160294,15.695815535812763,crossing_give_way,T1,True
crossing_give_way,17.100000000000108,4777.546490753803,5135.748609871671,74.53632050634147,15.695815535812763,crossing_give_way,T1,True
crossing_give_way,17.15000000000011,4751.135230390139,5108.878262087121,74.35831937354722,15.695815535812763,crossing_give_way,T1,True
crossing_give_way,17.20000000000011,4724.815455319118,5082.095771320099,74.18049698826627,15.695815535812763,crossing_give_way,T1,True
crossing_give_way,17.25000000000011,4698.587159677642,5055.40109624158,74.00285444400095,15.695815535812763,crossing_give_way,T1,True
crossing_give_way,17.30000000000011,4672.450337825611,5028.794195367034,73.82539284274716,15.695815535812763,crossing_give_way,T1,True
crossing_give_way,17.35000000000011,4646.4049843434905,5002.2750270511115,73.64811329503564,15.695815535812763,crossing_give_way,T1,True
crossing_give_way,17.400000000000112,4620.451094030737,4975.8435494830255,73.47101691997682,15.695815535812763,crossing_give_way,T1,True
crossing_give_way,17.450000000000113,4594.588661904949,4949.499720682525,73.29410484530888,15.695815535812763,crossing_give_way,T1,True
crossing_give_way,17.500000000000114,4568.817683201629,4923.243498496388,73.11737820744867,15.695815535812763,crossing_give_way,T1,True
crossing_give_way,17.550000000000114,4543.13815337449,4897.074840595364,72.94083815154505,15.695815535812763,crossing_give_way,T1,True
crossing_give_way,17.600000000000115,4517.5500680962505,4870.993704471525,72.7644858315348,15.695815535812763,crossing_give_way,T1,True
crossing_give_way,17.650000000000116,4492.053423259803,4845.000047435942,72.5883224102002,15.695815535812763,crossing_give_way,T1,True
crossing_give_way,17.700000000000117,4466.648214979774,4819.093826616681,72.41234905922894,15.695815535812763,crossing_give_way,T1,True
crossing_give_way,17.750000000000117,4441.334439594362,4793.27499895706,72.23656695927524,15.695815535812763,crossing_give_way,T1,True
crossing_give_way,17.800000000000118,4416.112093667485,4767.5435212141465,72.06097730002291,15.695815535812763,crossing_give_way,T1,True
crossing_give_way,17.85000000000012,4390.981173991131,4741.899349957452,71.88558128024955,15.695815535812763,crossing_give_way,T1,True
crossing_give_way,17.90000000000012,4365.941677587939,4716.342441567822,71.71038010789209,15.695815535812763,crossing_give_way,T1,True
crossing_give_way,17.95000000000012,4340.993601713979,4690.872752236499,71.53537500011358,15.695815535812763,crossing_give_way,T1,True
crossing_give_way,18.00000000000012,4316.136943861667,4665.490237964307,71.3605671833709,15.695815535812763,crossing_give_way,T1,True
crossing_give_way,18.05000000000012,4291.371701762859,4640.194854561005,71.18595789348365,15.695815535812763,crossing_give_way,T1,True
crossing_give_way,18.100000000000122,4266.697873392063,4614.986557644733,71.01154837570382,15.695815535812763,crossing_give_way,T1,True
crossing_give_way,18.150000000000123,4242.115456969764,4589.865302641578,70.83733988478633,15.695815535812763,crossing_give_way,T1,True
crossing_give_way,18.200000000000124,4217.624450965878,4564.831044785254,70.66333368506045,15.695815535812763,crossing_give_way,T1,True
crossing_give_way,18.250000000000124,4193.22485410328,4539.88373911685,70.4895310505019,15.695815535812763,crossing_give_way,T1,True
crossing_give_way,18.300000000000125,4168.916665361434,4515.023340484687,70.31593326480561,15.695815535812763,crossing_give_way,T1,True
crossing_give_way,18.350000000000126,4144.699883980095,4490.249803544238,70.14254162145927,15.695815535812763,crossing_give_way,T1,True
crossing_give_way,18.400000000000126,4120.574509463097,4465.56308275814,69.96935742381743,15.695815535812763,crossing_give_way,T1,True
crossing_give_way,18.450000000000127,4096.540541582191,4440.963132396269,69.79638198517613,15.695815535812763,crossing_give_way,T1,True
crossing_give_way,18.500000000000128,4072.597980380957,4416.449906535878,69.62361662884815,15.695815535812763,crossing_give_way,T1,True
crossing_give_way,18.55000000000013,4048.7468261787717,4392.02335906181,69.45106268823893,15.695815535812763,crossing_give_way,T1,True
crossing_give_way,18.60000000000013,4024.9870795748257,4367.683443666776,69.27872150692266,15.695815535812763,crossing_give_way,T1,True
crossing_give_way,18.65000000000013,4001.3187414521863,4343.43011385168,69.10659443871921,15.695815535812763,crossing_give_way,T1,True
crossing_give_way,18.70000000000013,3977.74181298192,4319.263322926023,68.93468284777137,15.695815535812763,crossing_give_way,T1,True
crossing_give_way,18.75000000000013,3954.256295627236,4295.1830240083455,68.76298810862248,15.695815535812763,crossing_give_way,T1,True
crossing_give_way,18.800000000000132,3930.8621911476866,4271.189170026748,68.59151160629457,15.695815535812763,crossing_give_way,T1,True
crossing_give_way,18.850000000000133,3907.5595016033944,4247.281713719454,68.42025473636699,15.695815535812763,crossing_give_way,T1,True
crossing_give_way,18.900000000000134,3884.348229359317,4223.460607635435,68.24921890505519,15.695815535812763,crossing_give_way,T1,True
crossing_give_way,18.950000000000134,3861.2283770895383,4199.725804135094,68.07840552929015,15.695815535812763,crossing_give_way,T1,True
crossing_give_way,19.000000000000135,3838.199947781598,4176.077255391007,67.90781603679805,15.695815535812763,crossing_give_way,T1,True
crossing_give_way,19.050000000000136,3815.2629447408317,4152.5149133887135,67.73745186618021,15.695815535812763,crossing_give_way,T1,True
crossing_give_way,19.100000000000136,3792.4173715947545,4129.038729927573,67.56731446699357,15.695815535812763,crossing_give_way,T1,True
crossing_give_way,19.150000000000137,3769.6632322974556,4105.64865662168,67.3974052998313,15.695815535812763,crossing_give_way,T1,True
crossing_give_way,19.200000000000138,3747.0005311340037,4082.344644900827,67.22772583640385,15.695815535812763,crossing_give_way,T1,True
crossing_give_way,19.25000000000014,3724.4292727248962,4059.126646011541,67.0582775596202,15.695815535812763,crossing_give_way,T1,True
crossing_give_way,19.30000000000014,3701.9494620304995,4035.9946110181686,66.88906196366945,15.695815535812763,crossing_give_way,T1,True
crossing_give_way,19.35000000000014,3679.561104355514,4012.9484908040263,66.7200805541027,15.695815535812763,crossing_give_way,T1,True
crossing_give_way,19.40000000000014,3657.264205353452,3989.9882360726174,66.55133484791516,15.695815535812763,crossing_give_way,T1,True
crossing_give_way,19.45000000000014,3635.0587710311183,3967.1137973489012,66.38282637362842,15.695815535812763,crossing_give_way,T1,True
crossing_give_way,19.500000000000142,3612.9448077531006,3944.3251249806326,66.21455667137307,15.695815535812763,crossing_give_way,T1,True
crossing_give_way,19.550000000000143,3590.9223222462674,3921.622169139769,66.04652729297155,15.695815535812763,crossing_give_way,T1,True
crossing_give_way,19.600000000000144,3568.991321604269,3899.0048798239404,65.87873980202099,15.695815535812763,crossing_give_way,T1,True
crossing_give_way,19.650000000000144,3547.1518132920282,3876.47320685798,65.71119577397653,15.695815535812763,crossing_give_way,T1,True
crossing_give_way,19.700000000000145,3525.403805150243,3854.0270998955393,65.54389679623453,15.695815535812763,crossing_give_way,T1,True
crossing_give_way,19.750000000000146,3503.7473053998756,3831.6665084207566,65.37684446821623,15.695815535812763,crossing_give_way,T1,True
crossing_give_way,19.800000000000146,3482.182322646634,3809.391381750007,65.2100404014512,15.695815535812763,crossing_give_way,T1,True
crossing_give_way,19.850000000000147,3460.7088658854454,3787.201669033721,65.04348621966119,15.695815535812763,crossing_give_way,T1,True
crossing_give_way,19.900000000000148,3439.3269445049177,3765.0973192582787,64.87718355884401,15.695815535812763,crossing_give_way,T1,True
crossing_give_way,19.95000000000015,3418.0365682917823,3743.0782812479774,64.71113406735742,15.695815535812763,crossing_give_way,T1,True
crossing_give_way,20.00000000000015,3396.83774743532,3721.1445036670775,64.54533940600321,15.695815535812763,crossing_give_way,T1,True
crossing_give_way,20.05000000000015,3375.7304925317612,3699.2959350219257,64.37980124811122,15.695815535812763,crossing_give_way,T1,True
crossing_give_way,20.10000000000015,3354.7148145886667,3677.532523663158,64.21452127962345,15.695815535812763,crossing_give_way,T1,True
crossing_give_way,20.15000000000015,3333.7907250292737,3655.854217787985,64.04950119917821,15.695815535812763,crossing_give_way,T1,True
crossing_give_way,20.200000000000152,3312.958235696819,3634.2609654425605,63.884742718194246,15.695815535812763,crossing_give_way,T1,True
crossing_give_way,20.250000000000153,3292.2173588588116,3612.752714524431,63.72024756095476,15.695815535812763,crossing_give_way,T1,True
crossing_give_way,20.300000000000153,3271.5681072112784,3591.3294127850713,63.5560174646915,15.695815535812763,crossing_give_way,T1,True
crossing_give_way,20.350000000000154,3251.0104938829695,3569.9910078325156,63.39205417966874,15.695815535812763,crossing_give_way,T1,True
crossing_give_way,20.400000000000155,3230.5445324395005,3548.737447134063,63.22835946926713,15.695815535812763,crossing_give_way,T1,True
crossing_give_way,20.450000000000156,3210.170236887461,3527.5686780190917,63.064935110067516,15.695815535812763,crossing_give_way,T1,True
crossing_give_way,20.500000000000156,3189.8876216784583,3506.4846476819457,62.90178289193448,15.695815535812763,crossing_give_way,T1,True
crossing_give_way,20.550000000000157,3169.696701713099,3485.4853031849316,62.7389046180999,15.695815535812763,crossing_give_way,T1,True
crossing_give_way,20.600000000000158,3149.597492344923,3464.570591461404,62.576302105246185,15.695815535812763,crossing_give_way,T1,True
crossing_give_way,20.65000000000016,3129.5900093842442,3443.740459318948,62.41397718358935,15.695815535812763,crossing_give_way,T1,True
crossing_give_way,20.70000000000016,3109.674269101937,3422.9948534426594,62.25193169696185,15.695815535812763,crossing_give_way,T1,True
crossing_give_way,20.75000000000016,3089.8502882331386,3402.3337203985293,62.09016750289512,15.695815535812763,crossing_give_way,T1,True
crossing_give_way,20.80000000000016,3070.1180839808612,3381.757006636927,61.92868647270186,15.695815535812763,crossing_give_way,T1,True
crossing_give_way,20.85000000000016,3050.4776740195284,3361.2646584961926,61.767490491558014,15.695815535812763,crossing_give_way,T1,True
crossing_give_way,20.900000000000162,3030.929076498403,3340.8566222063237,61.60658145858427,15.695815535812763,crossing_give_way,T1,True
crossing_give_way,20.950000000000163,3011.472310044924,3320.5328438927804,61.44596128692734,15.695815535812763,crossing_give_way,T1,True
crossing_give_way,21.000000000000163,2992.1073937679357,3300.293269580396,61.28563190384071,15.695815535812763,crossing_give_way,T1,True
crossing_give_way,21.050000000000164,2972.834347260805,3280.1378451973947,61.12559525076501,15.695815535812763,crossing_give_way,T1,True
crossing_give_way,21.100000000000165,2953.653190604416,3260.0665165795244,60.96585328340785,15.695815535812763,crossing_give_way,T1,True
crossing_give_way,21.150000000000166,2934.5639443700493,3240.0792294743014,60.806407971823155,15.695815535812763,crossing_give_way,T1,True
crossing_give_way,21.200000000000166,2915.566629622123,3220.175929545376,60.647261300490015,15.695815535812763,crossing_give_way,T1,True
crossing_give_way,21.250000000000167,2896.6612679207983,3200.3565623770046,60.48841526839081,15.695815535812763,crossing_give_way,T1,True
crossing_give_way,21.300000000000168,2877.84788132444,3180.62107347865,60.32987188908886,15.695815535812763,crossing_give_way,T1,True
crossing_give_way,21.35000000000017,2859.126492391928,3160.9694082896985,60.17163319080531,15.695815535812763,crossing_give_way,T1,True
crossing_give_way,21.40000000000017,2840.497124184807,3141.4015121843004,60.013701216495406,15.695815535812763,crossing_give_way,T1,True
crossing_give_way,21.45000000000017,2821.959800269267,3121.9173304763262,59.856078023923885,15.695815535812763,crossing_give_way,T1,True
crossing_give_way,21.50000000000017,2803.514544717955,3102.51680842446,59.69876568573978,15.695815535812763,crossing_give_way,T1,True
crossing_give_way,21.55000000000017,2785.1613821116016,3083.199891237411,59.54176628955022,15.695815535812763,crossing_give_way,T1,True
crossing_give_way,21.600000000000172,2766.9003375404554,3063.9665240792547,59.38508193799349,15.695815535812763,crossing_give_way,T1,True
crossing_give_way,21.650000000000173,2748.7314366055216,3044.816652074906,59.22871474881113,15.695815535812763,crossing_give_way,T1,True
crossing_give_way,21.700000000000173,2730.654705419588,3025.750220315717,59.072666854919035,15.695815535812763,crossing_give_way,T1,True
crossing_give_way,21.750000000000174,2712.670170608043,3006.7671738652175,58.916940404477714,15.695815535812763,crossing_give_way,T1,True
crossing_give_way,21.800000000000175,2694.777859309452,2987.8674577649754,58.761537560961244,15.695815535812763,crossing_give_way,T1,True
crossing_give_way,21.850000000000176,2676.977799175921,2969.051017040606,58.60646050322537,15.695815535812763,crossing_give_way,T1,True
crossing_give_way,21.900000000000176,2659.2700183731954,2950.3177967079077,58.45171142557435,15.695815535812763,crossing_give_way,T1,True
crossing_give_way,21.950000000000177,2641.6545455805126,2931.66774177914,58.29729253782657,15.695815535812763,crossing_give_way,T1,True
crossing_give_way,22.000000000000178,2624.131409990193,2913.1007972694388,58.143206065378976,15.695815535812763,crossing_give_way,T1,True
crossing_give_way,22.05000000000018,2606.7006413069507,2894.6169082033693,57.98945424927018,15.695815535812763,crossing_give_way,T1,True
crossing_give_way,22.10000000000018,2589.362269746918,2876.216019621625,57.836039346242174,15.695815535812763,crossing_give_way,T1,True
crossing_give_way,22.15000000000018,2572.1163260363824,2857.8980765878646,57.68296362880071,15.695815535812763,crossing_give_way,T1,True
crossing_give_way,22.20000000000018,2554.9628414102044,2839.6630241956937,57.530229385274104,15.695815535812763,crossing_give_way,T1,True
crossing_give_way,22.25000000000018,2537.901847609923,2821.5108075757857,57.37783891987059,15.695815535812763,crossing_give_way,T1,True
crossing_give_way,22.300000000000182,2520.9333768815336,2803.4413719031563,57.225794552734065,15.695815535812763,crossing_give_way,T1,True
crossing_give_way,22.350000000000183,2504.0574619729177,2785.4546624045734,57.07409861999816,15.695815535812763,crossing_give_way,T1,True
crossing_give_way,22.400000000000183,2487.2741361309227,2767.550624366122,56.92275347383863,15.695815535812763,crossing_give_way,T1,True
crossing_give_way,22.450000000000184,2470.583433098072,2749.7292031409065,56.77176148252396,15.695815535812763,crossing_give_way,T1,True
crossing_give_way,22.500000000000185,2453.9853871089013,2731.9903441569095,56.621125030464086,15.695815535812763,crossing_give_way,T1,True
crossing_give_way,22.550000000000185,2437.4800328858964,2714.333992924989,56.4708465182573,15.695815535812763,crossing_give_way,T1,True
crossing_give_way,22.600000000000186,2421.06740563503,2696.760095047028,56.32092836273505,15.695815535812763,crossing_give_way,T1,True
crossing_give_way,22.650000000000187,2404.747541040882,2679.268596224235,56.17137299700488,15.695815535812763,crossing_give_way,T1,True
crossing_give_way,22.700000000000188,2388.5204752613245,2661.859442265585,56.02218287049103,15.695815535812763,crossing_give_way,T1,True
crossing_give_way,22.75000000000019,2372.3862449217595,2644.532579096414,55.87336044897303,15.695815535812763,crossing_give_way,T1,True
crossing_give_way,22.80000000000019,2356.344887108905,2627.287952767158,55.72490821462195,15.695815535812763,crossing_give_way,T1,True
crossing_give_way,22.85000000000019,2340.3964393640977,2610.1255094622447,55.57682866603434,15.695815535812763,crossing_give_way,T1,True
crossing_give_way,22.90000000000019,2324.54093967611,2593.04519550912,55.42912431826371,15.695815535812763,crossing_give_way,T1,True
crossing_give_way,22.95000000000019,2308.7784264734673,2576.0469573874366,55.281797702849616,15.695815535812763,crossing_give_way,T1,True
crossing_give_way,23.000000000000192,2293.108938616245,2559.13074173838,55.134851367844085,15.695815535812763,crossing_give_way,T1,True
crossing_give_way,23.050000000000193,2277.532515387322,2542.296495374134,54.988287877835404,15.695815535812763,crossing_give_way,T1,True
crossing_give_way,23.100000000000193,2262.049196483104,2525.5441652875015,54.84210981396925,15.695815535812763,crossing_give_way,T1,True
crossing_give_way,23.150000000000194,2246.6590220036633,2508.87369866166,54.696319773966906,15.695815535812763,crossing_give_way,T1,True
crossing_give_way,23.200000000000195,2231.362032442309,2492.2850428800607,54.55092037214063,15.695815535812763,crossing_give_way,T1,True
crossing_give_way,23.250000000000195,2216.158268674553,2475.778145536466,54.40591423940605,15.695815535812763,crossing_give_way,T1,True
crossing_give_way,23.300000000000196,2201.0477719464675,2459.3529544451267,54.261304023291416,15.695815535812763,crossing_give_way,T1,True
crossing_give_way,23.350000000000197,2186.030583862408,2443.0094176510925,54.11709238794377,15.695815535812763,crossing_give_way,T1,True
crossing_give_way,23.400000000000198,2171.106746372093,2426.7474834406585,53.973282014131776,15.695815535812763,crossing_give_way,T1,True
crossing_give_way,23.4500000000002,2156.2763017570164,2410.5671003519437,53.82987559924526,15.695815535812763,crossing_give_way,T1,True
crossing_give_way,23.5000000000002,2141.539292616182,2394.468217185594,53.686875857291305,15.695815535812763,crossing_give_way,T1,True
crossing_give_way,23.5500000000002,2126.895761851138,2378.450783015617,53.544285518886745,15.695815535812763,crossing_give_way,T1,True
crossing_give_way,23.6000000000002,2112.3457526502934,2362.5147472003346,53.40210733124707,15.695815535812763,crossing_give_way,T1,True
crossing_give_way,23.6500000000002,2097.889308472507,2346.6600593934613,53.26034405817164,15.695815535812763,crossing_give_way,T1,True
crossing_give_way,23.700000000000202,2083.5264730299186,2330.8866695552892,53.1189984800249,15.695815535812763,crossing_give_way,T1,True
crossing_give_way,23.750000000000203,2069.2572902700185,2315.1945279639986,52.97807339371386,15.695815535812763,crossing_give_way,T1,True
crossing_give_way,23.800000000000203,2055.081804356924,2299.5835852270643,52.8375716126614,15.695815535812763,crossing_give_way,T1,True
crossing_give_way,23.850000000000204,2041.0000596518512,2284.053792292773,52.69749596677544,15.695815535812763,crossing_give_way,T1,True
crossing_give_way,23.900000000000205,2027.012100692777,2268.605100461843,52.55784930241395,15.695815535812763,crossing_give_way,T1,True
crossing_give_way,23.950000000000205,2013.1179721732356,2253.2374613991265,52.418634482345425,15.695815535812763,crossing_give_way,T1,True
crossing_give_way,24.000000000000206,1999.3177189202856,2237.9508271454174,52.27985438570509,15.695815535812763,crossing_give_way,T1,True
crossing_give_way,24.050000000000207,1985.611385871573,2222.745150129328,52.14151190794639,15.695815535812763,crossing_give_way,T1,True
crossing_give_way,24.100000000000207,1971.999018051521,2207.6203831792554,52.0036099607878,15.695815535812763,crossing_give_way,T1,True
crossing_give_way,24.150000000000208,1958.4806605465903,2192.5764795354125,51.866151472154904,15.695815535812763,crossing_give_way,T1,True
crossing_give_way,24.20000000000021,1945.0563584796223,2177.61339286193,51.7291393861175,15.695815535812763,crossing_give_way,T1,True
crossing_give_way,24.25000000000021,1931.7261569832212,2162.7310772590126,51.59257666282166,15.695815535812763,crossing_give_way,T1,True
crossing_give_way,24.30000000000021,1918.4901011721763,2147.929487275147,51.45646627841664,15.695815535812763,crossing_give_way,T1,True
crossing_give_way,24.35000000000021,1905.3482361149004,2133.2085779193603,51.320811224976566,15.695815535812763,crossing_give_way,T1,True
crossing_give_way,24.40000000000021,1892.3006068038599,2118.568304673504,51.185614510416684,15.695815535812763,crossing_give_way,T1,True
crossing_give_way,24.450000000000212,1879.3472581249944,2104.0086235045765,51.05087915840411,15.695815535812763,crossing_give_way,T1,True
crossing_give_way,24.500000000000213,1866.488234826091,2089.5294908770566,50.916608208262936,15.695815535812763,crossing_give_way,T1,True
crossing_give_way,24.550000000000214,1853.7235814841133,2075.1308637652523,50.78280471487364,15.695815535812763,crossing_give_way,T1,True
crossing_give_way,24.600000000000215,1841.053342471455,2060.812699665648,50.64947174856651,15.695815535812763,crossing_give_way,T1,True
crossing_give_way,24.650000000000215,1828.4775619211105,2046.574956609243,50.51661239500919,15.695815535812763,crossing_give_way,T1,True
crossing_give_way,24.700000000000216,1815.9962836907384,2032.417593173868,50.38422975508796,15.695815535812763,crossing_give_way,T1,True
crossing_give_way,24.750000000000217,1803.6095513256191,2018.3405684964803,50.252326944782915,15.695815535812763,crossing_give_way,T1,True
crossing_give_way,24.800000000000217,1791.317408020462,2004.343842285401,50.120907095036586,15.695815535812763,crossing_give_way,T1,True
crossing_give_way,24.850000000000218,1779.119896580083,1990.4273748325195,49.98997335161622,15.695815535812763,crossing_give_way,T1,True
crossing_give_way,24.90000000000022,1767.0170593789078,1976.5911270254155,49.85952887496931,15.695815535812763,crossing_give_way,T1,True
crossing_give_way,24.95000000000022,1755.0089383193067,1962.8350603594135,49.729576840072355,15.695815535812763,crossing_give_way,T1,True
crossing_give_way,25.00000000000022,1743.095574788741,1949.159136949546,49.600120436272825,15.695815535812763,crossing_give_way,T1,True
crossing_give_way,25.05000000000022,1731.2770096157005,1935.5633195424057,49.47116286712394,15.695815535812763,crossing_give_way,T1,True
crossing_give_way,25.10000000000022,1719.5532830244413,1922.047571527887,49.342707350212414,15.695815535812763,crossing_give_way,T1,True
crossing_give_way,25.150000000000222,1707.9244345884895,1908.6118569507944,49.21475711697886,15.695815535812763,crossing_give_way,T1,True
crossing_give_way,25.200000000000223,1696.3905031829186,1895.2561405223005,49.08731541253077,15.695815535812763,crossing_give_way,T1,True
crossing_give_way,25.250000000000224,1684.951526935376,1881.980387631243,48.96038549544793,15.695815535812763,crossing_give_way,T1,True
crossing_give_way,25.300000000000225,1673.6075431758657,1868.7845643552448,48.83397063758019,15.695815535812763,crossing_give_way,T1,True
crossing_give_way,25.350000000000225,1662.3585883852631,1855.668637471635,48.70807412383735,15.695815535812763,crossing_give_way,T1,True
crossing_give_way,25.400000000000226,1651.2046981425729,1842.6325744681649,48.582699251971185,15.695815535812763,crossing_give_way,T1,True
crossing_give_way,25.450000000000227,1640.1459070709027,1829.6763435534867,48.457849332349284,15.695815535812763,crossing_give_way,T1,True
crossing_give_way,25.500000000000227,1629.1822487821726,1816.7999136673943,48.33352768772078,15.695815535812763,crossing_give_way,T1,True
crossing_give_way,25.550000000000228,1618.3137558205335,1804.0032544907908,48.209737652973686,15.695815535812763,crossing_give_way,T1,True
crossing_give_way,25.60000000000023,1607.5404596045107,1791.286336455375,48.08648257488373,15.695815535812763,crossing_give_way,T1,True
crossing_give_way,25.65000000000023,1596.8623903678551,1778.6491307530264,47.96376581185466,15.695815535812763,crossing_give_way,T1,True
crossing_give_way,25.70000000000023,1586.2795770991193,1766.0916093448634,47.84159073364979,15.695815535812763,crossing_give_way,T1,True
crossing_give_way,25.75000000000023,1575.7920474799455,1753.61374496996,47.719960721114695,15.695815535812763,crossing_give_way,T1,True
crossing_give_way,25.80000000000023,1565.3998278220733,1741.2155111536958,47.59887916589091,15.695815535812763,crossing_give_way,T1,True
crossing_give_way,25.850000000000232,1555.1029430030749,1728.8968822157199,47.478349470120506,15.695815535812763,crossing_give_way,T1,True
crossing_give_way,25.900000000000233,1544.901416400819,1716.6578332775102,47.35837504614155,15.695815535812763,crossing_give_way,T1,True
crossing_give_way,25.950000000000234,1534.7952698266756,1704.4983402694997,47.23895931617408,15.695815535812763,crossing_give_way,T1,True
crossing_give_way,26.000000000000234,1524.784523457458,1692.418379937746,47.120105711996636,15.695815535812763,crossing_give_way,T1,True
crossing_give_way,26.050000000000235,1514.869195766137,1680.417929850135,47.00181767461333,15.695815535812763,crossing_give_way,T1,True
crossing_give_way,26.100000000000236,1505.0493034513095,1668.4969684020707,46.884098653911,15.695815535812763,crossing_give_way,T1,True
crossing_give_way,26.150000000000237,1495.3248613654625,1656.6554748216524,46.766952108306754,15.695815535812763,crossing_give_way,T1,True
crossing_give_way,26.200000000000237,1485.695882442032,1644.8934291742967,46.650381504385436,15.695815535812763,crossing_give_way,T1,True
crossing_give_way,26.250000000000238,1476.162377621283,1633.21081236679,46.534390316527166,15.695815535812763,crossing_give_way,T1,True
crossing_give_way,26.30000000000024,1466.7243557750212,1621.6076061507329,46.41898202652461,15.695815535812763,crossing_give_way,T1,True
crossing_give_way,26.35000000000024,1457.3818236301768,1610.0837931253739,46.304160123190165,15.695815535812763,crossing_give_way,T1,True
crossing_give_way,26.40000000000024,1448.1347856912575,1598.6393567397768,46.18992810195262,15.695815535812763,crossing_give_way,T1,True
crossing_give_way,26.45000000000024,1438.9832441617277,1587.274281294322,46.07628946444351,15.695815535812763,crossing_give_way,T1,True
crossing_give_way,26.50000000000024,1429.9271988643131,1575.988551941495,45.963247718072886,15.695815535812763,crossing_give_way,T1,True
crossing_give_way,26.550000000000242,1420.966647160287,1564.78215468595,45.85080637559441,15.695815535812763,crossing_give_way,T1,True
crossing_give_way,26.600000000000243,1412.1015838677476,1553.6550763838095,45.73896895465982,15.695815535812763,crossing_give_way,T1,True
crossing_give_way,26.650000000000244,1403.3320011789422,1542.607304741177,45.627738977362526,15.695815535812763,crossing_give_way,T1,True
crossing_give_way,26.700000000000244,1394.6578885766671,1531.6388283118417,45.51711996977039,15.695815535812763,crossing_give_way,T1,True
crossing_give_way,26.750000000000245,1386.0792327497775,1520.749636494134,45.40711546144751,15.695815535812763,crossing_give_way,T1,True
crossing_give_way,26.800000000000246,1377.596017507858,1509.939719526909,45.29772898496501,15.695815535812763,crossing_give_way,T1,True
crossing_give_way,26.850000000000247,1369.2082236951042,1499.209068484639,45.18896407540077,15.695815535812763,crossing_give_way,T1,True
crossing_give_way,26.900000000000247,1360.9158291034437,1488.5576752715701,45.08082426982795,15.695815535812763,crossing_give_way,T1,True
crossing_give_way,26.950000000000248,1352.7188083849678,1477.9855326149254,44.973313106792425,15.695815535812763,crossing_give_way,T1,True
crossing_give_way,27.00000000000025,1344.6171329637173,1467.4926340571278,44.86643412577888,15.695815535812763,crossing_give_way,T1,True
crossing_give_way,27.05000000000025,1336.6107709468688,1457.078973947,44.760190866665695,15.695815535812763,crossing_give_way,T1,True
crossing_give_way,27.10000000000025,1328.6996870354035,1446.744547429933,44.65458686916844,15.695815535812763,crossing_give_way,T1,True
crossing_give_way,27.15000000000025,1320.8838424342932,1436.4893504369786,44.54962567227213,15.695815535812763,crossing_give_way,T1,True
crossing_give_way,27.20000000000025,1313.1631947622855,1426.3133796728464,44.44531081365197,15.695815535812763,crossing_give_way,T1,True
crossing_give_way,27.250000000000252,1305.5376979613407,1416.2166326027705,44.34164582908284,15.695815535812763,crossing_give_way,T1,True
crossing_give_way,27.300000000000253,1298.007302205805,1406.1991074382283,44.238634251837304,15.695815535812763,crossing_give_way,T1,True
crossing_give_way,27.350000000000254,1290.5719538113735,1396.2608031214745,44.136279612072215,15.695815535812763,crossing_give_way,T1,True
crossing_give_way,27.400000000000254,1283.2315951439318,1386.4017193088666,44.03458543620401,15.695815535812763,crossing_give_way,T1,True
crossing_give_way,27.450000000000255,1275.9861645283447,1376.6218563529553,43.93355524627249,15.695815535812763,crossing_give_way,T1,True
crossing_give_way,27.500000000000256,1268.835596157273,1366.9212152833147,43.83319255929337,15.695815535812763,crossing_give_way,T1,True
crossing_give_way,27.550000000000257,1261.7798200001039,1357.2997977860841,43.73350088659936,15.695815535812763,crossing_give_way,T1,True
crossing_give_way,27.600000000000257,1254.8187617120743,1347.7576061821985,43.634483733170036,15.695815535812763,crossing_give_way,T1,True
crossing_give_way,27.650000000000258,1247.9523425436787,1338.294643404281,43.53614459695048,15.695815535812763,crossing_give_way,T1,True
crossing_give_way,27.70000000000026,1241.1804792504481,1328.9109129721774,43.43848696815859,15.695815535812763,crossing_give_way,T1,True
crossing_give_way,27.75000000000026,1234.5030840031918,1319.606418967102,43.341514328581376,15.695815535812763,crossing_give_way,T1,True
crossing_give_way,27.80000000000026,1227.9200642988026,1310.3811660043846,43.2452301508601,15.695815535812763,crossing_give_way,T1,True
crossing_give_way,27.85000000000026,1221.4313228717097,1301.235159204783,43.14963789776454,15.695815535812763,crossing_give_way,T1,True
crossing_give_way,27.90000000000026,1215.036757606092,1292.1684041643525,43.05474102145616,15.695815535812763,crossing_give_way,T1,True
crossing_give_way,27.950000000000262,1208.736261448946,1283.1809069228495,42.960542962740725,15.695815535812763,crossing_give_way,T1,True
crossing_give_way,28.000000000000263,1202.529722324105,1274.2726739306438,42.86704715031003,15.695815535812763,crossing_give_way,T1,True
crossing_give_way,28.050000000000264,1196.4170230473328,1265.443712014134,42.774256999973126,15.695815535812763,crossing_give_way,T1,True
crossing_give_way,28.100000000000264,1190.3980412425758,1256.6940283396436,42.68217591387717,15.695815535812763,crossing_give_way,T1,True
crossing_give_way,28.150000000000265,1184.472649259504,1248.0236303757845,42.590807279717865,15.695815535812763,crossing_give_way,T1,True
crossing_give_way,28.200000000000266,1178.6407140924337,1239.4325258542722,42.500154469939844,15.695815535812763,crossing_give_way,T1,True
crossing_give_way,28.250000000000266,1172.9020973007528,1230.920722729185,42.410220840926996,15.695815535812763,crossing_give_way,T1,True
crossing_give_way,28.300000000000267,1167.2566549309608,1222.4882291346548,42.32100973218303,15.695815535812763,crossing_give_way,T1,True
crossing_give_way,28.350000000000268,1161.704237440438,1214.135053340985,42.23252446550239,15.695815535812763,crossing_give_way,T1,True
crossing_give_way,28.40000000000027,1156.2446896230515,1205.8612037091752,42.14476834413172,15.695815535812763,crossing_give_way,T1,True
crossing_give_way,28.45000000000027,1150.8778505367263,1197.666688643868,42.05774465192214,15.695815535812763,crossing_give_way,T1,True
crossing_give_way,28.50000000000027,1145.6035534330908,1189.5515165446952,41.971456652472476,15.695815535812763,crossing_give_way,T1,True
crossing_give_way,28.55000000000027,1140.4216256893128,1181.5156957560353,41.88590758826368,15.695815535812763,crossing_give_way,T1,True
crossing_give_way,28.60000000000027,1135.331888742251,1173.5592345151738,41.80110067978482,15.695815535812763,crossing_give_way,T1,True
crossing_give_way,28.650000000000272,1130.3341580250278,1165.6821408988717,41.717039124650626,15.695815535812763,crossing_give_way,T1,True
crossing_give_way,28.700000000000273,1125.4282429061573,1157.884422768351,41.633726096711136,15.695815535812763,crossing_give_way,T1,True
crossing_give_way,28.750000000000274,1120.6139466313286,1150.1660877126928,41.55116474515353,15.695815535812763,crossing_give_way,T1,True
crossing_give_way,28.800000000000274,1115.8910662679746,1142.5271429906707,41.469358193596506,15.695815535812763,crossing_give_way,T1,True
crossing_give_way,28.850000000000275,1111.2593926527345,1134.9675954710153,41.38830953917751,15.695815535812763,crossing_give_way,T1,True
crossing_give_way,28.900000000000276,1106.7187103419296,1127.4874515711363,41.308021851633086,15.695815535812763,crossing_give_way,T1,True
crossing_give_way,28.950000000000276,1102.2687975651681,1120.0867171943105,41.228498172372724,15.695815535812763,crossing_give_way,T1,True
crossing_give_way,29.000000000000277,1097.9094261821774,1112.7653976653514,41.149741513546495,15.695815535812763,crossing_give_way,T1,True
crossing_give_way,29.050000000000278,1093.6403616430007,1105.5234976647896,41.07175485710682,15.695815535812763,crossing_give_way,T1,True
crossing_give_way,29.10000000000028,1089.4613629516411,1098.3610211615776,40.99454115386479,15.695815535812763,crossing_give_way,T1,True
crossing_give_way,29.15000000000028,1085.3721826332767,1091.2779713443508,40.918103322541306,15.695815535812763,crossing_give_way,T1,True
crossing_give_way,29.20000000000028,1081.3725667051408,1084.2743505512653,40.84244424881353,15.695815535812763,crossing_give_way,T1,True
crossing_give_way,29.25000000000028,1077.350160198453,1077.350160198453,40.76756678435691,15.695815535812763,crossing_give_way,T1,True
crossing_give_way,29.30000000000028,1070.5054007071185,1070.5054007071185,40.69347374588337,15.695815535812763,crossing_give_way,T1,True
crossing_give_way,29.350000000000282,1063.740071429318,1063.740071429318,40.62016791417584,15.695815535812763,crossing_give_way,T1,True
crossing_give_way,29.400000000000283,1057.0541705724524,1057.0541705724524,40.54765203311973,15.695815535812763,crossing_give_way,T1,True
crossing_give_way,29.450000000000284,1050.4476951225276,1050.4476951225279,40.47592880873179,15.695815535812763,crossing_give_way,T1,True
crossing_give_way,29.500000000000284,1043.920640766213,1043.920640766213,40.40500090818659,15.695815535812763,crossing_give_way,T1,True
crossing_give_way,29.550000000000285,1037.4730018117489,1037.4730018117489,40.33487095884138,15.695815535812763,crossing_give_way,T1,True
crossing_give_way,29.600000000000286,1031.104771108757,1031.104771108757,40.26554154725954,15.695815535812763,crossing_give_way,T1,True
crossing_give_way,29.650000000000286,1024.8159399669987,1024.8159399669987,40.19701521823326,15.695815535812763,crossing_give_way,T1,True
crossing_give_way,29.700000000000287,1018.606498074136,1018.606498074136,40.129294473805814,15.695815535812763,crossing_give_way,T1,True
crossing_give_way,29.750000000000288,1012.4764334125565,1012.4764334125565,40.06238177229399,15.695815535812763,crossing_give_way,T1,True
crossing_give_way,29.80000000000029,1006.4257321753207,1006.4257321753207,39.996279527311245,15.695815535812763,crossing_give_way,T1,True
crossing_give_way,29.85000000000029,1000.4543786812877,1000.4543786812877,39.9309901067919,15.695815535812763,crossing_give_way,T1,True
crossing_give_way,29.90000000000029,994.5623552894888,994.5623552894888,39.86651583201708,15.695815535812763,crossing_give_way,T1,True
crossing_give_way,29.95000000000029,988.7496423128217,988.7496423128217,39.802858976642845,15.695815535812763,crossing_give_way,T1,True
crossing_give_way,30.00000000000029,983.01621793112,983.01621793112,39.740021765731036,15.695815535812763,crossing_give_way,T1,True
crossing_give_way,30.050000000000292,977.3620581036832,977.3620581036832,39.67800637478342,15.695815535812763,crossing_give_way,T1,True
crossing_give_way,30.100000000000293,971.787136481336,971.787136481336,39.616814928779654,15.695815535812763,crossing_give_way,T1,True
crossing_give_way,30.150000000000293,966.2914243180901,966.2914243180901,39.556449501219596,15.695815535812763,crossing_give_way,T1,True
crossing_give_way,30.200000000000294,960.8748903824944,960.8748903824944,39.49691211317056,15.695815535812763,crossing_give_way,T1,True
crossing_give_way,30.250000000000295,955.537500868744,955.537500868744,39.438204732320045,15.695815535812763,crossing_give_way,T1,True
crossing_give_way,30.300000000000296,950.2792193076406,950.2792193076405,39.38032927203458,15.695815535812763,crossing_give_way,T1,True
crossing_give_way,30.350000000000296,945.1000064774827,945.1000064774827,39.32328759042508,15.695815535812763,crossing_give_way,T1,True
crossing_give_way,30.400000000000297,939.9998203149684,939.9998203149684,39.26708148941954,15.695815535812763,crossing_give_way,T1,True
crossing_give_way,30.450000000000298,934.9786158262079,934.9786158262079,39.21171271384334,15.695815535812763,crossing_give_way,T1,True
crossing_give_way,30.5000000000003,930.0363449979242,930.0363449979242,39.15718295050807,15.695815535812763,crossing_give_way,T1,True
crossing_give_way,30.5500000000003,925.1729567089405,925.1729567089405,39.10349382730916,15.695815535812763,crossing_give_way,T1,True
crossing_give_way,30.6000000000003,920.388396642038,920.388396642038,39.050646912333015,15.695815535812763,crossing_give_way,T1,True
crossing_give_way,30.6500000000003,915.6826071962851,915.6826071962851,38.99864371297435,15.695815535812763,crossing_give_way,T1,True
crossing_give_way,30.7000000000003,911.055527399926,911.055527399926,38.94748567506403,15.695815535812763,crossing_give_way,T1,True
crossing_give_way,30.750000000000302,906.507092823923,906.507092823923,38.897174182008285,15.695815535812763,crossing_give_way,T1,True
crossing_give_way,30.800000000000303,902.0372354962512,902.0372354962512,38.84771055393964,15.695815535812763,crossing_give_way,T1,True
crossing_give_way,30.850000000000303,897.645883817038,897.645883817038,38.79909604688032,15.695815535812763,crossing_give_way,T1,True
crossing_give_way,30.900000000000304,893.3329624746412,893.3329624746412,38.75133185191849,15.695815535812763,crossing_give_way,T1,True
crossing_give_way,30.950000000000305,889.0983923627701,889.0983923627701,38.70441909439816,15.695815535812763,crossing_give_way,T1,True
crossing_give_way,31.000000000000306,884.942090498736,884.942090498736,38.65835883312307,15.695815535812763,crossing_give_way,T1,True
crossing_give_way,31.050000000000306,880.8639699429306,880.8639699429306,38.6131520595752,15.695815535812763,crossing_give_way,T1,True
crossing_give_way,31.100000000000307,876.8639397196334,876.8639397196334,38.5687996971486,15.695815535812763,crossing_give_way,T1,True
crossing_give_way,31.150000000000308,872.9419047392346,872.9419047392346,38.52530260039877,15.695815535812763,crossing_give_way,T1,True
crossing_give_way,31.20000000000031,869.0977657219728,869.0977657219728,38.48266155430841,15.695815535812763,crossing_give_way,T1,True
crossing_give_way,31.25000000000031,865.331419123279,865.331419123279,38.44087727356995,15.695815535812763,crossing_give_way,T1,True
crossing_give_way,31.30000000000031,861.6427570608213,861.6427570608213,38.39995040188536,15.695815535812763,crossing_give_way,T1,True
crossing_give_way,31.35000000000031,858.0316672433364,858.0316672433364,38.35988151128381,15.695815535812763,crossing_give_way,T1,True
crossing_give_way,31.40000000000031,854.4980329013431,854.4980329013431,38.32067110145757,15.695815535812763,crossing_give_way,T1,True
crossing_give_way,31.450000000000312,851.0417327198227,851.0417327198227,38.28231959911685,15.695815535812763,crossing_give_way,T1,True
crossing_give_way,31.500000000000313,847.6626407729505,847.6626407729505,38.24482735736376,15.695815535812763,crossing_give_way,T1,True
crossing_give_way,31.550000000000313,844.3606264609671,844.3606264609671,38.20819465508614,15.695815535812763,crossing_give_way,T1,True
crossing_give_way,31.600000000000314,841.1355544492711,841.1355544492711,38.172421696371494,15.695815535812763,crossing_give_way,T1,True
crossing_give_way,31.650000000000315,837.9872846098074,837.9872846098074,38.137508609941655,15.695815535812763,crossing_give_way,T1,True
crossing_give_way,31.700000000000315,834.9156719648325,834.9156719648325,38.10345544860838,15.695815535812763,crossing_give_way,T1,True
crossing_give_way,31.750000000000316,831.9205666331346,831.9205666331346,38.070262188750526,15.695815535812763,crossing_give_way,T1,True
crossing_give_way,31.800000000000317,829.001813778773,829.001813778773,38.03792872981301,15.695815535812763,crossing_give_way,T1,True
crossing_give_way,31.850000000000318,826.1592535624118,826.1592535624118,38.00645489382808,15.695815535812763,crossing_give_way,T1,True
crossing_give_way,31.90000000000032,823.3927210953102,823.3927210953102,37.975840424959074,15.695815535812763,crossing_give_way,T1,True
crossing_give_way,31.95000000000032,820.7020463960353,820.7020463960353,37.94608498906725,15.695815535812763,crossing_give_way,T1,True
crossing_give_way,32.00000000000032,818.0870543499531,818.0870543499531,37.91718817330183,15.695815535812763,crossing_give_way,T1,True
crossing_give_way,32.05000000000032,815.5475646715549,815.5475646715549,37.88914948571362,15.695815535812763,crossing_give_way,T1,True
crossing_give_way,32.100000000000314,813.0833918696757,813.0833918696757,37.861968354892525,15.695815535812763,crossing_give_way,T1,True
crossing_give_way,32.15000000000031,810.6943452156409,810.6943452156409,37.83564412962921,15.695815535812763,crossing_give_way,T1,True
crossing_give_way,32.20000000000031,808.3802287144039,808.3802287144041,37.8101760786012,15.695815535812763,crossing_give_way,T1,True
crossing_give_way,32.250000000000306,806.1408410787004,806.1408410787004,37.78556339008356,15.695815535812763,crossing_give_way,T1,True
crossing_give_way,32.3000000000003,803.975975706261,803.975975706261,37.76180517168446,15.695815535812763,crossing_give_way,T1,True
crossing_give_way,32.3500000000003,801.8854206601206,801.8854206601206,37.73890045010584,15.695815535812763,crossing_give_way,T1,True
crossing_give_way,32.4000000000003,799.8689586520417,799.8689586520417,37.716848170929225,15.695815535812763,crossing_give_way,T1,True
crossing_give_way,32.450000000000294,797.9263670290889,797.9263670290889,37.695647198427004,15.695815535812763,crossing_give_way,T1,True
crossing_give_way,32.50000000000029,796.0574177633664,796.0574177633664,37.67529631539913,15.695815535812763,crossing_give_way,T1,True
crossing_give_way,32.55000000000029,794.2618774449369,794.2618774449369,37.65579422303555,15.695815535812763,crossing_give_way,T1,True
crossing_give_way,32.600000000000286,792.5395072779341,792.5395072779341,37.63713954080432,15.695815535812763,crossing_give_way,T1,True
crossing_give_way,32.65000000000028,790.8900630798772,790.8900630798772,37.61933080636548,15.695815535812763,crossing_give_way,T1,True
crossing_give_way,32.70000000000028,789.3132952841897,789.3132952841897,37.602366475510856,15.695815535812763,crossing_give_way,T1,True
crossing_give_way,32.75000000000028,787.8089489459204,787.8089489459204,37.586244922129644,15.695815535812763,crossing_give_way,T1,True
crossing_give_way,32.800000000000274,786.3767637506639,786.3767637506639,37.57096443819996,15.695815535812763,crossing_give_way,T1,True
crossing_give_way,32.85000000000027,785.0164740266724,785.0164740266724,37.55652323380622,15.695815535812763,crossing_give_way,T1,True
crossing_give_way,32.90000000000027,783.7278087601367,783.7278087601367,37.542919437182306,15.695815535812763,crossing_give_way,T1,True
crossing_give_way,32.950000000000266,782.5104916136286,782.5104916136286,37.53015109478065,15.695815535812763,crossing_give_way,T1,True
crossing_give_way,33.00000000000026,781.3642409476827,781.3642409476827,37.51821617136686,15.695815535812763,crossing_give_way,T1,True
crossing_give_way,33.05000000000026,780.2887698454788,780.2887698454788,37.50711255014002,15.695815535812763,crossing_give_way,T1,True
crossing_give_way,33.10000000000026,779.283786140615,779.283786140615,37.49683803287854,15.695815535812763,crossing_give_way,T1,True
crossing_give_way,33.150000000000254,778.3489924479202,778.3489924479202,37.487390340111226,15.695815535812763,crossing_give_way,T1,True
crossing_give_way,33.20000000000025,777.4840861972815,777.4840861972815,37.47876711131363,15.695815535812763,crossing_give_way,T1,True
crossing_give_way,33.25000000000025,776.6887596704363,776.6887596704363,37.47096590512936,15.695815535812763,crossing_give_way,T1,True
crossing_give_way,33.300000000000246,775.9627000406917,775.9627000406917,37.46398419961627,15.695815535812763,crossing_give_way,T1,True
crossing_give_way,33.35000000000024,775.3055894155217,775.3055894155217,37.45781939251714,15.695815535812763,crossing_give_way,T1,True
crossing_give_way,33.40000000000024,774.7171048819874,774.7171048819874,37.45246880155483,15.695815535812763,crossing_give_way,T1,True
crossing_give_way,33.45000000000024,774.1969185549327,774.1969185549327,37.44792966475144,15.695815535812763,crossing_give_way,T1,True
crossing_give_way,33.500000000000234,773.7446976278939,773.7446976278939,37.44419914077138,15.695815535812763,crossing_give_way,T1,True
crossing_give_way,33.55000000000023,773.3601044266649,773.3601044266649,37.44127430928793,15.695815535812763,crossing_give_way,T1,True
crossing_give_way,33.60000000000023,773.042796465456,773.042796465456,37.43915217137305,15.695815535812763,crossing_give_way,T1,True
crossing_give_way,33.650000000000226,772.7924265055834,772.7924265055834,37.437829649910164,15.695815535812763,crossing_give_way,T1,True
crossing_give_way,33.70000000000022,772.6086426166189,772.6086426166189,37.43730359002941,15.695815535812763,crossing_give_way,T1,True
crossing_give_way,33.75000000000022,1103.6608984763411,1103.6608984763411,37.4375707595652,15.695815535812763,crossing_stand_on,T1,True
crossing_give_way,33.80000000000022,1103.7250438110364,1103.7250438110364,37.43862784953564,15.695815535812763,crossing_stand_on,T1,True
crossing_give_way,33.850000000000215,1103.8026072211626,1103.8026072211626,37.43873593402942,15.695815535812763,crossing_stand_on,T1,True
crossing_give_way,33.90000000000021,1103.8516987540543,1103.8516987540543,37.43691250452023,15.695815535812763,crossing_stand_on,T1,True
crossing_give_way,33.95000000000021,1103.8693688873802,1103.8693688873802,37.43221289871915,15.695815535812763,crossing_stand_on,T1,True
crossing_give_way,34.000000000000206,1103.8445281586537,1103.8445281586537,37.42345841088831,15.695815535812763,crossing_stand_on,T1,True
crossing_give_way,34.0500000000002,1103.635827044513,1103.635827044513,37.40900378687082,15.695815535812763,crossing_stand_on,T1,True
crossing_give_way,34.1000000000002,1137.511604105962,1137.511604105962,37.38805119341721,15.695815535812763,overtaking,T1,True
crossing_give_way,34.1500000000002,1130.100386735257,1130.100386735257,37.36030961041251,15.695815535812763,overtaking,T1,True
crossing_give_way,34.200000000000195,1123.5542365560484,1123.5542365560484,37.32674115790903,15.695815535812763,overtaking,T1,True
crossing_give_way,34.25000000000019,1118.1033993141345,1118.1033993141345,37.28824119613981,15.695815535812763,overtaking,T1,True
crossing_give_way,34.30000000000019,1113.5949761768773,1113.5949761768773,37.24623502579577,15.695815535812763,overtaking,T1,True
crossing_give_way,34.350000000000186,1109.8175818266568,1109.8175818266568,37.2018223818601,15.695815535812763,overtaking,T1,True
crossing_give_way,34.40000000000018,1106.5727417465641,1106.5727417465641,37.15585526565748,15.695815535812763,overtaking,T1,True
crossing_give_way,34.45000000000018,1103.6989618101602,1103.6989618101602,37.108994615509424,15.695815535812763,overtaking,T1,True
crossing_give_way,34.50000000000018,1101.0749355071512,1101.0749355071512,37.06175249742832,15.695815535812763,overtaking,T1,True
crossing_give_way,34.550000000000175,1098.6145960786764,1098.6145960786764,37.01452431909706,15.695815535812763,overtaking,T1,True
crossing_give_way,34.60000000000017,1096.2598641401955,1096.2598641401955,36.96761394220082,15.695815535812763,overtaking,T1,True
crossing_give_way,34.65000000000017,1093.9735953123818,1093.9735953123818,36.92125352222178,15.695815535812763,overtaking,T1,True
crossing_give_way,34.700000000000166,1091.7336394190313,1091.7336394190313,36.87561928048312,15.695815535812763,overtaking,T1,True
crossing_give_way,34.75000000000016,1089.5281975384519,1089.5281975384519,36.83084405089099,15.695815535812763,overtaking,T1,True
crossing_give_way,34.80000000000016,1087.3523623073195,1087.3523623073195,36.787027230312276,15.695815535812763,overtaking,T1,True
crossing_give_way,34.85000000000016,1085.2056280871273,1085.2056280871273,36.744242627770866,15.695815535812763,overtaking,T1,True
crossing_give_way,34.900000000000155,1083.090149691424,1083.090149691424,36.70254461542867,15.695815535812763,overtaking,T1,True
crossing_give_way,34.95000000000015,1081.0095565070378,1081.0095565070378,36.661972914137976,15.695815535812763,overtaking,T1,True
crossing_give_way,35.00000000000015,1078.968166976887,1078.968166976887,36.62255628898406,15.695815535812763,overtaking,T1,True
crossing_give_way,35.050000000000146,1076.9704850884707,1076.9704850884707,36.584315381608576,15.695815535812763,overtaking,T1,True
crossing_give_way,35.10000000000014,1075.0208914888763,1075.0208914888763,36.54726486447155,15.695815535812763,overtaking,T1,True
crossing_give_way,35.15000000000014,1073.1234662712168,1073.1234662712168,36.51141506673807,15.695815535812763,overtaking,T1,True
crossing_give_way,35.20000000000014,1071.2818989331738,1071.2818989331738,36.47677319159849,15.695815535812763,overtaking,T1,True
crossing_give_way,35.250000000000135,1069.4994545575255,1069.4994545575255,36.44334422000574,15.695815535812763,overtaking,T1,True
crossing_give_way,35.30000000000013,1067.778975006072,1067.778975006072,36.41113157546505,15.695815535812763,overtaking,T1,True
crossing_give_way,35.35000000000013,1066.1229008111359,1066.1229008111359,36.380137608042716,15.695815535812763,overtaking,T1,True
crossing_give_way,35.40000000000013,1064.5333042630887,1064.5333042630887,36.35036394258257,15.695815535812763,overtaking,T1,True
crossing_give_way,35.450000000000124,1063.0119275170891,1063.0119275170891,36.321811725680426,15.695815535812763,overtaking,T1,True
crossing_give_way,35.50000000000012,1061.56022181381,1061.56022181381,36.29448179777312,15.695815535812763,overtaking,T1,True
crossing_give_way,35.55000000000012,1060.179385443636,1060.179385443636,36.268374810317766,15.695815535812763,overtaking,T1,True
crossing_give_way,35.600000000000115,1058.8703991073676,1058.8703991073676,36.24349130310367,15.695815535812763,overtaking,T1,True
crossing_give_way,35.65000000000011,1057.6340579980874,1057.6340579980874,36.21983175295059,15.695815535812763,overtaking,T1,True
crossing_give_way,35.70000000000011,1056.4710003600208,1056.4710003600208,36.19739660215492,15.695815535812763,overtaking,T1,True
crossing_give_way,35.75000000000011,1055.3817325483576,1055.3817325483576,36.176186272850636,15.695815535812763,overtaking,T1,True
crossing_give_way,35.800000000000104,1054.3666507726964,1054.3666507726964,36.15620117179592,15.695815535812763,overtaking,T1,True
crossing_give_way,35.8500000000001,1053.426059792905,1053.426059792905,36.13744168885413,15.695815535812763,overtaking,T1,True
crossing_give_way,35.9000000000001,1052.5601888749968,1052.5601888749968,36.11990819151157,15.695815535812763,overtaking,T1,True
crossing_give_way,35.950000000000095,1051.7692053233457,1051.7692053233457,36.10360101708802,15.695815535812763,overtaking,T1,True
crossing_give_way,36.00000000000009,1051.053225895843,1051.053225895843,36.0885204637911,15.695815535812763,overtaking,T1,True
crossing_give_way,36.05000000000009,1050.4123263882545,1050.4123263882545,36.07466678139701,15.695815535812763,overtaking,T1,True
crossing_give_way,36.10000000000009,1049.8465496482245,1049.8465496482245,36.062040162073295,15.695815535812763,overtaking,T1,True
crossing_give_way,36.150000000000084,1049.3559122515005,1049.3559122515005,36.05064073166889,15.695815535812763,overtaking,T1,True
crossing_give_way,36.20000000000008,1048.9404100450602,1048.9404100450602,36.04046854166188,15.695815535812763,overtaking,T1,True
crossing_give_way,36.25000000000008,1048.6000227352904,1048.6000227352904,36.03152356186191,15.695815535812763,overtaking,T1,True
crossing_give_way,36.300000000000075,1048.3347176748287,1048.3347176748287,36.023805673901045,15.695815535812763,overtaking,T1,True
crossing_give_way,36.35000000000007,1048.144452979525,1048.144452979525,36.01731466550483,15.695815535812763,overtaking,T1,True
crossing_give_way,36.40000000000007,1048.0291800873015,1048.0291800873015,36.01205022550941,15.695815535812763,overtaking,T1,True
crossing_give_way,36.45000000000007,1047.9888458534242,1047.9888458534242,36.00801193957498,15.695815535812763,overtaking,T1,True
crossing_give_way,36.500000000000064,1048.0233942617274,1048.0233942617274,36.00519928653832,15.695815535812763,overtaking,T1,True
crossing_give_way,36.55000000000006,1048.1327678184339,1048.1327678184339,36.003611635344505,15.695815535812763,overtaking,T1,True
crossing_give_way,36.60000000000006,1048.3169086842097,1048.3169086842097,36.003248242498515,15.695815535812763,overtaking,T1,True
crossing_give_way,36.650000000000055,1048.575759590732,1048.575759590732,36.00410824998053,15.695815535812763,overtaking,T1,True
crossing_give_way,36.70000000000005,1048.9092645801607,1048.9092645801607,36.00619068357269,15.695815535812763,overtaking,T1,True
crossing_give_way,36.75000000000005,1049.3173695992573,1049.3173695992573,36.00949445154962,15.695815535812763,overtaking,T1,True
crossing_give_way,36.80000000000005,1049.8000229743402,1049.8000229743402,36.01401834369035,15.695815535812763,overtaking,T1,True
crossing_give_way,36.850000000000044,1050.3571757886236,1050.3571757886236,36.019761030573456,15.695815535812763,overtaking,T1,True
crossing_give_way,36.90000000000004,1050.9887821796415,1050.9887821796415,36.02672106312236,15.695815535812763,overtaking,T1,True
crossing_give_way,36.95000000000004,1051.6947995712524,1051.6947995712524,36.03489687237157,15.695815535812763,overtaking,T1,True
crossing_give_way,37.000000000000036,1052.4751888520962,1052.4751888520962,36.044286769428645,15.695815535812763,overtaking,T1,True
crossing_give_way,37.05000000000003,1053.3299145101803,1053.3299145101803,36.054888945609974,15.695815535812763,overtaking,T1,True
crossing_give_way,37.10000000000003,1054.2589447315063,1054.2589447315063,36.06670147273151,15.695815535812763,overtaking,T1,True
crossing_give_way,37.15000000000003,1055.2622514691545,1055.2622514691545,36.07972230353823,15.695815535812763,overtaking,T1,True
crossing_give_way,37.200000000000024,1056.3398104880741,1056.3398104880741,36.093949272258385,15.695815535812763,overtaking,T1,True
crossing_give_way,37.25000000000002,1057.4916013898137,1057.4916013898137,36.10938009527044,15.695815535812763,overtaking,T1,True
crossing_give_way,37.30000000000002,1058.7176076206565,1058.7176076206565,36.12601237187249,15.695815535812763,overtaking,T1,True
crossing_give_way,37.350000000000016,1060.0178164659562,1060.0178164659562,36.143843585145184,15.695815535812763,overtaking,T1,True
crossing_give_way,37.40000000000001,1061.3946210707288,1061.3946210707288,36.16287110290042,15.695815535812763,overtaking,T1,True
crossing_give_way,37.45000000000001,1062.8575342787053,1062.8575342787053,36.183092178709195,15.695815535812763,overtaking,T1,True
crossing_give_way,37.50000000000001,1064.4074811487324,1064.4074811487324,36.20450395300278,15.695815535812763,overtaking,T1,True
crossing_give_way,37.550000000000004,1066.044399350088,1066.044399350088,36.227103454241956,15.695815535812763,overtaking,T1,True
crossing_give_way,37.6,1067.7682264644488,1067.7682264644488,36.250887600150016,15.695815535812763,overtaking,T1,True
crossing_give_way,37.65,1017.8929078642441,1017.8929078642441,36.27585319900525,15.695815535812763,crossing_stand_on,T1,True
crossing_give_way,37.699999999999996,1019.8093887640241,1019.8093887640241,36.30199695098946,15.695815535812763,crossing_stand_on,T1,True
crossing_give_way,37.74999999999999,1021.8511825563432,1021.8511825563432,36.33048392342191,15.695815535812763,crossing_stand_on,T1,True
crossing_give_way,37.79999999999999,1023.8743627894801,1023.8743627894801,36.358820017085634,15.695815535812763,crossing_stand_on,T1,True
crossing_give_way,37.84999999999999,1025.7833484224684,1025.7833484224684,36.384914548158854,15.695815535812763,crossing_stand_on,T1,True
crossing_give_way,37.899999999999984,1027.548999532611,1027.548999532611,36.40777995298105,15.695815535812763,crossing_stand_on,T1,True
crossing_give_way,37.94999999999998,1029.1530462894766,1029.1530462894766,36.42700666739542,15.695815535812763,crossing_stand_on,T1,True
crossing_give_way,37.99999999999998,1030.5802180930166,1030.5802180930166,36.44255092192827,15.695815535812763,crossing_stand_on,T1,True
crossing_give_way,38.049999999999976,1031.8191513063564,1031.8191513063564,36.454596746828216,15.695815535812763,crossing_stand_on,T1,True
crossing_give_way,38.09999999999997,1032.8641335286106,1032.8641335286106,36.463457711460805,15.695815535812763,crossing_stand_on,T1,True
crossing_give_way,38.14999999999997,1033.7159186256283,1033.7159186256283,36.469509856641245,15.695815535812763,crossing_stand_on,T1,True
crossing_give_way,38.19999999999997,1034.3814287696782,1034.3814287696782,36.47314793950317,15.695815535812763,crossing_stand_on,T1,True
crossing_give_way,38.249999999999964,1034.8727012390634,1034.8727012390634,36.47475838961388,15.695815535812763,crossing_stand_on,T1,True
crossing_give_way,38.29999999999996,1035.2055038729018,1035.2055038729018,36.474703796638885,15.695815535812763,crossing_stand_on,T1,True
crossing_give_way,38.34999999999996,1035.3979372216174,1035.3979372216174,36.47331506504371,15.695815535812763,crossing_stand_on,T1,True
crossing_give_way,38.399999999999956,1035.4692079383271,1035.4692079383271,36.47088846960344,15.695815535812763,crossing_stand_on,T1,True
crossing_give_way,38.44999999999995,1035.4386515531792,1035.4386515531792,36.46768570117609,15.695815535812763,crossing_stand_on,T1,True
crossing_give_way,38.49999999999995,1035.3250144073104,1035.3250144073104,36.46393562534446,15.695815535812763,crossing_stand_on,T1,True
crossing_give_way,38.54999999999995,1035.1459679804175,1035.1459679804175,36.45983692635292,15.695815535812763,crossing_stand_on,T1,True
crossing_give_way,38.599999999999945,1034.9178139220974,1034.9178139220974,36.45556111780141,15.695815535812763,crossing_stand_on,T1,True
crossing_give_way,38.64999999999994,1034.6553358680317,1034.6553358680317,36.45125560780545,15.695815535812763,crossing_stand_on,T1,True
crossing_give_way,38.69999999999994,1034.3717582973864,1034.3717582973864,36.44704664038019,15.695815535812763,crossing_stand_on,T1,True
crossing_give_way,38.749999999999936,1034.0787793823993,1034.0787793823993,36.4430420197011,15.695815535812763,crossing_stand_on,T1,True
crossing_give_way,38.79999999999993,1033.7866518521882,1033.7866518521882,36.43933357618371,15.695815535812763,crossing_stand_on,T1,True
crossing_give_way,38.84999999999993,1033.504292307486,1033.504292307486,36.43599936447789,15.695815535812763,crossing_stand_on,T1,True
crossing_give_way,38.89999999999993,1033.2394047903726,1033.2394047903726,36.43310560121194,15.695815535812763,crossing_stand_on,T1,True
crossing_give_way,38.949999999999925,1032.9986086800996,1032.9986086800996,36.43070835972402,15.695815535812763,crossing_stand_on,T1,True
crossing_give_way,38.99999999999992,1032.787564256229,1032.787564256229,36.428855043356876,15.695815535812763,crossing_stand_on,T1,True
crossing_give_way,39.04999999999992,1032.6110917042106,1032.6110917042106,36.427585660235565,15.695815535812763,crossing_stand_on,T1,True
crossing_give_way,39.099999999999916,1032.4732811030387,1032.4732811030387,36.426933922085006,15.695815535812763,crossing_stand_on,T1,True
crossing_give_way,39.14999999999991,1032.377592180549,1032.377592180549,36.42692818836325,15.695815535812763,crossing_stand_on,T1,True
crossing_give_way,39.19999999999991,1032.326943475714,1032.326943475714,36.427592275260686,15.695815535812763,crossing_stand_on,T1,True
crossing_give_way,39.24999999999991,1032.3237911107603,1032.3237911107603,36.428946147224835,15.695815535812763,crossing_stand_on,T1,True
crossing_give_way,39.299999999999905,1032.3701977284204,1032.3701977284204,36.431006506773855,15.695815535812763,crossing_stand_on,T1,True
crossing_give_way,39.3499999999999,1032.4678923519186,1032.4678923519186,36.43378729654842,15.695815535812763,crossing_stand_on,T1,True
crossing_give_way,39.3999999999999,1032.6183220229518,1032.6183220229518,36.4373001258653,15.695815535812763,crossing_stand_on,T1,True
crossing_give_way,39.449999999999896,1032.822696099695,1032.822696099695,36.44155463249718,15.695815535812763,crossing_stand_on,T1,True
crossing_give_way,39.49999999999989,1033.082024077355,1033.082024077355,36.44655878901607,15.695815535812763,crossing_stand_on,T1,True
crossing_give_way,39.54999999999989,1033.3971477456714,1033.3971477456714,36.45231916179944,15.695815535812763,crossing_stand_on,T1,True
crossing_give_way,39.59999999999989,1033.7687684334464,1033.7687684334464,36.45884112970066,15.695815535812763,crossing_stand_on,T1,True
crossing_give_way,39.649999999999885,1034.1974700183196,1034.1974700183196,36.4661290684179,15.695815535812763,crossing_stand_on,T1,True
crossing_give_way,39.69999999999988,1034.6837383063148,1034.6837383063148,36.47418650574748,15.695815535812763,crossing_stand_on,T1,True
crossing_give_way,39.74999999999988,1035.2279773139544,1035.2279773139544,36.483016252167175,15.695815535812763,crossing_stand_on,T1,True
crossing_give_way,39.799999999999876,1035.830522918217,1035.830522918217,36.49262051055103,15.695815535812763,crossing_stand_on,T1,True
crossing_give_way,39.84999999999987,1036.4916542775863,1036.4916542775863,36.503000968259066,15.695815535812763,crossing_stand_on,T1,True
crossing_give_way,39.89999999999987,1037.2116033714935,1037.2116033714935,36.514158874363346,15.695815535812763,crossing_stand_on,T1,True
crossing_give_way,39.94999999999987,1037.9905629556351,1037.9905629556351,36.52609510435672,15.695815535812763,crossing_stand_on,T1,True
crossing_give_way,39.999999999999865,1038.8286931868367,1038.8286931868367,36.53881021433409,15.695815535812763,crossing_stand_on,T1,True
crossing_give_way,40.04999999999986,1039.72612713292,1039.72612713292,36.55230448633102,15.695815535812763,crossing_stand_on,T1,True
crossing_give_way,40.09999999999986,1040.6829753499135,1040.6829753499135,36.56657796624331,15.695815535812763,crossing_stand_on,T1,True
crossing_give_way,40.14999999999986,1041.6993296804997,1041.6993296804997,36.58163049552952,15.695815535812763,crossing_stand_on,T1,True
crossing_give_way,40.199999999999854,1042.7752664031934,1042.7752664031934,36.597461737708535,15.695815535812763,crossing_stand_on,T1,True
crossing_give_way,40.24999999999985,1043.9108488410004,1043.9108488410004,36.61407120050471,15.695815535812763,crossing_stand_on,T1,True
crossing_give_way,40.29999999999985,1045.1061295206566,1045.1061295206566,36.6314582543564,15.695815535812763,crossing_stand_on,T1,True
crossing_give_way,40.349999999999845,1046.3611519586452,1046.3611519586452,36.6496221478892,15.695815535812763,crossing_stand_on,T1,True
crossing_give_way,40.39999999999984,1047.6759521376052,1047.6759521376052,36.668562020857856,15.695815535812763,crossing_stand_on,T1,True
crossing_give_way,40.44999999999984,1049.050559726163,1049.050559726163,36.68827691497921,15.695815535812763,crossing_stand_on,T1,True
crossing_give_way,40.49999999999984,1050.4849990863272,1050.4849990863272,36.70876578300924,15.695815535812763,crossing_stand_on,T1,True
crossing_give_way,40.549999999999834,1051.9792901051555,1051.9792901051555,36.73002749635972,15.695815535812763,crossing_stand_on,T1,True
crossing_give_way,40.59999999999983,1053.533448881178,1053.533448881178,36.752060851501106,15.695815535812763,crossing_stand_on,T1,True
crossing_give_way,40.64999999999983,1055.1474882908544,1055.1474882908544,36.77486457535758,15.695815535812763,crossing_stand_on,T1,True
crossing_give_way,40.699999999999825,1056.821418456038,1056.821418456038,36.79843732986579,15.695815535812763,crossing_stand_on,T1,True
crossing_give_way,40.74999999999982,1058.5552471297908,1058.5552471297908,36.822777715840495,15.695815535812763,crossing_stand_on,T1,True
crossing_give_way,40.79999999999982,1060.3489800149127,1060.3489800149127,36.84788427626602,15.695815535812763,crossing_stand_on,T1,True
crossing_give_way,40.84999999999982,1062.202621027062,1062.202621027062,36.87375549911286,15.695815535812763,crossing_stand_on,T1,True
crossing_give_way,40.899999999999814,1064.1161725122652,1064.1161725122652,36.90038981976149,15.695815535812763,crossing_stand_on,T1,True
crossing_give_way,40.94999999999981,1066.0896354269228,1066.0896354269228,36.92778562310218,15.695815535812763,crossing_stand_on,T1,True
crossing_give_way,40.99999999999981,1068.1230094869838,1068.1230094869838,36.955941245367335,15.695815535812763,crossing_stand_on,T1,True
crossing_give_way,41.049999999999805,1070.2162932918097,1070.2162932918097,36.98485497574377,15.695815535812763,crossing_stand_on,T1,True
crossing_give_way,41.0999999999998,1072.369484427252,1072.369484427252,37.01452505780383,15.695815535812763,crossing_stand_on,T1,True
crossing_give_way,41.1499999999998,1074.5825795516962,1074.5825795516962,37.04494969078783,15.695815535812763,crossing_stand_on,T1,True
crossing_give_way,41.1999999999998,1076.8555744681428,1076.8555744681428,37.07612703076464,15.695815535812763,crossing_stand_on,T1,True
crossing_give_way,41.249999999999794,1079.1884641848594,1079.1884641848594,37.108055191692515,15.695815535812763,crossing_stand_on,T1,True
crossing_give_way,41.29999999999979,1081.5812429666848,1081.5812429666848,37.140732246398535,15.695815535812763,crossing_stand_on,T1,True
crossing_give_way,41.34999999999979,1084.033904378699,1084.033904378699,37.174156227491856,15.695815535812763,crossing_stand_on,T1,True
crossing_give_way,41.399999999999785,1086.5464413236605,1086.5464413236605,37.20832512822307,15.695815535812763,crossing_stand_on,T1,True
crossing_give_way,41.44999999999978,1089.1188460743647,1089.1188460743647,37.243236903300065,15.695815535812763,crossing_stand_on,T1,True
crossing_give_way,41.49999999999978,1091.7511103018737,1091.7511103018737,37.27888946966884,15.695815535812763,crossing_stand_on,T1,True
crossing_give_way,41.54999999999978,1094.443225100385,1094.443225100385,37.31528070726606,15.695815535812763,crossing_stand_on,T1,True
crossing_give_way,41.599999999999774,1097.1951810093803,1097.1951810093803,37.352408459749206,15.695815535812763,crossing_stand_on,T1,True
crossing_give_way,41.64999999999977,1100.006968033572,1100.006968033572,37.39027053520877,15.695815535812763,crossing_stand_on,T1,True
crossing_give_way,41.69999999999977,1102.8785756610666,1102.8785756610666,37.428864706866385,15.695815535812763,crossing_stand_on,T1,True
crossing_give_way,41.749999999999766,1105.809992880101,1105.809992880101,37.46818871376189,15.695815535812763,crossing_stand_on,T1,True
crossing_give_way,41.79999999999976,1108.8012081946238,1108.8012081946238,37.508240261431794,15.695815535812763,crossing_stand_on,T1,True
crossing_give_way,41.84999999999976,1111.8522096389595,1111.8522096389595,37.54901702258117,15.695815535812763,crossing_stand_on,T1,True
crossing_give_way,41.89999999999976,1114.9629847917324,1114.9629847917324,37.5905166377504,15.695815535812763,crossing_stand_on,T1,True
crossing_give_way,41.949999999999754,1118.1335207892107,1118.1335207892107,37.63273671597825,15.695815535812763,crossing_stand_on,T1,True
crossing_give_way,41.99999999999975,1121.3638043381898,1121.3638043381898,37.67567483546205,15.695815535812763,crossing_stand_on,T1,True
crossing_give_way,42.04999999999975,1124.6538217285035,1124.6538217285035,37.71932854421576,15.695815535812763,crossing_stand_on,T1,True
crossing_give_way,42.099999999999746,1128.0035588452538,1128.0035588452538,37.76369536072654,15.695815535812763,crossing_stand_on,T1,True
crossing_give_way,42.14999999999974,1131.4130011808181,1131.4130011808181,37.80877277461012,15.695815535812763,crossing_stand_on,T1,True
crossing_give_way,42.19999999999974,1134.8821338466753,1134.8821338466753,37.854558247265416,15.695815535812763,crossing_stand_on,T1,True
crossing_give_way,42.24999999999974,1138.4109415850976,1138.4109415850976,37.901049212528285,15.695815535812763,crossing_stand_on,T1,True
crossing_give_way,42.299999999999734,1141.9994087807345,1141.9994087807345,37.94824307732484,15.695815535812763,crossing_stand_on,T1,True
crossing_give_way,42.34999999999973,1145.6475194721138,1145.6475194721138,37.99613722232407,15.695815535812763,crossing_stand_on,T1,True
crossing_give_way,42.39999999999973,1149.355257363067,1149.355257363067,38.044729002589854,15.695815535812763,crossing_stand_on,T1,True
crossing_give_way,42.449999999999726,1153.1226058341067,1153.1226058341067,38.09401574823227,15.695815535812763,crossing_stand_on,T1,True
crossing_give_way,42.49999999999972,1156.9495479537468,1156.9495479537468,38.14399476505811,15.695815535812763,crossing_stand_on,T1,True
crossing_give_way,42.54999999999972,1160.8360664897841,1160.8360664897841,38.19466333522034,15.695815535812763,crossing_stand_on,T1,True
crossing_give_way,42.59999999999972,1164.7821439205352,1164.7821439205352,38.246018717866484,15.695815535812763,crossing_stand_on,T1,True
crossing_give_way,42.649999999999714,1168.7877624460316,1168.7877624460316,38.2980581497856,15.695815535812763,crossing_stand_on,T1,True
crossing_give_way,42.69999999999971,1172.852903999173,1172.852903999173,38.35077884605379,15.695815535812763,crossing_stand_on,T1,True
crossing_give_way,42.74999999999971,1176.9775502568361,1176.9775502568361,38.40417800067794,15.695815535812763,crossing_stand_on,T1,True
crossing_give_way,42.799999999999706,1181.1616826509298,1181.1616826509298,38.4582527872374,15.695815535812763,crossing_stand_on,T1,True
crossing_give_way,42.8499999999997,1185.405282379403,1185.405282379403,38.51300035952362,15.695815535812763,crossing_stand_on,T1,True
crossing_give_way,42.8999999999997,1189.7083304171892,1189.7083304171892,38.56841785217727,15.695815535812763,crossing_stand_on,T1,True
crossing_give_way,42.9499999999997,1194.070807527089,1194.070807527089,38.62450238132269,15.695815535812763,crossing_stand_on,T1,True
crossing_give_way,42.999999999999694,1198.492694270585,1198.492694270585,38.68125104519956,15.695815535812763,crossing_stand_on,T1,True
crossing_give_way,43.04999999999969,1202.9739710185768,1202.9739710185768,38.738660924791375,15.695815535812763,crossing_stand_on,T1,True
crossing_give_way,43.09999999999969,1207.514617962041,1207.514617962041,38.79672908445067,15.695815535812763,crossing_stand_on,T1,True
crossing_give_way,43.149999999999686,1212.1146151225994,1212.1146151225994,38.85545257252067,15.695815535812763,crossing_stand_on,T1,True
crossing_give_way,43.19999999999968,1216.773942362995,1216.773942362995,38.91482842195317,15.695815535812763,crossing_stand_on,T1,True
crossing_give_way,43.24999999999968,1221.4925793974685,1221.4925793974685,38.97485365092244,15.695815535812763,crossing_stand_on,T1,True
crossing_give_way,43.29999999999968,1226.2705058020347,1226.2705058020347,39.03552526343507,15.695815535812763,crossing_stand_on,T1,True
crossing_give_way,43.349999999999675,1231.1077010246393,1231.1077010246393,39.09684024993524,15.695815535812763,crossing_stand_on,T1,True
crossing_give_way,43.39999999999967,1236.0041443952077,1236.0041443952077,39.15879558790559,15.695815535812763,crossing_stand_on,T1,True
crossing_give_way,43.44999999999967,1240.9598151355701,1240.9598151355701,39.221388242463256,15.695815535812763,crossing_stand_on,T1,True
crossing_give_way,43.499999999999666,1245.9746923692567,1245.9746923692567,39.284615166951006,15.695815535812763,crossing_stand_on,T1,True
crossing_give_way,43.54999999999966,1251.0487551311671,1251.0487551311671,39.348473303523214,15.695815535812763,crossing_stand_on,T1,True
crossing_give_way,43.59999999999966,1256.1819823770975,1256.1819823770975,39.41295958372654,15.695815535812763,crossing_stand_on,T1,True
crossing_give_way,43.64999999999966,1261.374352993134,1261.374352993134,39.47807092907526,15.695815535812763,crossing_stand_on,T1,True
crossing_give_way,43.699999999999655,1266.6258458048947,1266.6258458048947,39.54380425162084,15.695815535812763,crossing_stand_on,T1,True
crossing_give_way,43.74999999999965,1271.9364395866287,1271.9364395866287,39.61015645451588,15.695815535812763,crossing_stand_on,T1,True
crossing_give_way,43.79999999999965,1277.306113070155,1277.306113070155,39.677124432572064,15.695815535812763,crossing_stand_on,T1,True
crossing_give_way,43.849999999999646,1282.7348449536555,1282.7348449536555,39.744705072812145,15.695815535812763,crossing_stand_on,T1,True
crossing_give_way,43.89999999999964,1288.2226139103002,1288.2226139103002,39.81289525501571,15.695815535812763,crossing_stand_on,T1,True
crossing_give_way,43.94999999999964,1293.7693985967153,1293.7693985967153,39.88169185225867,15.695815535812763,crossing_stand_on,T1,True
crossing_give_way,43.99999999999964,1299.3751776612814,1299.3751776612814,39.951091731446326,15.695815535812763,crossing_stand_on,T1,True
crossing_give_way,44.049999999999635,1305.0399297522679,1305.0399297522679,40.02109175383994,15.695815535812763,crossing_stand_on,T1,True
crossing_give_way,44.09999999999963,1310.7636335258005,1310.7636335258005,40.09168877557668,15.695815535812763,crossing_stand_on,T1,True
crossing_give_way,44.14999999999963,1316.546267653646,1316.546267653646,40.16287964818278,15.695815535812763,crossing_stand_on,T1,True
crossing_give_way,44.199999999999626,1322.3878108308359,1322.3878108308359,40.23466121907998,15.695815535812763,crossing_stand_on,T1,True
crossing_give_way,44.24999999999962,1328.2882417831086,1328.2882417831086,40.30703033208501,15.695815535812763,crossing_stand_on,T1,True
crossing_give_way,44.29999999999962,1334.247539274171,1334.247539274171,40.379983827902066,15.695815535812763,crossing_stand_on,T1,True
crossing_give_way,44.34999999999962,1340.2656821127919,1340.2656821127919,40.4535185446083,15.695815535812763,crossing_stand_on,T1,True
crossing_give_way,44.399999999999615,1346.3426491597106,1346.3426491597106,40.5276313181322,15.695815535812763,crossing_stand_on,T1,True
crossing_give_way,44.44999999999961,1352.4784193343635,1352.4784193343635,40.60231898272466,15.695815535812763,crossing_stand_on,T1,True
crossing_give_way,44.49999999999961,1358.6729716214393,1358.6729716214393,40.677578371422996,15.695815535812763,crossing_stand_on,T1,True
crossing_give_way,44.549999999999606,1364.9262850772445,1364.9262850772445,40.75340631650752,15.695815535812763,crossing_stand_on,T1,True
crossing_give_way,44.5999999999996,1371.2383388358942,1371.2383388358942,40.82979964995089,15.695815535812763,crossing_stand_on,T1,True
crossing_give_way,44.6499999999996,1377.6091121153231,1377.6091121153231,40.90675520386006,15.695815535812763,crossing_stand_on,T1,True
crossing_give_way,44.6999999999996,1384.0385842231105,1384.0385842231105,40.98426981091079,15.695815535812763,crossing_stand_on,T1,True
crossing_give_way,44.749999999999595,1390.5267345621319,1390.5267345621319,41.06234030477478,15.695815535812763,crossing_stand_on,T1,True
crossing_give_way,44.79999999999959,1397.0735426360275,1397.0735426360275,41.14096352053934,15.695815535812763,crossing_stand_on,T1,True
crossing_give_way,44.84999999999959,1403.6789880544936,1403.6789880544936,41.22013629511957,15.695815535812763,crossing_stand_on,T1,True
crossing_give_way,44.89999999999959,1410.343050538396,1410.343050538396,41.29985546766309,15.695815535812763,crossing_stand_on,T1,True
crossing_give_way,44.949999999999584,1417.0657099247073,1417.0657099247073,41.38011787994724,15.695815535812763,crossing_stand_on,T1,True
crossing_give_way,44.99999999999958,1423.846946171268,1423.846946171268,41.46092037676882,15.695815535812763,crossing_stand_on,T1,True
crossing_give_way,45.04999999999958,1430.686739361373,1430.686739361373,41.54225980632631,15.695815535812763,crossing_stand_on,T1,True
crossing_give_way,45.099999999999575,1437.5850697081873,1437.5850697081873,41.624133020594634,15.695815535812763,crossing_stand_on,T1,True
crossing_give_way,45.14999999999957,1444.5419175589877,1444.5419175589877,41.706536875692414,15.695815535812763,crossing_stand_on,T1,True
crossing_give_way,45.19999999999957,1451.5572633992392,1451.5572633992392,41.78946823224179,15.695815535812763,crossing_stand_on,T1,True
crossing_give_way,45.24999999999957,1458.6310878564968,1458.6310878564968,41.872923955720715,15.695815535812763,crossing_stand_on,T1,True
crossing_give_way,45.299999999999564,1465.7633717041504,1465.7633717041504,41.95690091680799,15.695815535812763,crossing_stand_on,T1,True
crossing_give_way,45.34999999999956,1472.9540958649968,1472.9540958649968,42.04139599172068,15.695815535812763,crossing_stand_on,T1,True
crossing_give_way,45.39999999999956,1480.2032414146552,1480.2032414146552,42.126406062544305,15.695815535812763,crossing_stand_on,T1,True
crossing_give_way,45.449999999999555,1487.5107895848232,1487.5107895848232,42.21192801755569,15.695815535812763,crossing_stand_on,T1,True
crossing_give_way,45.49999999999955,1494.8767217663717,1494.8767217663717,42.29795875153845,15.695815535812763,crossing_stand_on,T1,True
crossing_give_way,45.54999999999955,1502.301019512287,1502.301019512287,42.38449516609118,15.695815535812763,crossing_stand_on,T1,True
crossing_give_way,45.59999999999955,1509.7836645404618,1509.7836645404618,42.47153416992854,15.695815535812763,crossing_stand_on,T1,True
crossing_give_way,45.649999999999544,1517.3246387363304,1517.3246387363304,42.55907267917507,15.695815535812763,crossing_stand_on,T1,True
crossing_give_way,45.69999999999954,1524.9239241553632,1524.9239241553632,42.64710761765186,15.695815535812763,crossing_stand_on,T1,True
crossing_give_way,45.74999999999954,1532.5815030254091,1532.5815030254091,42.73563591715624,15.695815535812763,crossing_stand_on,T1,True
crossing_give_way,45.799999999999535,1540.2973577489001,1540.2973577489001,42.8246545177343,15.695815535812763,crossing_stand_on,T1,True
crossing_give_way,45.84999999999953,1548.0714709049107,1548.0714709049107,42.914160367946515,15.695815535812763,crossing_stand_on,T1,True
crossing_give_way,45.89999999999953,1555.9038252510893,1555.9038252510893,43.004150425126504,15.695815535812763,crossing_stand_on,T1,True
crossing_give_way,45.94999999999953,1563.7944037254401,1563.7944037254401,43.09462165563279,15.695815535812763,crossing_stand_on,T1,True
crossing_give_way,45.999999999999524,1571.7431894479896,1571.7431894479896,43.18557103509391,15.695815535812763,crossing_stand_on,T1,True
crossing_give_way,46.04999999999952,1579.7501657223102,1579.7501657223102,43.276995548646674,15.695815535812763,crossing_stand_on,T1,True
crossing_give_way,46.09999999999952,1587.8153160369266,1587.8153160369266,43.36889219116787,15.695815535812763,crossing_stand_on,T1,True
crossing_give_way,46.149999999999515,1595.9386240665935,1595.9386240665935,43.461257967499286,15.695815535812763,crossing_stand_on,T1,True
crossing_give_way,46.19999999999951,1604.1200736734538,1604.1200736734538,43.554089892666205,15.695815535812763,crossing_stand_on,T1,True
crossing_give_way,46.24999999999951,1612.3596489080815,1612.3596489080815,43.647384992089535,15.695815535812763,crossing_stand_on,T1,True
crossing_give_way,46.29999999999951,1620.6573340104037,1620.6573340104037,43.741140301791425,15.695815535812763,crossing_stand_on,T1,True
crossing_give_way,46.349999999999504,1629.013113410518,1629.013113410518,43.83535286859468,15.695815535812763,crossing_stand_on,T1,True
crossing_give_way,46.3999999999995,1637.426971729392,1637.426971729392,43.93001975031586,15.695815535812763,crossing_stand_on,T1,True
crossing_give_way,46.4499999999995,1645.8988937794657,1645.8988937794657,44.02513801595226,15.695815535812763,crossing_stand_on,T1,True
crossing_give_way,46.499999999999496,1654.4288645651409,1654.4288645651409,44.12070474586282,15.695815535812763,crossing_stand_on,T1,True
crossing_give_way,46.54999999999949,1663.0168692831764,1663.0168692831764,44.21671703194297,15.695815535812763,crossing_stand_on,T1,True
crossing_give_way,46.59999999999949,1671.6628933229822,1671.6628933229822,44.31317197779365,15.695815535812763,crossing_stand_on,T1,True
crossing_give_way,46.64999999999949,1680.3669222668184,1680.3669222668184,44.41006669888436,15.695815535812763,crossing_stand_on,T1,True
crossing_give_way,46.699999999999484,1689.128941889902,1689.128941889902,44.50739832271053,15.695815535812763,crossing_stand_on,T1,True
crossing_give_way,46.74999999999948,1697.9489381604267,1697.9489381604267,44.605163988945215,15.695815535812763,crossing_stand_on,T1,True
crossing_give_way,46.79999999999948,1706.82689723949,1706.82689723949,44.70336084958517,15.695815535812763,crossing_stand_on,T1,True
crossing_give_way,46.849999999999476,1715.7628054809413,1715.7628054809413,44.801986069091335,15.695815535812763,crossing_stand_on,T1,True
crossing_give_way,46.89999999999947,1724.7566494311427,1724.7566494311427,44.901036824524006,15.695815535812763,crossing_stand_on,T1,True
crossing_give_way,46.94999999999947,1733.8084158286624,1733.8084158286624,45.000510305672634,15.695815535812763,crossing_stand_on,T1,True
crossing_give_way,46.99999999999947,1742.9180916038738,1742.9180916038738,45.100403715180214,15.695815535812763,crossing_stand_on,T1,True
crossing_give_way,47.049999999999464,1752.0856638784999,1752.0856638784999,45.20071426866273,15.695815535812763,crossing_stand_on,T1,True
crossing_give_way,47.09999999999946,1761.3111199650727,1761.3111199650727,45.30143919482329,15.695815535812763,crossing_stand_on,T1,True
crossing_give_way,47.14999999999946,1770.5944473663294,1770.5944473663294,45.402575735561335,15.695815535812763,crossing_stand_on,T1,True
crossing_give_way,47.199999999999456,1779.9356337745464,1779.9356337745464,45.50412114607699,15.695815535812763,crossing_stand_on,T1,True
crossing_give_way,47.24999999999945,1789.3346670707988,1789.3346670707988,45.606072694970365,15.695815535812763,crossing_stand_on,T1,True
crossing_give_way,47.29999999999945,1798.7915353241751,1798.7915353241751,45.708427664336384,15.695815535812763,crossing_stand_on,T1,True
crossing_give_way,47.34999999999945,1808.30622679091,1808.30622679091,45.81118334985458,15.695815535812763,crossing_stand_on,T1,True
crossing_give_way,47.399999999999444,1817.8787299134901,1817.8787299134901,45.91433706087471,15.695815535812763,crossing_stand_on,T1,True
crossing_give_way,47.44999999999944,1827.5090333196786,1827.5090333196786,46.01788612049749,15.695815535812763,crossing_stand_on,T1,True
crossing_give_way,47.49999999999944,1837.1971258215026,1837.1971258215026,46.1218278656511,15.695815535812763,crossing_stand_on,T1,True
crossing_give_way,47.549999999999436,1846.9429964141898,1846.9429964141898,46.226159647163364,15.695815535812763,crossing_stand_on,T1,True
crossing_give_way,47.59999999999943,1856.7466342750515,1856.7466342750515,46.33087882982952,15.695815535812763,crossing_stand_on,T1,True
crossing_give_way,47.64999999999943,1866.6080287623297,1866.6080287623297,46.435982792476004,15.695815535812763,crossing_stand_on,T1,True
crossing_give_way,47.69999999999943,1876.5271694139892,1876.5271694139892,46.54146892801995,15.695815535812763,crossing_stand_on,T1,True
crossing_give_way,47.749999999999424,1886.5040459464833,1886.5040459464833,46.64733464352489,15.695815535812763,crossing_stand_on,T1,True
crossing_give_way,47.79999999999942,1896.5386482534645,1896.5386482534645,46.75357736025228,15.695815535812763,crossing_stand_on,T1,True
crossing_give_way,47.84999999999942,1906.6309664044736,1906.6309664044736,46.86019451370938,15.695815535812763,crossing_stand_on,T1,True
crossing_give_way,47.899999999999416,1916.7809906435768,1916.7809906435768,46.967183553693246,15.695815535812763,crossing_stand_on,T1,True
crossing_give_way,47.94999999999941,1926.9887113879904,1926.9887113879904,47.07454194433111,15.695815535812763,crossing_stand_on,T1,True
crossing_give_way,47.99999999999941,1937.2541192266513,1937.2541192266513,47.18226716411704,15.695815535812763,crossing_stand_on,T1,True
crossing_give_way,48.04999999999941,1947.577204918776,1947.577204918776,47.29035670594518,15.695815535812763,crossing_stand_on,T1,True
crossing_give_way,48.099999999999405,1957.9579593923827,1957.9579593923827,47.39880807713946,15.695815535812763,crossing_stand_on,T1,True
crossing_give_way,48.1499999999994,1968.3963737427914,1968.3963737427914,47.50761879947999,15.695815535812763,crossing_stand_on,T1,True
crossing_give_way,48.1999999999994,1978.89243923109,1978.89243923109,47.616786409226,15.695815535812763,crossing_stand_on,T1,True
crossing_give_way,48.249999999999396,1989.4461472825983,1989.4461472825983,47.726308457135815,15.695815535812763,crossing_stand_on,T1,True
crossing_give_way,48.29999999999939,2000.057489485283,2000.057489485283,47.83618250848337,15.695815535812763,crossing_stand_on,T1,True
crossing_give_way,48.34999999999939,2010.7264575881773,2010.7264575881773,47.94640614307188,15.695815535812763,crossing_stand_on,T1,True
crossing_give_way,48.39999999999939,2021.453043499769,2021.453043499769,48.05697695524441,15.695815535812763,crossing_stand_on,T1,True
crossing_give_way,48.449999999999385,2032.2372392863733,2032.2372392863733,48.167892553891434,15.695815535812763,crossing_stand_on,T1,True
crossing_give_way,48.49999999999938,2043.079037170498,2043.079037170498,48.27915056245572,15.695815535812763,crossing_stand_on,T1,True
crossing_give_way,48.54999999999938,2053.9784295291797,2053.9784295291797,48.39074861893421,15.695815535812763,crossing_stand_on,T1,True
crossing_give_way,48.599999999999376,2064.9354088923255,2064.9354088923255,48.50268437587733,15.695815535812763,crossing_stand_on,T1,True
crossing_give_way,48.64999999999937,2075.9499679410296,2075.9499679410296,48.614955500385555,15.695815535812763,crossing_stand_on,T1,True
crossing_give_way,48.69999999999937,2087.0220995058835,2087.0220995058835,48.727559674103404,15.695815535812763,crossing_stand_on,T1,True
crossing_give_way,48.74999999999937,2098.1517965652815,2098.1517965652815,48.84049459321096,15.695815535812763,crossing_stand_on,T1,True
crossing_give_way,48.799999999999365,2109.339052243715,2109.339052243715,48.953757968412866,15.695815535812763,crossing_stand_on,T1,True
crossing_give_way,48.84999999999936,2120.583859810055,2120.583859810055,49.06734752492493,15.695815535812763,crossing_stand_on,T1,True
crossing_give_way,48.89999999999936,2131.8862126758413,2131.8862126758413,49.18126100245848,15.695815535812763,crossing_stand_on,T1,True
crossing_give_way,48.949999999999356,2143.246104393559,2143.246104393559,49.29549615520239,15.695815535812763,crossing_stand_on,T1,True
crossing_give_way,48.99999999999935,2154.663528654909,2154.663528654909,49.410050751802885,15.695815535812763,crossing_stand_on,T1,True
crossing_give_way,49.04999999999935,2166.138479289085,2166.138479289085,49.524922575341265,15.695815535812763,crossing_stand_on,T1,True
crossing_give_way,49.09999999999935,2177.670950261041,2177.670950261041,49.64010942330949,15.695815535812763,crossing_stand_on,T1,True
crossing_give_way,49.149999999999345,2189.260935669764,2189.260935669764,49.75560910758382,15.695815535812763,crossing_stand_on,T1,True
crossing_give_way,49.19999999999934,2200.908429746543,2200.908429746543,49.87141945439639,15.695815535812763,crossing_stand_on,T1,True
crossing_give_way,49.24999999999934,2212.613426853238,2212.613426853238,49.987538304304906,15.695815535812763,crossing_stand_on,T1,True
crossing_give_way,49.299999999999336,2224.3759214805614,2224.3759214805614,50.10396351216062,15.695815535812763,crossing_stand_on,T1,True
crossing_give_way,49.34999999999933,2236.1959082463454,2236.1959082463454,50.2206929470743,15.695815535812763,crossing_stand_on,T1,True
crossing_give_way,49.39999999999933,2248.0733818938297,2248.0733818938297,50.33772449238061,15.695815535812763,crossing_stand_on,T1,True
crossing_give_way,49.44999999999933,2260.00833728994,2260.00833728994,50.45505604560076,15.695815535812763,crossing_stand_on,T1,True
crossing_give_way,49.499999999999325,2272.000769423582,2272.000769423582,50.572685518403524,15.695815535812763,crossing_stand_on,T1,True
crossing_give_way,49.54999999999932,2284.0506734039327,2284.0506734039327,50.69061083656466,15.695815535812763,crossing_stand_on,T1,True
crossing_give_way,49.59999999999932,2296.1580444587444,2296.1580444587444,50.808829939924806,15.695815535812763,crossing_stand_on,T1,True
crossing_give_way,49.64999999999932,2308.3228779326514,2308.3228779326514,50.92734078234594,15.695815535812763,crossing_stand_on,T1,True
crossing_give_way,49.699999999999314,2320.5451692854876,2320.5451692854876,51.04614133166634,15.695815535812763,crossing_stand_on,T1,True
crossing_give_way,49.74999999999931,2332.824914090608,2332.824914090608,51.16522956965422,15.695815535812763,crossing_stand_on,T1,True
crossing_give_way,49.79999999999931,2345.162108033222,2345.162108033222,51.28460349195997,15.695815535812763,crossing_stand_on,T1,True
crossing_give_way,49.849999999999305,2357.556746908734,2357.556746908734,51.40426110806714,15.695815535812763,crossing_stand_on,T1,True
crossing_give_way,49.8999999999993,2370.0088266210987,2370.0088266210987,51.52420044124222,15.695815535812763,crossing_stand_on,T1,True
crossing_give_way,49.9499999999993,2382.5183431811743,2382.5183431811743,51.64441952848314,15.695815535812763,crossing_stand_on,T1,True
crossing_give_way,49.9999999999993,2395.085292705102,2395.085292705102,51.76491642046666,15.695815535812763,crossing_stand_on,T1,True
crossing_give_way,50.049999999999294,2407.7096714126833,2407.7096714126833,51.88568918149465,15.695815535812763,crossing_stand_on,T1,True
crossing_give_way,50.09999999999929,2420.391475625778,2420.391475625778,52.006735889439284,15.695815535812763,crossing_stand_on,T1,True
crossing_give_way,50.14999999999929,2433.130701766703,2433.130701766703,52.12805463568719,15.695815535812763,crossing_stand_on,T1,True
crossing_give_way,50.199999999999285,2445.927346356657,2445.927346356657,52.249643525082654,15.695815535812763,crossing_stand_on,T1,True
crossing_give_way,50.24999999999928,2458.781406014144,2458.781406014144,52.37150067586984,15.695815535812763,crossing_stand_on,T1,True
crossing_give_way,50.29999999999928,2471.6928774534204,2471.6928774534204,52.49362421963409,15.695815535812763,crossing_stand_on,T1,True
crossing_give_way,50.34999999999928,2484.661757482948,2484.661757482948,52.61601230124239,15.695815535812763,crossing_stand_on,T1,True
crossing_give_way,50.399999999999274,2497.6880430038627,2497.6880430038627,52.73866307878299,15.695815535812763,crossing_stand_on,T1,True
crossing_give_way,50.44999999999927,2510.7717310084536,2510.7717310084536,52.86157472350411,15.695815535812763,crossing_stand_on,T1,True
crossing_give_way,50.49999999999927,2523.912818578665,2523.912818578665,52.98474541975214,15.695815535812763,crossing_stand_on,T1,True
crossing_give_way,50.549999999999265,2537.1113028845984,2537.1113028845984,53.108173364908794,15.695815535812763,crossing_stand_on,T1,True
crossing_give_way,50.59999999999926,2550.36718118304,2550.36718118304,53.2318567693278,15.695815535812763,crossing_stand_on,T1,True
crossing_give_way,50.64999999999926,2563.680450815999,2563.680450815999,53.355793856270836,15.695815535812763,crossing_stand_on,T1,True
crossing_give_way,50.69999999999926,2577.05110920926,2577.05110920926,53.479982861842885,15.695815535812763,crossing_stand_on,T1,True
crossing_give_way,50.749999999999254,2590.479153870945,2590.479153870945,53.604422034926834,15.695815535812763,crossing_stand_on,T1,True
crossing_give_way,50.79999999999925,2603.9645823900996,2603.9645823900996,53.72910963711773,15.695815535812763,crossing_stand_on,T1,True
crossing_give_way,50.84999999999925,2617.50739243529,2617.50739243529,53.85404394265636,15.695815535812763,crossing_stand_on,T1,True
crossing_give_way,50.899999999999245,2631.1075817532105,2631.1075817532105,53.97922323836232,15.695815535812763,crossing_stand_on,T1,True
crossing_give_way,50.94999999999924,2644.7651481673147,2644.7651481673147,54.104645823566685,15.695815535812763,crossing_stand_on,T1,True
crossing_give_way,50.99999999999924,2658.4800895764533,2658.4800895764533,54.23031001004409,15.695815535812763,crossing_stand_on,T1,True
crossing_give_way,51.04999999999924,2672.252403953533,2672.252403953533,54.35621412194457,15.695815535812763,crossing_stand_on,T1,True
crossing_give_way,51.099999999999234,2686.0820893441874,2686.0820893441874,54.48235649572479,15.695815535812763,crossing_stand_on,T1,True
crossing_give_way,51.14999999999923,2699.9691438654695,2699.9691438654695,54.60873548007913,15.695815535812763,crossing_stand_on,T1,True
crossing_give_way,51.19999999999923,2713.9135657045463,2713.9135657045463,54.73534943587021,15.695815535812763,crossing_stand_on,T1,True
crossing_give_way,51.249999999999226,2727.9153531174265,2727.9153531174265,54.86219673605923,15.695815535812763,crossing_stand_on,T1,True
crossing_give_way,51.29999999999922,2741.9745044276883,2741.9745044276883,54.98927576563596,15.695815535812763,crossing_stand_on,T1,True
crossing_give_way,51.34999999999922,2756.0910180252326,2756.0910180252326,55.11658492154848,15.695815535812763,crossing_stand_on,T1,True
crossing_give_way,51.39999999999922,2770.2648923650463,2770.2648923650463,55.244122612632616,15.695815535812763,crossing_stand_on,T1,True
crossing_give_way,51.449999999999214,2784.496125965983,2784.496125965983,55.37188725954121,15.695815535812763,crossing_stand_on,T1,True
crossing_give_way,51.49999999999921,2798.784717409561,2798.784717409561,55.49987729467316,15.695815535812763,crossing_stand_on,T1,True
crossing_give_way,51.54999999999921,2813.130665338773,2813.130665338773,55.62809116210223,15.695815535812763,crossing_stand_on,T1,True
crossing_give_way,51.599999999999206,2827.533968456915,2827.533968456915,55.75652731750579,15.695815535812763,crossing_stand_on,T1,True
crossing_give_way,51.6499999999992,2841.994625526426,2841.994625526426,55.88518422809329,15.695815535812763,crossing_stand_on,T1,True
crossing_give_way,51.6999999999992,2856.512635367749,2856.512635367749,56.014060372534686,15.695815535812763,crossing_stand_on,T1,True
crossing_give_way,51.7499999999992,2871.0879968582058,2871.0879968582058,56.1431542408888,15.695815535812763,crossing_stand_on,T1,True
crossing_give_way,51.799999999999194,2885.7207089308777,2885.7207089308777,56.272464334531406,15.695815535812763,crossing_stand_on,T1,True
crossing_give_way,51.84999999999919,2900.410770573518,2900.410770573518,56.401989166083496,15.695815535812763,crossing_stand_on,T1,True
crossing_give_way,51.89999999999919,2915.1581808274696,2915.1581808274696,56.5317272593393,15.695815535812763,crossing_stand_on,T1,True
crossing_give_way,51.949999999999186,2929.9629387865934,2929.9629387865934,56.66167714919435,15.695815535812763,crossing_stand_on,T1,True
crossing_give_way,51.99999999999918,2944.8250435962245,2944.8250435962245,56.791837381573494,15.695815535812763,crossing_stand_on,T1,True
crossing_give_way,52.04999999999918,2959.7444944521294,2959.7444944521294,56.922206513358915,15.695815535812763,crossing_stand_on,T1,True
crossing_give_way,52.09999999999918,2974.7212905994925,2974.7212905994925,57.05278311231821,15.695815535812763,crossing_stand_on,T1,True
crossing_give_way,52.149999999999174,2989.755431331904,2989.755431331904,57.18356575703239,15.695815535812763,crossing_stand_on,T1,True
crossing_give_way,52.19999999999917,3004.846915990372,3004.846915990372,57.31455303682403,15.695815535812763,crossing_stand_on,T1,True
crossing_give_way,52.24999999999917,3019.995743962341,3019.995743962341,57.445743551685375,15.695815535812763,crossing_stand_on,T1,True
crossing_give_way,52.299999999999166,3035.201914680734,3035.201914680734,57.577135912206586,15.695815535812763,crossing_stand_on,T1,True
crossing_give_way,52.34999999999916,3050.4654276230012,3050.4654276230012,57.70872873950404,15.695815535812763,crossing_stand_on,T1,True
crossing_give_way,52.39999999999916,3065.7862823101896,3065.7862823101896,57.840520665148745,15.695815535812763,crossing_stand_on,T1,True
crossing_give_way,52.44999999999916,3081.164478306018,3081.164478306018,57.97251033109481,15.695815535812763,crossing_stand_on,T1,True
crossing_give_way,52.499999999999154,3096.600015215978,3096.600015215978,58.10469638960811,15.695815535812763,crossing_stand_on,T1,True
crossing_give_way,52.54999999999915,3112.0928926864335,3112.0928926864335,58.23707750319495,15.695815535812763,crossing_stand_on,T1,True
crossing_give_way,52.59999999999915,3127.643110403754,3127.643110403754,58.36965234453111,15.695815535812763,crossing_stand_on,T1,True
crossing_give_way,52.649999999999146,3143.2506680934375,3143.2506680934375,58.50241959639074,15.695815535812763,crossing_stand_on,T1,True
crossing_give_way,52.69999999999914,3158.915565519271,3158.915565519271,58.63537795157565,15.695815535812763,crossing_stand_on,T1,True
crossing_give_way,52.74999999999914,3174.637802482486,3174.637802482486,58.7685261128447,15.695815535812763,crossing_stand_on,T1,True
crossing_give_way,52.79999999999914,3190.4173788209373,3190.4173788209373,58.9018627928433,15.695815535812763,crossing_stand_on,T1,True
crossing_give_way,52.849999999999135,3206.2542944082934,3206.2542944082934,59.03538671403328,15.695815535812763,crossing_stand_on,T1,True
crossing_give_way,52.89999999999913,3222.1485491532353,3222.1485491532353,59.16909660862274,15.695815535812763,crossing_stand_on,T1,True
crossing_give_way,52.94999999999913,3238.100142998676,3238.100142998676,59.30299121849629,15.695815535812763,crossing_stand_on,T1,True
crossing_give_way,52.999999999999126,3254.1090759209806,3254.1090759209806,59.43706929514538,15.695815535812763,crossing_stand_on,T1,True
crossing_give_way,53.04999999999912,3270.1753479292197,3270.1753479292197,59.57132959959903,15.695815535812763,crossing_stand_on,T1,True
crossing_give_way,53.09999999999912,3286.2989590644074,3286.2989590644074,59.705770902354544,15.695815535812763,crossing_stand_on,T1,True
crossing_give_way,53.14999999999912,3302.4799093987795,3302.4799093987795,59.840391983308734,15.695815535812763,crossing_stand_on,T1,True
crossing_give_way,53.199999999999115,3318.7181990350655,3318.7181990350655,59.975191631689185,15.695815535812763,crossing_stand_on,T1,True
crossing_give_way,53.24999999999911,3335.0138281057775,3335.0138281057775,60.1101686459859,15.695815535812763,crossing_stand_on,T1,True
crossing_give_way,53.29999999999911,3351.3667967725128,3351.3667967725128,60.24532183388314,15.695815535812763,crossing_stand_on,T1,True
crossing_give_way,53.349999999999106,3367.7771052252683,3367.7771052252683,60.380650012191595,15.695815535812763,crossing_stand_on,T1,True
crossing_give_way,53.3999999999991,3384.2447536817676,3384.2447536817676,60.5161520067808,15.695815535812763,crossing_stand_on,T1,True
crossing_give_way,53.4499999999991,3400.7697423867944,3400.7697423867944,60.65182665251182,15.695815535812763,crossing_stand_on,T1,True
crossing_give_way,53.4999999999991,3417.35207161154,3417.35207161154,60.78767279317023,15.695815535812763,crossing_stand_on,T1,True
crossing_give_way,53.549999999999095,3433.991741652966,3433.991741652966,60.92368928139943,15.695815535812763,crossing_stand_on,T1,True
crossing_give_way,53.59999999999909,3450.6887528331767,3450.6887528331767,61.05987497863423,15.695815535812763,crossing_stand_on,T1,True
crossing_give_way,53.64999999999909,3467.4431054987917,3467.4431054987917,61.19622875503467,15.695815535812763,crossing_stand_on,T1,True
crossing_give_way,53.699999999999086,3484.2548000203496,3484.2548000203496,61.33274948942032,15.695815535812763,crossing_stand_on,T1,True
crossing_give_way,53.74999999999908,3501.1238367917013,3501.1238367917013,61.46943606920472,15.695815535812763,crossing_stand_on,T1,True
crossing_give_way,53.79999999999908,3518.0502162294315,3518.0502162294315,61.60628739033023,15.695815535812763,crossing_stand_on,T1,True
crossing_give_way,53.84999999999908,3535.033938772277,3535.033938772277,61.74330235720319,15.695815535812763,crossing_stand_on,T1,True
crossing_give_way,53.899999999999075,3552.075004880563,3552.075004880563,61.88047988262937,15.695815535812763,crossing_stand_on,T1,True
crossing_give_way,53.94999999999907,3569.1734150356524,3569.1734150356524,62.01781888774985,15.695815535812763,crossing_stand_on,T1,True
crossing_give_way,53.99999999999907,3586.3291697393906,3586.3291697393906,62.15531830197705,15.695815535812763,crossing_stand_on,T1,True
crossing_give_way,54.049999999999066,3603.542269513578,3603.542269513578,62.29297706293131,15.695815535812763,crossing_stand_on,T1,True
crossing_give_way,54.09999999999906,3620.8127148994417,3620.8127148994417,62.430794116377676,15.695815535812763,crossing_stand_on,T1,True
crossing_give_way,54.14999999999906,3638.140506457118,3638.140506457118,62.56876841616305,15.695815535812763,crossing_stand_on,T1,True
crossing_give_way,54.19999999999906,3655.5256447651486,3655.5256447651486,62.70689892415373,15.695815535812763,crossing_stand_on,T1,True
crossing_give_way,54.249999999999055,3672.968130419979,3672.968130419979,62.84518461017322,15.695815535812763,crossing_stand_on,T1,True
crossing_give_way,54.29999999999905,3690.4679640354734,3690.4679640354734,62.98362445194049,15.695815535812763,crossing_stand_on,T1,True
crossing_give_way,54.34999999999905,3708.0251462424353,3708.0251462424353,63.12221743500852,15.695815535812763,crossing_stand_on,T1,True
crossing_give_way,54.39999999999905,3725.6396776881375,3725.6396776881375,63.26096255270323,15.695815535812763,crossing_stand_on,T1,True
crossing_give_way,54.449999999999044,3743.3115590358575,3743.3115590358575,63.39985880606274,15.695815535812763,crossing_stand_on,T1,True
crossing_give_way,54.49999999999904,3761.040790964429,3761.040790964429,63.53890520377699,15.695815535812763,crossing_stand_on,T1,True
crossing_give_way,54.54999999999904,3778.8273741677967,3778.8273741677967,63.67810076212782,15.695815535812763,crossing_stand_on,T1,True
crossing_give_way,54.599999999999035,3796.671309354578,3796.671309354578,63.817444504929234,15.695815535812763,crossing_stand_on,T1,True
crossing_give_way,54.64999999999903,3814.572597247639,3814.572597247639,63.95693546346819,15.695815535812763,crossing_stand_on,T1,True
crossing_give_way,54.69999999999903,3832.5312385836705,3832.5312385836705,64.09657267644567,15.695815535812763,crossing_stand_on,T1,True
crossing_give_way,54.74999999999903,3850.547234112787,3850.547234112787,64.23635518991817,15.695815535812763,crossing_stand_on,T1,True
crossing_give_way,54.799999999999024,3868.620584598109,3868.620584598109,64.37628205723945,15.695815535812763,crossing_stand_on,T1,True
crossing_give_way,54.84999999999902,3886.7512908153763,3886.7512908153763,64.51635233900284,15.695815535812763,crossing_stand_on,T1,True
crossing_give_way,54.89999999999902,3904.9393535525624,3904.9393535525624,64.65656510298372,15.695815535812763,crossing_stand_on,T1,True
crossing_give_way,54.949999999999015,3923.1847736094883,3923.1847736094883,64.79691942408252,15.695815535812763,crossing_stand_on,T1,True
crossing_give_way,54.99999999999901,3941.487551797452,3941.487551797452,64.93741438426798,15.695815535812763,crossing_stand_on,T1,True
crossing_give_way,55.04999999999901,3959.8476889388635,3959.8476889388635,65.0780490725209,15.695815535812763,crossing_stand_on,T1,True
crossing_give_way,55.09999999999901,3978.265185866886,3978.265185866886,65.2188225847781,15.695815535812763,crossing_stand_on,T1,True
crossing_give_way,55.149999999999004,3996.740043425084,3996.740043425084,65.35973402387692,15.695815535812763,crossing_stand_on,T1,True
crossing_give_way,55.199999999999,4015.2722624670837,4015.2722624670837,65.50078249950005,15.695815535812763,crossing_stand_on,T1,True
crossing_give_way,55.249999999999,4033.8618438562266,4033.8618438562266,65.64196712812056,15.695815535812763,crossing_stand_on,T1,True
crossing_give_way,55.299999999998995,4052.508788465249,4052.508788465249,65.78328703294764,15.695815535812763,crossing_stand_on,T1,True
crossing_give_way,55.34999999999899,4071.213097175951,4071.213097175951,65.92474134387236,15.695815535812763,crossing_stand_on,T1,True
crossing_give_way,55.39999999999899,4089.974770878885,4089.974770878885,66.06632919741408,15.695815535812763,crossing_stand_on,T1,True
crossing_give_way,55.44999999999899,4108.793810473036,4108.793810473036,66.20804973666701,15.695815535812763,crossing_stand_on,T1,True
crossing_give_way,55.499999999998984,4127.670216865528,4127.670216865528,66.34990211124736,15.695815535812763,crossing_stand_on,T1,True
crossing_give_way,55.54999999999898,4146.603990971318,4146.603990971318,66.49188547724066,15.695815535812763,crossing_stand_on,T1,True
crossing_give_way,55.59999999999898,4165.595133712906,4165.595133712906,66.63399899714958,15.695815535812763,crossing_stand_on,T1,True
crossing_give_way,55.649999999998975,4184.64364602005,4184.64364602005,66.7762418398421,15.695815535812763,crossing_stand_on,T1,True
crossing_give_way,55.69999999999897,4203.749528829483,4203.749528829483,66.9186131805,15.695815535812763,crossing_stand_on,T1,True
crossing_give_way,55.74999999999897,4222.912783084641,4222.912783084641,67.0611122005678,15.695815535812763,crossing_stand_on,T1,True
crossing_give_way,55.79999999999897,4242.133409735393,4242.133409735393,67.20373808770196,15.695815535812763,crossing_stand_on,T1,True
crossing_give_way,55.849999999998964,4261.41140973778,4261.41140973778,67.34649003572056,15.695815535812763,crossing_stand_on,T1,True
crossing_give_way,55.89999999999896,4280.746784053752,4280.746784053752,67.4893672445533,15.695815535812763,crossing_stand_on,T1,True
crossing_give_way,55.94999999999896,4300.139533650925,4300.139533650925,67.63236892019188,15.695815535812763,crossing_stand_on,T1,True
crossing_give_way,55.999999999998956,4319.589659502323,4319.589659502323,67.77549427464061,15.695815535812763,crossing_stand_on,T1,True
crossing_give_way,56.04999999999895,4339.097162586147,4339.097162586147,67.9187425258677,15.695815535812763,crossing_stand_on,T1,True
crossing_give_way,56.09999999999895,4358.662043885531,4358.662043885531,68.0621128977566,15.695815535812763,crossing_stand_on,T1,True
crossing_give_way,56.14999999999895,4378.284304388313,4378.284304388313,68.20560462005783,15.695815535812763,crossing_stand_on,T1,True
crossing_give_way,56.199999999998944,4397.9639450868135,4397.9639450868135,68.34921692834119,15.695815535812763,crossing_stand_on,T1,True
crossing_give_way,56.24999999999894,4417.7009669776035,4417.7009669776035,68.49294906394829,15.695815535812763,crossing_stand_on,T1,True
crossing_give_way,56.29999999999894,4437.495371061297,4437.495371061297,68.63680027394547,15.695815535812763,crossing_stand_on,T1,True
crossing_give_way,56.349999999998936,4457.347158342337,4457.347158342337,68.78076981107705,15.695815535812763,crossing_stand_on,T1,True
crossing_give_way,56.39999999999893,4477.256329828787,4477.256329828787,68.92485693371896,15.695815535812763,crossing_stand_on,T1,True
crossing_give_way,56.44999999999893,4497.222886532127,4497.222886532127,69.06906090583267,15.695815535812763,crossing_stand_on,T1,True
crossing_give_way,56.49999999999893,4517.246829467059,4517.246829467059,69.21338099691957,15.695815535812763,crossing_stand_on,T1,True
crossing_give_way,56.549999999998924,4537.328159651307,4537.328159651307,69.35781648197562,15.695815535812763,crossing_stand_on,T1,True
crossing_give_way,56.59999999999892,4557.466878105435,4557.466878105435,69.50236664144637,15.695815535812763,crossing_stand_on,T1,True
crossing_give_way,56.64999999999892,4577.6629858526585,4577.6629858526585,69.64703076118239,15.695815535812763,crossing_stand_on,T1,True
crossing_give_way,56.699999999998916,4597.91648391866,4597.91648391866,69.7918081323949,15.695815535812763,crossing_stand_on,T1,True
crossing_give_way,56.74999999999891,4618.227373331414,4618.227373331414,69.93669805161194,15.695815535812763,crossing_stand_on,T1,True
crossing_give_way,56.79999999999891,4638.595655121021,4638.595655121021,70.08169982063471,15.695815535812763,crossing_stand_on,T1,True
crossing_give_way,56.84999999999891,4659.021330319522,4659.021330319522,70.22681274649437,15.695815535812763,crossing_stand_on,T1,True
crossing_give_way,56.899999999998904,4679.504399960753,4679.504399960753,70.37203614140913,15.695815535812763,crossing_stand_on,T1,True
crossing_give_way,56.9499999999989,4700.044865080172,4700.044865080172,70.51736932274169,15.695815535812763,crossing_stand_on,T1,True
crossing_give_way,56.9999999999989,4720.642726714698,4720.642726714698,70.662811612957,15.695815535812763,crossing_stand_on,T1,True
crossing_give_way,57.049999999998896,4741.297985902564,4741.297985902564,70.80836233958036,15.695815535812763,crossing_stand_on,T1,True
crossing_give_way,57.09999999999889,4762.010643683169,4762.010643683169,70.95402083515593,15.695815535812763,crossing_stand_on,T1,True
crossing_give_way,57.14999999999889,4782.780701096922,4782.780701096922,71.09978643720542,15.695815535812763,crossing_stand_on,T1,True
crossing_give_way,57.19999999999889,4803.608159185106,4803.608159185106,71.24565848818729,15.695815535812763,crossing_stand_on,T1,True
crossing_give_way,57.249999999998884,4824.493018989732,4824.493018989732,71.3916363354561,15.695815535812763,crossing_stand_on,T1,True
crossing_give_way,57.29999999999888,4845.435281553408,4845.435281553408,71.5377193312223,15.695815535812763,crossing_stand_on,T1,True
crossing_give_way,57.34999999999888,4866.434947919199,4866.434947919199,71.68390683251236,15.695815535812763,crossing_stand_on,T1,True
crossing_give_way,57.399999999998876,4887.492019130505,4887.492019130505,71.83019820112914,15.695815535812763,crossing_stand_on,T1,True
crossing_give_way,57.44999999999887,4908.606496230929,4908.606496230929,71.97659280361265,15.695815535812763,crossing_stand_on,T1,True
crossing_give_way,57.49999999999887,4929.778380264148,4929.778380264148,72.12309001120103,15.695815535812763,crossing_stand_on,T1,True
crossing_give_way,57.54999999999887,4951.007672273802,4951.007672273802,72.26968919979205,15.695815535812763,crossing_stand_on,T1,True
crossing_give_way,57.599999999998865,4972.294373303369,4972.294373303369,72.41638974990467,15.695815535812763,crossing_stand_on,T1,True
crossing_give_way,57.64999999999886,4993.638484396053,4993.638484396053,72.56319104664111,15.695815535812763,crossing_stand_on,T1,True
crossing_give_way,57.69999999999886,5015.040006594669,5015.040006594669,72.7100924796491,15.695815535812763,crossing_stand_on,T1,True
crossing_give_way,57.749999999998856,5036.498940941536,5036.498940941536,72.8570934430846,15.695815535812763,crossing_stand_on,T1,True
crossing_give_way,57.79999999999885,5058.015288478369,5058.015288478369,73.00419333557463,15.695815535812763,crossing_stand_on,T1,True
crossing_give_way,57.84999999999885,5079.589050246176,5079.589050246176,73.15139156018051,15.695815535812763,crossing_stand_on,T1,True
crossing_give_way,57.89999999999885,5101.220227285153,5101.220227285153,73.2986875243615,15.695815535812763,crossing_stand_on,T1,True
crossing_give_way,57.949999999998845,5122.9088206345905,5122.9088206345905,73.4460806399385,15.695815535812763,crossing_stand_on,T1,True
crossing_give_way,57.99999999999884,5144.654831332773,5144.654831332773,73.59357032305827,15.695815535812763,crossing_stand_on,T1,True
crossing_give_way,58.04999999999884,5166.458260416891,5166.458260416891,73.7411559941579,15.695815535812763,crossing_stand_on,T1,True
crossing_give_way,58.099999999998836,5188.319108922937,5188.319108922937,73.8888370779294,15.695815535812763,crossing_stand_on,T1,True
crossing_give_way,58.14999999999883,5210.237377885634,5210.237377885634,74.03661300328488,15.695815535812763,crossing_stand_on,T1,True
crossing_give_way,58.19999999999883,5232.213068338332,5232.213068338332,74.18448320332182,15.695815535812763,crossing_stand_on,T1,True
crossing_give_way,58.24999999999883,5254.246181312938,5254.246181312938,74.33244711528863,15.695815535812763,crossing_stand_on,T1,True
crossing_give_way,58.299999999998825,5276.336717839824,5276.336717839824,74.48050418055062,15.695815535812763,crossing_stand_on,T1,True
crossing_give_way,58.34999999999882,5298.484678947751,5298.484678947751,74.62865384455611,15.695815535812763,crossing_stand_on,T1,True
crossing_give_way,58.39999999999882,5320.690065663788,5320.690065663788,74.77689555680293,15.695815535812763,crossing_stand_on,T1,True
crossing_give_way,58.449999999998816,5342.952879013246,5342.952879013246,74.92522877080518,15.695815535812763,crossing_stand_on,T1,True
crossing_give_way,58.49999999999881,5365.273120019594,5365.273120019594,75.07365294406027,15.695815535812763,crossing_stand_on,T1,True
crossing_give_way,58.54999999999881,5387.650789704389,5387.650789704389,75.22216753801617,15.695815535812763,crossing_stand_on,T1,True
crossing_give_way,58.59999999999881,5410.085889087213,5410.085889087213,75.37077201803903,15.695815535812763,crossing_stand_on,T1,True
crossing_give_way,58.649999999998805,5432.578419185598,5432.578419185598,75.51946585338104,15.695815535812763,crossing_stand_on,T1,True
crossing_give_way,58.6999999999988,5455.128381014966,5455.128381014966,75.66824851714851,15.695815535812763,crossing_stand_on,T1,True
crossing_give_way,58.7499999999988,5477.735775588563,5477.735775588563,75.81711948627039,15.695815535812763,crossing_stand_on,T1,True
crossing_give_way,58.799999999998796,5500.400603917397,5500.400603917397,75.96607824146673,15.695815535812763,crossing_stand_on,T1,True
crossing_give_way,58.84999999999879,5523.12286701018,5523.12286701018,76.11512426721784,15.695815535812763,crossing_stand_on,T1,True
crossing_give_way,58.89999999999879,5545.902565873263,5545.902565873263,76.26425705173328,15.695815535812763,crossing_stand_on,T1,True
crossing_give_way,58.94999999999879,5568.739701510588,5568.739701510588,76.41347608692149,15.695815535812763,crossing_stand_on,T1,True
crossing_give_way,58.999999999998785,5591.634274923629,5591.634274923629,76.56278086835938,15.695815535812763,crossing_stand_on,T1,True
crossing_give_way,59.04999999999878,5614.586287111341,5614.586287111341,76.71217089526239,15.695815535812763,crossing_stand_on,T1,True
crossing_give_way,59.09999999999878,5637.595739070104,5637.595739070104,76.86164567045465,15.695815535812763,crossing_stand_on,T1,True
crossing_give_way,59.149999999998776,5660.662631793676,5660.662631793676,77.01120470033953,15.695815535812763,crossing_stand_on,T1,True
crossing_give_way,59.199999999998774,5683.786966273149,5683.786966273149,77.16084749487034,15.695815535812763,crossing_stand_on,T1,True
crossing_give_way,59.24999999999877,5706.968743496889,5706.968743496889,77.3105735675213,15.695815535812763,crossing_stand_on,T1,True
crossing_give_way,59.29999999999877,5730.207964450509,5730.207964450509,77.46038243525886,15.695815535812763,crossing_stand_on,T1,True
crossing_give_way,59.349999999998765,5753.504630116809,5753.504630116809,77.61027361851309,15.695815535812763,crossing_stand_on,T1,True
crossing_give_way,59.39999999999876,5776.858741475739,5776.858741475739,77.76024664114944,15.695815535812763,crossing_stand_on,T1,True
crossing_give_way,59.44999999999876,5800.270299504362,5800.270299504362,77.91030103044069,15.695815535812763,crossing_stand_on,T1,True
crossing_give_way,59.49999999999876,5823.73930517681,5823.73930517681,78.06043631703923,15.695815535812763,crossing_stand_on,T1,True
crossing_give_way,59.549999999998754,5847.265759464245,5847.265759464245,78.21065203494943,15.695815535812763,crossing_stand_on,T1,True
crossing_give_way,59.59999999999875,5870.849663334824,5870.849663334824,78.36094772150037,15.695815535812763,crossing_stand_on,T1,True
crossing_give_way,59.64999999999875,5894.491017753666,5894.491017753666,78.51132291731875,15.695815535812763,crossing_stand_on,T1,True
crossing_give_way,59.699999999998745,5918.189823682808,5918.189823682808,78.661777166302,15.695815535812763,crossing_stand_on,T1,True
crossing_give_way,59.74999999999874,5941.946082081185,5941.946082081185,78.81231001559178,15.695815535812763,crossing_stand_on,T1,True
crossing_give_way,59.79999999999874,5965.759793904584,5965.759793904584,78.96292101554742,15.695815535812763,crossing_stand_on,T1,True
crossing_give_way,59.84999999999874,5989.6309601056255,5989.6309601056255,79.11360971971996,15.695815535812763,crossing_stand_on,T1,True
crossing_give_way,59.899999999998734,6013.559581633724,6013.559581633724,79.26437568482605,15.695815535812763,crossing_stand_on,T1,True
crossing_give_way,59.94999999999873,6037.545659435068,6037.545659435068,79.41521847072234,15.695815535812763,crossing_stand_on,T1,True
crossing_give_way,59.99999999999873,6061.589194452585,6061.589194452585,79.56613764037994,15.695815535812763,crossing_stand_on,T1,True
crossing_give_way,60.049999999998725,6085.690187625918,6085.690187625918,79.71713275985918,15.695815535812763,crossing_stand_on,T1,True
crossing_give_way,60.09999999999872,6109.848639891401,6109.848639891401,79.86820339828456,15.695815535812763,crossing_stand_on,T1,True
crossing_give_way,60.14999999999872,6134.064552182036,6134.064552182036,80.01934912781994,15.695815535812763,crossing_stand_on,T1,True
crossing_give_way,60.19999999999872,6158.337925427465,6158.337925427465,80.17056952364385,15.695815535812763,crossing_stand_on,T1,True
crossing_give_way,60.249999999998714,6182.668760553953,6182.668760553953,80.32186416392514,15.695815535812763,crossing_stand_on,T1,True
crossing_give_way,60.29999999999871,6207.057058484358,6207.057058484358,80.47323262979879,15.695815535812763,crossing_stand_on,T1,True
crossing_give_way,60.34999999999871,6231.502820138129,6231.502820138129,80.62467450534194,15.695815535812763,crossing_stand_on,T1,True
crossing_give_way,60.399999999998705,6256.006046431261,6256.006046431261,80.77618937755004,15.695815535812763,crossing_stand_on,T1,True
crossing_give_way,60.4499999999987,6280.566738276298,6280.566738276298,80.92777683631336,15.695815535812763,crossing_stand_on,T1,True
crossing_give_way,60.4999999999987,6305.184896582302,6305.184896582302,81.07943647439356,15.695815535812763,crossing_stand_on,T1,True
crossing_give_way,60.5499999999987,6329.860522254844,6329.860522254844,81.23116788740062,15.695815535812763,crossing_stand_on,T1,True
crossing_give_way,60.599999999998694,6354.593616195986,6354.593616195986,81.38297067376973,15.695815535812763,crossing_stand_on,T1,True
crossing_give_way,60.64999999999869,6379.38417930426,6379.38417930426,81.53484443473869,15.695815535812763,crossing_stand_on,T1,True
crossing_give_way,60.69999999999869,6404.232212474666,6404.232212474666,81.68678877432522,15.695815535812763,crossing_stand_on,T1,True
crossing_give_way,60.749999999998685,6429.137716598645,6429.137716598645,81.83880329930467,15.695815535812763,crossing_stand_on,T1,True
crossing_give_way,60.79999999999868,6454.100692564077,6454.100692564077,81.9908876191878,15.695815535812763,crossing_stand_on,T1,True
crossing_give_way,60.84999999999868,6479.121141255258,6479.121141255258,82.14304134619877,15.695815535812763,crossing_stand_on,T1,True
crossing_give_way,60.89999999999868,6504.199063552901,6504.199063552901,82.29526409525343,15.695815535812763,crossing_stand_on,T1,True
crossing_give_way,60.949999999998674,6529.3344603341175,6529.3344603341175,82.44755548393766,15.695815535812763,crossing_stand_on,T1,True
crossing_give_way,60.99999999999867,6554.527332472408,6554.527332472408,82.59991513248593,15.695815535812763,crossing_stand_on,T1,True
crossing_give_way,61.04999999999867,6579.777680837655,6579.777680837655,82.75234266376015,15.695815535812763,crossing_stand_on,T1,True
crossing_give_way,61.099999999998666,6605.085506296116,6605.085506296116,82.90483770322854,15.695815535812763,crossing_stand_on,T1,True
crossing_give_way,61.14999999999866,6630.450809710409,6630.450809710409,83.0573998789448,15.695815535812763,crossing_stand_on,T1,True
crossing_give_way,61.19999999999866,6655.8735919395185,6655.8735919395185,83.2100288215275,15.695815535812763,crossing_stand_on,T1,True
crossing_give_way,61.24999999999866,6681.353853838768,6681.353853838768,83.36272416413942,15.695815535812763,crossing_stand_on,T1,True
crossing_give_way,61.299999999998654,6706.891596259837,6706.891596259837,83.51548554246736,15.695815535812763,crossing_stand_on,T1,True
crossing_give_way,61.34999999999865,6732.4868200507335,6732.4868200507335,83.66831259470192,15.695815535812763,crossing_stand_on,T1,True
crossing_give_way,61.39999999999865,6758.139526055813,6758.139526055813,83.82120496151758,15.695815535812763,crossing_stand_on,T1,True
crossing_give_way,61.449999999998646,6783.849715115752,6783.849715115752,83.97416228605286,15.695815535812763,crossing_stand_on,T1,True
crossing_give_way,61.49999999999864,6809.617388067559,6809.617388067559,84.12718421389071,15.695815535812763,crossing_stand_on,T1,True
crossing_give_way,61.54999999999864,6835.442545744564,6835.442545744564,84.28027039303905,15.695815535812763,crossing_stand_on,T1,True
crossing_give_way,61.59999999999864,6861.325188976418,6861.325188976418,84.43342047391144,15.695815535812763,crossing_stand_on,T1,True
crossing_give_way,61.649999999998634,6887.265318589092,6887.265318589092,84.58663410930805,15.695815535812763,crossing_stand_on,T1,True
crossing_give_way,61.69999999999863,6913.262935404873,6913.262935404873,84.73991095439662,15.695815535812763,crossing_stand_on,T1,True
crossing_give_way,61.74999999999863,6939.318040242368,6939.318040242368,84.89325066669375,15.695815535812763,crossing_stand_on,T1,True
crossing_give_way,61.799999999998626,6965.430633916493,6965.430633916493,85.04665290604615,15.695815535812763,crossing_stand_on,T1,True
crossing_give_way,61.84999999999862,6991.6007172384825,6991.6007172384825,85.2001173346123,15.695815535812763,crossing_stand_on,T1,True
crossing_give_way,61.89999999999862,7017.82829101589,7017.82829101589,85.35364361684408,15.695815535812763,crossing_stand_on,T1,True
crossing_give_way,61.94999999999862,7044.113356052581,7044.113356052581,85.50723141946865,15.695815535812763,crossing_stand_on,T1,True
crossing_give_way,61.999999999998614,7070.455913148736,7070.455913148736,85.66088041147042,15.695815535812763,crossing_stand_on,T1,True
crossing_give_way,62.04999999999861,7096.855963100863,7096.855963100863,85.81459026407329,15.695815535812763,crossing_stand_on,T1,True
crossing_give_way,62.09999999999861,7123.313506701782,7123.313506701782,85.96836065072286,15.695815535812763,crossing_stand_on,T1,True
crossing_give_way,62.149999999998606,7149.828544740642,7149.828544740642,86.12219124706903,15.695815535812763,crossing_stand_on,T1,True
crossing_give_way,62.1999999999986,7176.401078002913,7176.401078002913,86.27608173094852,15.695815535812763,crossing_stand_on,T1,True
crossing_give_way,62.2499999999986,7203.031107270394,7203.031107270394,86.43003178236772,15.695815535812763,crossing_stand_on,T1,True
crossing_give_way,62.2999999999986,7229.718633321226,7229.718633321226,86.5840410834856,15.695815535812763,crossing_stand_on,T1,True
crossing_give_way,62.349999999998595,7256.463656929872,7256.463656929872,86.73810931859676,15.695815535812763,crossing_stand_on,T1,True
crossing_give_way,62.39999999999859,7283.266178867146,7283.266178867146,86.89223617411463,15.695815535812763,crossing_stand_on,T1,True
crossing_give_way,62.44999999999859,7310.126199900203,7310.126199900203,87.04642133855494,15.695815535812763,crossing_stand_on,T1,True
crossing_give_way,62.499999999998586,7337.043720792544,7337.043720792544,87.20066450251909,15.695815535812763,crossing_stand_on,T1,True
crossing_give_way,62.54999999999858,7364.018742304033,7364.018742304033,87.35496535867793,15.695815535812763,crossing_stand_on,T1,True
crossing_give_way,62.59999999999858,7391.051265190888,7391.051265190888,87.50932360175545,15.695815535812763,crossing_stand_on,T1,True
crossing_give_way,62.64999999999858,7418.141290205694,7418.141290205694,87.6637389285128,15.695815535812763,crossing_stand_on,T1,True
crossing_give_way,62.699999999998575,7445.2888180974105,7445.2888180974105,87.81821103773228,15.695815535812763,crossing_stand_on,T1,True
crossing_give_way,62.74999999999857,7472.4938496113755,7472.4938496113755,87.97273963020166,15.695815535812763,crossing_stand_on,T1,True
crossing_give_way,62.79999999999857,7499.756385489307,7499.756385489307,88.1273244086984,15.695815535812763,crossing_stand_on,T1,True
crossing_give_way,62.849999999998566,7527.076426469322,7527.076426469322,88.2819650779742,15.695815535812763,crossing_stand_on,T1,True
crossing_give_way,62.89999999999856,7554.45397328593,7554.45397328593,88.43666134473966,15.695815535812763,crossing_stand_on,T1,True
crossing_give_way,62.94999999999856,7581.889026670054,7581.889026670054,88.59141291764892,15.695815535812763,crossing_stand_on,T1,True
crossing_give_way,62.99999999999856,7609.381587349023,7609.381587349023,88.74621950728462,15.695815535812763,crossing_stand_on,T1,True
crossing_give_way,63.049999999998555,7636.931656046596,7636.931656046596,88.90108082614292,15.695815535812763,crossing_stand_on,T1,True
crossing_give_way,63.09999999999855,7664.5392334829585,7664.5392334829585,89.05599658861857,15.695815535812763,crossing_stand_on,T1,True
crossing_give_way,63.14999999999855,7692.204320374732,7692.204320374732,89.21096651099023,15.695815535812763,crossing_stand_on,T1,True
crossing_give_way,63.199999999998546,7719.926917434987,7719.926917434987,89.36599031140587,15.695815535812763,crossing_stand_on,T1,True
crossing_give_way,63.24999999999854,7747.707025373255,7747.707025373255,89.52106770986828,15.695815535812763,crossing_stand_on,T1,True
crossing_give_way,63.29999999999854,7775.544644895525,7775.544644895525,89.67619842822066,15.695815535812763,crossing_stand_on,T1,True
crossing_give_way,63.34999999999854,7803.439776704265,7803.439776704265,89.83138219013252,15.695815535812763,crossing_stand_on,T1,True
crossing_give_way,63.399999999998535,7831.392421498421,7831.392421498421,89.9866187210854,15.695815535812763,crossing_stand_on,T1,True
crossing_give_way,63.44999999999853,7859.40257997344,7859.40257997344,90.14190774835909,15.695815535812763,crossing_stand_on,T1,True
crossing_give_way,63.49999999999853,7887.470252821264,7887.470252821264,90.29724900101752,15.695815535812763,crossing_stand_on,T1,True
crossing_give_way,63.549999999998526,7915.595440730355,7915.595440730355,90.45264220989525,15.695815535812763,crossing_stand_on,T1,True
crossing_give_way,63.59999999999852,7943.778144385687,7943.778144385687,90.60808710758364,15.695815535812763,crossing_stand_on,T1,True
crossing_give_way,63.64999999999852,7972.018364468783,7972.018364468783,90.76358342841752,15.695815535812763,crossing_stand_on,T1,True
crossing_give_way,63.69999999999852,8000.316101657692,8000.316101657692,90.9191309084616,15.695815535812763,crossing_stand_on,T1,True
crossing_give_way,63.749999999998515,8028.67135662703,8028.67135662703,91.07472928549738,15.695815535812763,crossing_stand_on,T1,True
crossing_give_way,63.79999999999851,8057.084130047968,8057.084130047968,91.2303782990098,15.695815535812763,crossing_stand_on,T1,True
crossing_give_way,63.84999999999851,8085.554422588263,8085.554422588263,91.38607769017437,15.695815535812763,crossing_stand_on,T1,True
crossing_give_way,63.899999999998506,8114.082234912253,8114.082234912253,91.54182720184409,15.695815535812763,crossing_stand_on,T1,True
crossing_give_way,63.949999999998504,8142.667567680869,8142.667567680869,91.69762657853661,15.695815535812763,crossing_stand_on,T1,True
crossing_give_way,63.9999999999985,8171.310421551663,8171.310421551663,91.85347556642165,15.695815535812763,crossing_stand_on,T1,True
crossing_give_way,64.0499999999985,8200.010797178797,8200.010797178797,92.0093739133082,15.695815535812763,crossing_stand_on,T1,True
crossing_give_way,64.0999999999985,8228.768695213064,8228.768695213064,92.16532136863215,15.695815535812763,crossing_stand_on,T1,True
crossing_give_way,64.1499999999985,8257.584116301912,8257.584116301912,92.32131768344385,15.695815535812763,crossing_stand_on,T1,True
crossing_give_way,64.1999999999985,8286.457061089433,8286.457061089433,92.4773626103958,15.695815535812763,crossing_stand_on,T1,True
crossing_give_way,64.2499999999985,8315.38753021639,8315.38753021639,92.63345590373046,15.695815535812763,crossing_stand_on,T1,True
crossing_give_way,64.29999999999849,8344.375524320229,8344.375524320229,92.7895973192682,15.695815535812763,crossing_stand_on,T1,True
crossing_give_way,64.34999999999849,8373.421044035078,8373.421044035078,92.94578661439527,15.695815535812763,crossing_stand_on,T1,True
crossing_give_way,64.39999999999849,8402.524089991775,8402.524089991775,93.10202354805195,15.695815535812763,crossing_stand_on,T1,True
crossing_give_way,64.44999999999848,8431.684662817872,8431.684662817872,93.25830788072078,15.695815535812763,crossing_stand_on,T1,True
crossing_give_way,64.49999999999848,8460.902763137647,8460.902763137647,93.41463937441483,15.695815535812763,crossing_stand_on,T1,True
crossing_give_way,64.54999999999848,8490.17839157212,8490.17839157212,93.57101779266623,15.695815535812763,crossing_stand_on,T1,True
crossing_give_way,64.59999999999847,8519.511548739061,8519.511548739061,93.72744290051452,15.695815535812763,crossing_stand_on,T1,True
crossing_give_way,64.64999999999847,8548.902235253012,8548.902235253012,93.88391446449545,15.695815535812763,crossing_stand_on,T1,True
crossing_give_way,64.69999999999847,8578.350451725284,8578.350451725284,94.04043225262954,15.695815535812763,crossing_stand_on,T1,True
crossing_give_way,64.74999999999847,8607.85619876398,8607.85619876398,94.196996034411,15.695815535812763,crossing_stand_on,T1,True
crossing_give_way,64.79999999999846,8637.419476974012,8637.419476974012,94.35360558079654,15.695815535812763,crossing_stand_on,T1,True
crossing_give_way,64.84999999999846,8667.0402869571,8667.0402869571,94.51026066419446,15.695815535812763,crossing_stand_on,T1,True
crossing_give_way,64.89999999999846,8696.7186293118,8696.7186293118,94.66696105845368,15.695815535812763,crossing_stand_on,T1,True
crossing_give_way,64.94999999999845,8726.454504633499,8726.454504633499,94.8237065388529,15.695815535812763,crossing_stand_on,T1,True
crossing_give_way,64.99999999999845,8756.247913514455,8756.247913514455,94.98049688209001,15.695815535812763,crossing_stand_on,T1,True
crossing_give_way,65.04999999999845,8804.753289298775,8804.753289298775,95.13733186627128,15.695815535812763,none,T1,True
crossing_give_way,65.09999999999845,8834.628076408833,8834.628076408833,95.29421127090089,15.695815535812763,none,T1,True
crossing_give_way,65.14999999999844,8864.560523948268,8864.560523948268,95.45113487687053,15.695815535812763,none,T1,True
crossing_give_way,65.19999999999844,8894.550631900736,8894.550631900736,95.60810246644893,15.695815535812763,none,T1,True
crossing_give_way,65.24999999999844,8924.598400249919,8924.598400249919,95.76511382327168,15.695815535812763,none,T1,True
crossing_give_way,65.29999999999843,8954.703828979505,8954.703828979505,95.92216873233095,15.695815535812763,none,T1,True
crossing_give_way,65.34999999999843,8984.866918073207,8984.866918073207,96.0792669799654,15.695815535812763,none,T1,True
crossing_give_way,65.39999999999843,9015.087667514754,9015.087667514754,96.23640835385024,15.695815535812763,none,T1,True
crossing_give_way,65.44999999999843,9045.366077287888,9045.366077287888,96.39359264298717,15.695815535812763,none,T1,True
crossing_give_way,65.49999999999842,9075.702147376376,9075.702147376376,96.55081963769463,15.695815535812763,none,T1,True
crossing_give_way,65.54999999999842,9106.095877763993,9106.095877763993,96.70808912959792,15.695815535812763,none,T1,True
crossing_give_way,65.59999999999842,9136.547268434537,9136.547268434537,96.86540091161962,15.695815535812763,none,T1,True
crossing_give_way,65.64999999999841,9167.056319371823,9167.056319371823,97.02275477796992,15.695815535812763,none,T1,True
crossing_give_way,65.69999999999841,9197.62303055968,9197.62303055968,97.18015052413709,15.695815535812763,none,T1,True
crossing_give_way,65.74999999999841,9228.247401981957,9228.247401981957,97.33758794687805,15.695815535812763,none,T1,True
crossing_give_way,65.7999999999984,9258.929433622518,9258.929433622518,97.49506684420899,15.695815535812763,none,T1,True
crossing_give_way,65.8499999999984,9289.669125465245,9289.669125465245,97.6525870153961,15.695815535812763,none,T1,True
crossing_give_way,65.8999999999984,9320.466477494037,9320.466477494037,97.81014826094632,15.695815535812763,none,T1,True
crossing_give_way,65.9499999999984,9351.321489692811,9351.321489692811,97.96775038259821,15.695815535812763,none,T1,True
crossing_give_way,65.9999999999984,9382.234162045499,9382.234162045499,98.12539318331295,15.695815535812763,none,T1,True
crossing_give_way,66.04999999999839,9413.204494536052,9413.204494536052,98.28307646726527,15.695815535812763,none,T1,True
crossing_give_way,66.09999999999839,9444.232487148434,9444.232487148434,98.44080003983458,15.695815535812763,none,T1,True
crossing_give_way,66.14999999999839,9475.31813986663,9475.31813986663,98.59856370759613,15.695815535812763,none,T1,True
crossing_give_way,66.19999999999838,9506.46145267464,9506.46145267464,98.75636727831225,15.695815535812763,none,T1,True
crossing_give_way,66.24999999999838,9537.662425556484,9537.662425556484,98.91421056092368,15.695815535812763,none,T1,True
crossing_give_way,66.29999999999838,9568.921058496193,9568.921058496193,99.07209336554091,15.695815535812763,none,T1,True
crossing_give_way,66.34999999999837,9600.23735147782,9600.23735147782,99.23001550343565,15.695815535812763,none,T1,True
crossing_give_way,66.39999999999837,9631.611304485432,9631.611304485432,99.38797678703241,15.695815535812763,none,T1,True
crossing_give_way,66.44999999999837,9663.042917503115,9663.042917503115,99.54597702989999,15.695815535812763,none,T1,True
crossing_give_way,66.49999999999837,9694.532190514972,9694.532190514972,99.70401604674325,15.695815535812763,none,T1,True
crossing_give_way,66.54999999999836,9726.07912350512,9726.07912350512,99.86209365339474,15.695815535812763,none,T1,True
crossing_give_way,66.59999999999836,9757.683716457694,9757.683716457694,100.02020966680662,15.695815535812763,none,T1,False
crossing_give_way,66.64999999999836,9789.345969356847,9789.345969356847,100.17836390504243,15.695815535812763,none,T1,False
crossing_give_way,66.69999999999835,9821.065882186746,9821.065882186746,100.3365561872691,15.695815535812763,none,T1,False
crossing_give_way,66.74999999999835,9852.843454931579,9852.843454931579,100.49478633374888,15.695815535812763,none,T1,False
crossing_give_way,66.79999999999835,9884.678687575546,9884.678687575546,100.65305416583149,15.695815535812763,none,T1,False
crossing_give_way,66.84999999999835,9916.571580102867,9916.571580102867,100.8113595059462,15.695815535812763,none,T1,False
crossing_give_way,66.89999999999834,9948.52213249778,9948.52213249778,100.96970217759406,15.695815535812763,none,T1,False
crossing_give_way,66.94999999999834,9980.530344744533,9980.530344744533,101.12808200534012,15.695815535812763,none,T1,False
crossing_give_way,66.99999999999834,10012.596216827398,10012.596216827398,101.28649881480581,15.695815535812763,none,T1,False
crossing_give_way,67.04999999999833,10044.719748730657,10044.719748730657,101.44495243266132,15.695815535812763,none,T1,False
crossing_give_way,67.09999999999833,10076.900940438616,10076.900940438616,101.60344268661805,15.695815535812763,none,T1,False
crossing_give_way,67.14999999999833,10109.139791935593,10109.139791935593,101.76196940542107,15.695815535812763,none,T1,False
crossing_give_way,67.19999999999833,10141.436303205923,10141.436303205923,101.92053241884182,15.695815535812763,none,T1,False
crossing_give_way,67.24999999999832,10173.790474233956,10173.790474233956,102.07913155767058,15.695815535812763,none,T1,False
crossing_give_way,67.29999999999832,10206.202305004063,10206.202305004063,102.23776665370936,15.695815535812763,none,T1,False
crossing_give_way,67.34999999999832,10238.67179550063,10238.67179550063,102.39643753976449,15.695815535812763,none,T1,False
crossing_give_way,67.39999999999831,10271.198945708056,10271.198945708056,102.55514404963955,15.695815535812763,none,T1,False
crossing_give_way,67.44999999999831,10303.783755610759,10303.783755610759,102.71388601812815,15.695815535812763,none,T1,False
crossing_give_way,67.49999999999831,10336.426225193176,10336.426225193176,102.87266328100696,15.695815535812763,none,T1,False
crossing_give_way,67.5499999999983,10369.126354439755,10369.126354439755,103.03147567502863,15.695815535812763,none,T1,False
crossing_give_way,67.5999999999983,10401.884143334966,10401.884143334966,103.1903230379149,15.695815535812763,none,T1,False
crossing_give_way,67.6499999999983,10434.69959186329,10434.69959186329,103.34920520834957,15.695815535812763,none,T1,False
crossing_give_way,67.6999999999983,10467.57270000923,10467.57270000923,103.50812202597191,15.695815535812763,none,T1,False
crossing_give_way,67.7499999999983,10500.503467757302,10500.503467757302,103.66707333136961,15.695815535812763,none,T1,False
crossing_give_way,67.79999999999829,10533.49189509204,10533.49189509204,103.8260589660722,15.695815535812763,none,T1,False
crossing_give_way,67.84999999999829,10566.53798199799,10566.53798199799,103.98507877254434,15.695815535812763,none,T1,False
crossing_give_way,67.89999999999829,10599.641728459723,10599.641728459723,104.14413259417923,15.695815535812763,none,T1,False
crossing_give_way,67.94999999999828,10632.803134461818,10632.803134461818,104.30322027529198,15.695815535812763,none,T1,False
crossing_give_way,67.99999999999828,10666.022199988874,10666.022199988874,104.46234166111316,15.695815535812763,none,T1,False
crossing_give_way,68.04999999999828,10699.298925025505,10699.298925025505,104.62149659778227,15.695815535812763,none,T1,False
crossing_give_way,68.09999999999827,10732.633309556346,10732.633309556346,104.78068493234146,15.695815535812763,none,T1,False
crossing_give_way,68.14999999999827,10766.025353566038,10766.025353566038,104.93990651272898,15.695815535812763,none,T1,False
crossing_give_way,68.19999999999827,10799.475057039248,10799.475057039248,105.09916118777309,15.695815535812763,none,T1,False
crossing_give_way,68.24999999999827,10832.98241996066,10832.98241996066,105.25844880718564,15.695815535812763,none,T1,False
crossing_give_way,68.29999999999826,10866.54744231496,10866.54744231496,105.41776922155591,15.695815535812763,none,T1,False
crossing_give_way,68.34999999999826,10900.170124086872,10900.170124086872,105.57712228234455,15.695815535812763,none,T1,False
crossing_give_way,68.39999999999826,10933.85046526112,10933.85046526112,105.73650784187731,15.695815535812763,none,T1,False
crossing_give_way,68.44999999999825,10967.588465822442,10967.588465822442,105.89592575333909,15.695815535812763,none,T1,False
crossing_give_way,68.49999999999825,11001.384125755609,11001.384125755609,106.05537587076796,15.695815535812763,none,T1,False
crossing_give_way,68.54999999999825,11035.23744504539,11035.23744504539,106.21485804904911,15.695815535812763,none,T1,False
crossing_give_way,68.59999999999825,11069.148423676585,11069.148423676585,106.37437214390901,15.695815535812763,none,T1,False
crossing_give_way,68.64999999999824,11103.117061633999,11103.117061633999,106.53391801190952,15.695815535812763,none,T1,False
crossing_give_way,68.69999999999824,11137.14335890246,11137.14335890246,106.69349551044206,15.695815535812763,none,T1,False
crossing_give_way,68.74999999999824,11171.227315466804,11171.227315466804,106.85310449772184,15.695815535812763,none,T1,False
crossing_give_way,68.79999999999824,11205.368931311896,11205.368931311896,107.01274483278222,15.695815535812763,none,T1,False
crossing_give_way,68.84999999999823,11239.568206422606,11239.568206422606,107.17241637546887,15.695815535812763,none,T1,False
crossing_give_way,68.89999999999823,11273.825140783822,11273.825140783822,107.33211898643427,15.695815535812763,none,T1,False
crossing_give_way,68.94999999999823,11308.139734380453,11308.139734380453,107.4918525271321,15.695815535812763,none,T1,False
crossing_give_way,68.99999999999822,11342.51198719742,11342.51198719742,107.65161685981164,15.695815535812763,none,T1,False
crossing_give_way,69.04999999999822,11376.941899219659,11376.941899219659,107.81141184751232,15.695815535812763,none,T1,False
crossing_give_way,69.09999999999822,11411.429470432122,11411.429470432122,107.97123735405825,15.695815535812763,none,T1,False
crossing_give_way,69.14999999999822,11445.974700819783,11445.974700819783,108.13109324405282,15.695815535812763,none,T1,False
crossing_give_way,69.19999999999821,11480.577590367626,11480.577590367626,108.29097938287329,15.695815535812763,none,T1,False
crossing_give_way,69.24999999999821,11515.23813906065,11515.23813906065,108.45089563666549,15.695815535812763,none,T1,False
crossing_give_way,69.2999999999982,11549.956346883871,11549.956346883871,108.61084187233857,15.695815535812763,none,T1,False
crossing_give_way,69.3499999999982,11584.732213822332,11584.732213822332,108.77081795755971,15.695815535812763,none,T1,False
crossing_give_way,69.3999999999982,11619.565739861071,11619.565739861071,108.93082376074888,15.695815535812763,none,T1,False
crossing_give_way,69.4499999999982,11654.456924985163,11654.456924985163,109.09085915107381,15.695815535812763,none,T1,False
crossing_give_way,69.4999999999982,11689.405769179677,11689.405769179677,109.25092399844469,15.695815535812763,none,T1,False
crossing_give_way,69.54999999999819,11724.412272429721,11724.412272429721,109.4110181735093,15.695815535812763,none,T1,False
crossing_give_way,69.59999999999819,11759.476434720402,11759.476434720402,109.57114154764777,15.695815535812763,none,T1,False
crossing_give_way,69.64999999999819,11794.598256036848,11794.598256036848,109.73129399296771,15.695815535812763,none,T1,False
crossing_give_way,69.69999999999818,11829.777736364205,11829.777736364205,109.89147538229918,15.695815535812763,none,T1,False
crossing_give_way,69.74999999999818,11865.014875687633,11865.014875687633,110.05168558918984,15.695815535812763,none,T1,False
crossing_give_way,69.79999999999818,11900.309673992306,11900.309673992306,110.21192448789998,15.695815535812763,none,T1,False
crossing_give_way,69.84999999999818,11935.662131263416,11935.662131263416,110.37219195339775,15.695815535812763,none,T1,False
crossing_give_way,69.89999999999817,11971.072247486172,11971.072247486172,110.5324878613543,15.695815535812763,none,T1,False
crossing_give_way,69.94999999999817,12006.540022645793,12006.540022645793,110.69281208813902,15.695815535812763,none,T1,False
crossing_give_way,69.99999999999817,12042.065456727521,12042.065456727521,110.85316451081486,15.695815535812763,none,T1,False
crossing_give_way,70.04999999999816,12077.64854971661,12077.64854971661,111.01354500713357,15.695815535812763,none,T1,False
crossing_give_way,70.09999999999816,12113.289301598328,12113.289301598328,111.17395345553108,15.695815535812763,none,T1,False
crossing_give_way,70.14999999999816,12148.987712357957,12148.987712357957,111.33438973512281,15.695815535812763,none,T1,False
crossing_give_way,70.19999999999816,12184.743781980807,12184.743781980807,111.49485372569924,15.695815535812763,none,T1,False
crossing_give_way,70.24999999999815,12220.557510452189,12220.557510452189,111.65534530772116,15.695815535812763,none,T1,False
crossing_give_way,70.29999999999815,12256.428897757436,12256.428897757436,111.81586436231532,15.695815535812763,none,T1,False
crossing_give_way,70.34999999999815,12292.357943881898,12292.357943881898,111.97641077126985,15.695815535812763,none,T1,False
crossing_give_way,70.39999999999814,12328.344648810935,12328.344648810935,112.13698441702985,15.695815535812763,none,T1,False
crossing_give_way,70.44999999999814,12364.38901252993,12364.38901252993,112.297585182693,15.695815535812763,none,T1,False
crossing_give_way,70.49999999999814,12400.491035024275,12400.491035024275,112.45821295200514,15.695815535812763,none,T1,False
crossing_give_way,70.54999999999814,12436.650716279379,12436.650716279379,112.61886760935595,15.695815535812763,none,T1,False
crossing_give_way,70.59999999999813,12472.868056280673,12472.868056280673,112.77954903977465,15.695815535812763,none,T1,False
crossing_give_way,70.64999999999813,12509.143055013594,12509.143055013594,112.94025712892571,15.695815535812763,none,T1,False
crossing_give_way,70.69999999999813,12545.4757124636,12545.4757124636,113.10099176310463,15.695815535812763,none,T1,False
crossing_give_way,70.74999999999812,12581.866028616161,12581.866028616161,113.26175282923367,15.695815535812763,none,T1,False
crossing_give_way,70.79999999999812,12618.314003456766,12618.314003456766,113.42254021485778,15.695815535812763,none,T1,False
crossing_give_way,70.84999999999812,12654.819636970915,12654.819636970915,113.58335380814029,15.695815535812763,none,T1,False
crossing_give_way,70.89999999999812,12691.382929144134,12691.382929144134,113.74419349785903,15.695815535812763,none,T1,False
crossing_give_way,70.94999999999811,12728.00387996195,12728.00387996195,113.90505917340201,15.695815535812763,none,T1,False
crossing_give_way,70.99999999999811,12764.682489409915,12764.682489409915,114.06595072476351,15.695815535812763,none,T1,False
crossing_give_way,71.04999999999811,12801.418757473595,12801.418757473595,114.22686804254005,15.695815535812763,none,T1,False
crossing_give_way,71.0999999999981,12838.212684138565,12838.212684138565,114.38781101792632,15.695815535812763,none,T1,False
crossing_give_way,71.1499999999981,12875.064269390425,12875.064269390425,114.54877954271136,15.695815535812763,none,T1,False
crossing_give_way,71.1999999999981,12911.973513214783,12911.973513214783,114.70977350927447,15.695815535812763,none,T1,False
crossing_give_way,71.2499999999981,12948.940415597266,12948.940415597266,114.87079281058143,15.695815535812763,none,T1,False
crossing_give_way,71.2999999999981,12985.964976523515,12985.964976523515,115.03183734018064,15.695815535812763,none,T1,False
crossing_give_way,71.34999999999809,13023.047195979185,13023.047195979185,115.19290699219916,15.695815535812763,none,T1,False
crossing_give_way,71.39999999999809,13060.187073949948,13060.187073949948,115.35400166133904,15.695815535812763,none,T1,False
crossing_give_way,71.44999999999808,13097.384610421494,13097.384610421494,115.51512124287346,15.695815535812763,none,T1,False
crossing_give_way,71.49999999999808,13134.639805379524,13134.639805379524,115.67626563264301,15.695815535812763,none,T1,False
crossing_give_way,71.54999999999808,13171.952658809754,13171.952658809754,115.83743472705193,15.695815535812763,none,T1,False
crossing_give_way,71.59999999999808,13209.323170697917,13209.323170697917,115.99862842306446,15.695815535812763,none,T1,False
crossing_give_way,71.64999999999807,13246.751341029762,13246.751341029762,116.15984661820117,15.695815535812763,none,T1,False
crossing_give_way,71.69999999999807,13284.237169791051,13284.237169791051,116.3210892105353,15.695815535812763,none,T1,False
crossing_give_way,71.74999999999807,13321.780656967563,13321.780656967563,116.48235609868915,15.695815535812763,none,T1,False
crossing_give_way,71.79999999999806,13359.38180254509,13359.38180254509,116.64364718183049,15.695815535812763,none,T1,False
crossing_give_way,71.84999999999806,13397.040606509443,13397.040606509443,116.80496235966906,15.695815535812763,none,T1,False
crossing_give_way,71.89999999999806,13434.757068846444,13434.757068846444,116.96630153245295,15.695815535812763,none,T1,False
crossing_give_way,71.94999999999806,13472.531189541933,13472.531189541933,117.12766460096519,15.695815535812763,none,T1,False
crossing_give_way,71.99999999999805,13510.362968581761,13510.362968581761,117.28905146652019,15.695815535812763,none,T1,False
crossing_give_way,72.04999999999805,13548.2524059518,13548.2524059518,117.45046203096037,15.695815535812763,none,T1,False
crossing_give_way,72.09999999999805,13586.199501637931,13586.199501637931,117.61189619665262,15.695815535812763,none,T1,False
crossing_give_way,72.14999999999804,13624.204255626057,13624.204255626057,117.7733538664851,15.695815535812763,none,T1,False
crossing_give_way,72.19999999999804,13662.266667902088,13662.266667902088,117.93483494386359,15.695815535812763,none,T1,False
crossing_give_way,72.24999999999804,13700.386738451954,13700.386738451954,118.09633933270842,15.695815535812763,none,T1,False
crossing_give_way,72.29999999999804,13738.5644672616,13738.5644672616,118.25786693745098,15.695815535812763,none,T1,False
crossing_give_way,72.34999999999803,13776.799854316989,13776.799854316989,118.41941766303046,15.695815535812763,none,T1,False
crossing_give_way,72.39999999999803,13815.092899604086,13815.092899604086,118.58099141489056,15.695815535812763,none,T1,False
crossing_give_way,72.44999999999803,13853.443603108884,13853.443603108884,118.7425880989763,15.695815535812763,none,T1,False
crossing_give_way,72.49999999999802,13891.851964817391,13891.851964817391,118.90420762173075,15.695815535812763,none,T1,False
crossing_give_way,72.54999999999802,13930.317984715619,13930.317984715619,119.06584989009183,15.695815535812763,none,T1,False
crossing_give_way,72.59999999999802,13968.841662789608,13968.841662789608,119.22751481148917,15.695815535812763,none,T1,False
crossing_give_way,72.64999999999802,14007.422999025399,14007.422999025399,119.38920229384088,15.695815535812763,none,T1,False
crossing_give_way,72.69999999999801,14046.061993409065,14046.061993409065,119.55091224555053,15.695815535812763,none,T1,False
crossing_give_way,72.74999999999801,14084.758645926675,14084.758645926675,119.71264457550396,15.695815535812763,none,T1,False
crossing_give_way,72.79999999999801,14123.51295656433,14123.51295656433,119.8743991930662,15.695815535812763,none,T1,False
crossing_give_way,72.849999999998,14162.324925308132,14162.324925308132,120.03617600807847,15.695815535812763,none,T1,False
crossing_give_way,72.899999999998,14201.194552144207,14201.194552144207,120.1979749308551,15.695815535812763,none,T1,False
crossing_give_way,72.949999999998,14240.121837058694,14240.121837058694,120.35979587218048,15.695815535812763,none,T1,False
crossing_give_way,72.999999999998,14279.106780037742,14279.106780037742,120.5216387433062,15.695815535812763,none,T1,False
crossing_give_way,73.049999999998,14318.14938106752,14318.14938106752,120.68350345594787,15.695815535812763,none,T1,False
crossing_give_way,73.09999999999799,14357.24964013421,14357.24964013421,120.8453899222824,15.695815535812763,none,T1,False
crossing_give_way,73.14999999999799,14396.407557224009,14396.407557224009,121.0072980549449,15.695815535812763,none,T1,False
crossing_give_way,73.19999999999798,14435.62313232313,14435.62313232313,121.16922776702586,15.695815535812763,none,T1,False
crossing_give_way,73.24999999999798,14474.896365417799,14474.896365417799,121.33117897206827,15.695815535812763,none,T1,False
crossing_give_way,73.29999999999798,14514.22725649425,14514.22725649425,121.49315158406466,15.695815535812763,none,T1,False
crossing_give_way,73.34999999999798,14553.61580553875,14553.61580553875,121.65514551745443,15.695815535812763,none,T1,False
crossing_give_way,73.39999999999797,14593.062012537557,14593.062012537557,121.81716068712085,15.695815535812763,none,T1,False
crossing_give_way,73.44999999999797,14632.565877476965,14632.565877476965,121.9791970083884,15.695815535812763,none,T1,False
crossing_give_way,73.49999999999797,14672.127400343272,14672.127400343272,122.1412543970199,15.695815535812763,none,T1,False
crossing_give_way,73.54999999999797,14711.746581122792,14711.746581122792,122.30333276921384,15.695815535812763,none,T1,False
crossing_give_way,73.59999999999796,14751.42341980185,14751.42341980185,122.46543204160149,15.695815535812763,none,T1,False
crossing_give_way,73.64999999999796,14791.157916366792,14791.157916366792,122.62755213124436,15.695815535812763,none,T1,False
crossing_give_way,73.69999999999796,14830.950070803981,14830.950070803981,122.78969295563144,15.695815535812763,none,T1,False
crossing_give_way,73.74999999999795,14870.799883099782,14870.799883099782,122.95185443267638,15.695815535812763,none,T1,False
crossing_give_way,73.79999999999795,14910.707353240587,14910.707353240587,123.1140364807151,15.695815535812763,none,T1,False
crossing_give_way,73.84999999999795,14950.672481212794,14950.672481212794,123.27623901850289,15.695815535812763,none,T1,False
crossing_give_way,73.89999999999795,14990.695267002822,14990.695267002822,123.43846196521197,15.695815535812763,none,T1,False
crossing_give_way,73.94999999999794,15030.775710597103,15030.775710597103,123.60070524042881,15.695815535812763,none,T1,False
crossing_give_way,73.99999999999794,15070.913811982078,15070.913811982078,123.7629687641515,15.695815535812763,none,T1,False
crossing_give_way,74.04999999999794,15111.10957114421,15111.10957114421,123.92525245678732,15.695815535812763,none,T1,False
crossing_give_way,74.09999999999793,15151.362988069974,15151.362988069974,124.08755623915009,15.695815535812763,none,T1,False
crossing_give_way,74.14999999999793,15191.674062745858,15191.674062745858,124.24988003245765,15.695815535812763,none,T1,False
crossing_give_way,74.19999999999793,15232.042795158362,15232.042795158362,124.4122237583294,15.695815535812763,none,T1,False
crossing_give_way,74.24999999999793,15272.469185294009,15272.469185294009,124.57458733878379,15.695815535812763,none,T1,False
crossing_give_way,74.29999999999792,15312.953233139324,15312.953233139324,124.73697069623579,15.695815535812763,none,T1,False
crossing_give_way,74.34999999999792,15353.49493868086,15353.49493868086,124.89937375349454,15.695815535812763,none,T1,False
crossing_give_way,74.39999999999792,15394.094301905176,15394.094301905176,125.06179643376085,15.695815535812763,none,T1,False
crossing_give_way,74.44999999999791,15434.751322798842,15434.751322798842,125.22423866062474,15.695815535812763,none,T1,False
crossing_give_way,74.49999999999791,15475.466001348455,15475.466001348455,125.38670035806317,15.695815535812763,none,T1,False
crossing_give_way,74.54999999999791,15516.238337540613,15516.238337540613,125.54918145043749,15.695815535812763,none,T1,False
crossing_give_way,74.5999999999979,15557.068331361941,15557.068331361941,125.71168186249122,15.695815535812763,none,T1,False
crossing_give_way,74.6499999999979,15597.955982799065,15597.955982799065,125.8742015193476,15.695815535812763,none,T1,False
crossing_give_way,74.6999999999979,15638.90129183864,15638.90129183864,126.0367403465073,15.695815535812763,none,T1,False
crossing_give_way,74.7499999999979,15679.904258467315,15679.904258467315,126.19929826984608,15.695815535812763,none,T1,False
crossing_give_way,74.7999999999979,15720.964882671775,15720.964882671775,126.36187521561254,15.695815535812763,none,T1,False
crossing_give_way,74.84999999999789,15762.083164438707,15762.083164438707,126.52447111042578,15.695815535812763,none,T1,False
crossing_give_way,74.89999999999789,15803.259103754815,15803.259103754815,126.68708588127315,15.695815535812763,none,T1,False
crossing_give_way,74.94999999999789,15844.492700606817,15844.492700606817,126.84971945550798,15.695815535812763,none,T1,False
crossing_give_way,74.99999999999788,15885.783954981442,15885.783954981442,127.01237176084739,15.695815535812763,none,T1,False
crossing_give_way,75.04999999999788,15927.132866865446,15927.132866865446,127.17504272537009,15.695815535812763,none,T1,False
crossing_give_way,75.09999999999788,15968.539436245579,15968.539436245579,127.33773227751404,15.695815535812763,none,T1,False
crossing_give_way,75.14999999999787,16010.003663108626,16010.003663108626,127.50044034607444,15.695815535812763,none,T1,False
crossing_give_way,75.19999999999787,16051.525547441366,16051.525547441366,127.66316686020141,15.695815535812763,none,T1,False
crossing_give_way,75.24999999999787,16093.105089230607,16093.105089230607,127.82591174939793,15.695815535812763,none,T1,False
crossing_give_way,75.29999999999787,16134.742288463169,16134.742288463169,127.98867494351768,15.695815535812763,none,T1,False
crossing_give_way,75.34999999999786,16176.437145125881,16176.437145125881,128.15145637276285,15.695815535812763,none,T1,False
crossing_give_way,75.39999999999786,16218.189659205585,16218.189659205585,128.31425596768213,15.695815535812763,none,T1,False
crossing_give_way,75.44999999999786,16259.99983068915,16259.99983068915,128.47707365916852,15.695815535812763,none,T1,False
crossing_give_way,75.49999999999785,16301.867659563439,16301.867659563439,128.63990937845728,15.695815535812763,none,T1,False
crossing_give_way,75.54999999999785,16343.79314581535,16343.79314581535,128.80276305712394,15.695815535812763,none,T1,False
crossing_give_way,75.59999999999785,16385.77628943178,16385.77628943178,128.96563462708212,15.695815535812763,none,T1,False
crossing_give_way,75.64999999999785,16427.81709039964,16427.81709039964,129.12852402058152,15.695815535812763,none,T1,False
crossing_give_way,75.69999999999784,16469.915548705863,16469.915548705863,129.29143117020604,15.695815535812763,none,T1,False
overtaking,0.0,1993.7335762948578,1993.7335762948578,50.00020695859899,16.8089784702885,overtaking,T1,True
overtaking,0.05,1983.7418822404118,1983.7418822404118,49.90020737334396,16.8089784702885,overtaking,T1,True
overtaking,0.1,1978.2284125116696,1978.2284125116696,49.80545417423537,16.8089784702885,overtaking,T1,True
overtaking,0.15000000000000002,1976.4166084651054,1976.4166084651054,49.71437364098233,16.8089784702885,overtaking,T1,True
overtaking,0.2,1977.2344830624852,1977.2344830624852,49.62534609619613,16.8089784702885,overtaking,T1,True
overtaking,0.25,1979.512751502221,1979.512751502221,49.53820868578318,16.8089784702885,overtaking,T1,True
overtaking,0.3,1982.3935515044193,1982.3935515044193,49.45290136769134,16.8089784702885,overtaking,T1,True
overtaking,0.35,1985.2692166692334,1985.2692166692334,49.36940808908864,16.8089784702885,overtaking,T1,True
overtaking,0.39999999999999997,1987.7374729694861,1987.7374729694861,49.28771601041334,16.8089784702885,overtaking,T1,True
overtaking,0.44999999999999996,1989.5583731234824,1989.5583731234824,49.20779356277502,16.8089784702885,overtaking,T1,True
overtaking,0.49999999999999994,1990.6128563034395,1990.6128563034395,49.12958256923573,16.8089784702885,overtaking,T1,True
overtaking,0.5499999999999999,1990.866102615762,1990.866102615762,49.052999072595114,16.8089784702885,overtaking,T1,True
overtaking,0.6,1990.3378403240538,1990.3378403240538,48.97793860730919,16.8089784702885,overtaking,T1,True
overtaking,0.65,1989.0800300961769,1989.0800300961769,48.904283043824066,16.8089784702885,overtaking,T1,True
overtaking,0.7000000000000001,1987.1611457044737,1987.1611457044737,48.83190731102895,16.8089784702885,overtaking,T1,True
overtaking,0.7500000000000001,1984.6557444109314,1984.6557444109314,48.76068514536251,16.8089784702885,overtaking,T1,True
overtaking,0.8000000000000002,1981.637965591144,1981.637965591144,48.690493554113296,16.8089784702885,overtaking,T1,True
overtaking,0.8500000000000002,1978.1777793787226,1978.1777793787226,48.6212159905756,16.8089784702885,overtaking,T1,True
overtaking,0.9000000000000002,1974.3390670766314,1974.3390670766314,48.552744394254056,16.8089784702885,overtaking,T1,True
overtaking,0.9500000000000003,1970.178865690787,1970.178865690787,48.48498030906337,16.8089784702885,overtaking,T1,True
overtaking,1.0000000000000002,1965.7473153393526,1965.7473153393526,48.41783529790428,16.8089784702885,overtaking,T1,True
overtaking,1.0500000000000003,1961.0880037601273,1961.0880037601273,48.35123085009067,16.8089784702885,overtaking,T1,True
overtaking,1.1000000000000003,1956.238512533674,1956.238512533674,48.285097945224514,16.8089784702885,overtaking,T1,True
overtaking,1.1500000000000004,1951.2310447228228,1951.2310447228228,48.21937640247264,16.8089784702885,overtaking,T1,True
overtaking,1.2000000000000004,1946.0930629787913,1946.0930629787913,48.15401411245499,16.8089784702885,overtaking,T1,True
overtaking,1.2500000000000004,1940.8478986557407,1940.8478986557407,48.08896622205581,16.8089784702885,overtaking,T1,True
overtaking,1.3000000000000005,1935.5153120130603,1935.5153120130603,48.02419432084006,16.8089784702885,overtaking,T1,True
overtaking,1.3500000000000005,1930.111995345312,1930.111995345312,47.959665661043616,16.8089784702885,overtaking,T1,True
overtaking,1.4000000000000006,1924.6520177020968,1924.6520177020968,47.89535243061863,16.8089784702885,overtaking,T1,True
overtaking,1.4500000000000006,1919.1472136155098,1919.1472136155098,47.831231089775905,16.8089784702885,overtaking,T1,True
overtaking,1.5000000000000007,1913.6075201455196,1913.6075201455196,47.76728177513505,16.8089784702885,overtaking,T1,True
overtaking,1.5500000000000007,1908.0412673428955,1908.0412673428955,47.7034877713258,16.8089784702885,overtaking,T1,True
overtaking,1.6000000000000008,1902.4554273854048,1902.4554273854048,47.639835047148324,16.8089784702885,overtaking,T1,True
overtaking,1.6500000000000008,1896.8558274520574,1896.8558274520574,47.576311851773355,16.8089784702885,overtaking,T1,True
overtaking,1.7000000000000008,1891.2473310333382,1891.2473310333382,47.512908365618244,16.8089784702885,overtaking,T1,True
overtaking,1.7500000000000009,1885.6339919328464,1885.6339919328464,47.44961640022534,16.8089784702885,overtaking,T1,True
overtaking,1.800000000000001,1880.0191847548617,1880.0191847548617,47.38642914151361,16.8089784702885,overtaking,T1,True
overtaking,1.850000000000001,1874.4057152244777,1874.4057152244777,47.32334093104017,16.8089784702885,overtaking,T1,True
overtaking,1.900000000000001,1868.7959132683325,1868.7959132683325,47.2603470803028,16.8089784702885,overtaking,T1,True
overtaking,1.950000000000001,1863.1917114019934,1863.1917114019934,47.1974437135732,16.8089784702885,overtaking,T1,True
overtaking,2.000000000000001,1857.5947106269637,1857.5947106269637,47.13462763522943,16.8089784702885,overtaking,T1,True
overtaking,2.0500000000000007,1852.0062357355237,1852.0062357355237,47.07189621802713,16.8089784702885,overtaking,T1,True
overtaking,2.1000000000000005,1846.427381653172,1846.427381653172,47.009247309195544,16.8089784702885,overtaking,T1,True
overtaking,2.1500000000000004,1840.859052213446,1840.859052213446,46.946679151655516,16.8089784702885,overtaking,T1,True
overtaking,2.2,1835.3019925553447,1835.3019925553447,46.884190318028715,16.8089784702885,overtaking,T1,True
overtaking,2.25,1829.7568161562804,1829.7568161562804,46.82177965543902,16.8089784702885,overtaking,T1,True
overtaking,2.3,1824.224027360447,1824.224027360447,46.759446239399075,16.8089784702885,overtaking,T1,True
overtaking,2.3499999999999996,1818.704040130879,1818.704040130879,46.697189335329966,16.8089784702885,overtaking,T1,True
overtaking,2.3999999999999995,1813.1971936406258,1813.1971936406258,46.63500836648284,16.8089784702885,overtaking,T1,True
overtaking,2.4499999999999993,1807.7037652220672,1807.7037652220672,46.57290288722206,16.8089784702885,overtaking,T1,True
overtaking,2.499999999999999,1802.2239811112063,1802.2239811112063,46.51087256079176,16.8089784702885,overtaking,T1,True
overtaking,2.549999999999999,1796.7580253539468,1796.7580253539468,46.44891714082764,16.8089784702885,overtaking,T1,True
overtaking,2.5999999999999988,1791.3060471821605,1791.3060471821605,46.38703645599324,16.8089784702885,overtaking,T1,True
overtaking,2.6499999999999986,1785.8681671172815,1785.8681671172815,46.32523039722083,16.8089784702885,overtaking,T1,True
overtaking,2.6999999999999984,1780.4444820169126,1780.4444820169126,46.26349890712124,16.8089784702885,overtaking,T1,True
overtaking,2.7499999999999982,1775.0350692443212,1775.0350692443212,46.201841971198526,16.8089784702885,overtaking,T1,True
overtaking,2.799999999999998,1769.639990110822,1769.639990110822,46.140259610565344,16.8089784702885,overtaking,T1,True
overtaking,2.849999999999998,1764.2592927159233,1764.2592927159233,46.078751875905304,16.8089784702885,overtaking,T1,True
overtaking,2.8999999999999977,1758.893014289099,1758.893014289099,46.01731884247091,16.8089784702885,overtaking,T1,True
overtaking,2.9499999999999975,1753.5411831194772,1753.5411831194772,45.95596060594086,16.8089784702885,overtaking,T1,True
overtaking,2.9999999999999973,1748.2038201450562,1748.2038201450562,45.89467727899054,16.8089784702885,overtaking,T1,True
overtaking,3.049999999999997,1742.8809402607908,1742.8809402607908,45.8334689884534,16.8089784702885,overtaking,T1,True
overtaking,3.099999999999997,1737.5725533947511,1737.5725533947511,45.772335872972434,16.8089784702885,overtaking,T1,True
overtaking,3.149999999999997,1732.2786653930261,1732.2786653930261,45.71127808105761,16.8089784702885,overtaking,T1,True
overtaking,3.1999999999999966,1726.9992787470305,1726.9992787470305,45.65029576947927,16.8089784702885,overtaking,T1,True
overtaking,3.2499999999999964,1721.7343931910118,1721.7343931910118,45.589389101940064,16.8089784702885,overtaking,T1,True
overtaking,3.2999999999999963,1716.4840061927234,1716.4840061927234,45.528558247977,16.8089784702885,overtaking,T1,True
overtaking,3.349999999999996,1711.2481133561876,1711.2481133561876,45.4678033820542,16.8089784702885,overtaking,T1,True
overtaking,3.399999999999996,1706.0267087521838,1706.0267087521838,45.407124682813205,16.8089784702885,overtaking,T1,True
overtaking,3.4499999999999957,1700.819785189325,1700.819785189325,45.34652233245376,16.8089784702885,overtaking,T1,True
overtaking,3.4999999999999956,1695.6273344363144,1695.6273344363144,45.285996516222234,16.8089784702885,overtaking,T1,True
overtaking,3.5499999999999954,1690.449347404121,1690.449347404121,45.22554742198924,16.8089784702885,overtaking,T1,True
overtaking,3.599999999999995,1685.285814295242,1685.285814295242,45.165175239900826,16.8089784702885,overtaking,T1,True
overtaking,3.649999999999995,1680.13672472596,1680.13672472596,45.10488016209053,16.8089784702885,overtaking,T1,True
overtaking,3.699999999999995,1675.0020678264475,1675.0020678264475,45.04466238244175,16.8089784702885,overtaking,T1,True
overtaking,3.7499999999999947,1669.8818323226992,1669.8818323226992,44.984522096391515,16.8089784702885,overtaking,T1,True
overtaking,3.7999999999999945,1664.7760066035755,1664.7760066035755,44.9244595007687,16.8089784702885,overtaking,T1,True
overtaking,3.8499999999999943,1659.6845787756342,1659.6845787756342,44.86447479366042,16.8089784702885,overtaking,T1,True
overtaking,3.899999999999994,1654.6075367079652,1654.6075367079652,44.80456817430193,16.8089784702885,overtaking,T1,True
overtaking,3.949999999999994,1649.5448680688341,1649.5448680688341,44.74473984298575,16.8089784702885,overtaking,T1,True
overtaking,3.999999999999994,1644.496560355612,1644.496560355612,44.684990000986744,16.8089784702885,overtaking,T1,True
overtaking,4.049999999999994,1639.4626009192202,1639.4626009192202,44.62531885050038,16.8089784702885,overtaking,T1,True
overtaking,4.099999999999993,1634.442976984082,1634.442976984082,44.56572659459183,16.8089784702885,overtaking,T1,True
overtaking,4.149999999999993,1629.437675664387,1629.437675664387,44.506213437154024,16.8089784702885,overtaking,T1,True
overtaking,4.199999999999993,1624.446683977359,1624.446683977359,44.44677958287307,16.8089784702885,overtaking,T1,True
overtaking,4.249999999999993,1619.4699888540563,1619.4699888540563,44.38742523719986,16.8089784702885,overtaking,T1,True
overtaking,4.299999999999993,1614.5075771481606,1614.5075771481606,44.32815060632658,16.8089784702885,overtaking,T1,True
overtaking,4.3499999999999925,1609.5594356431252,1609.5594356431252,44.26895589716749,16.8089784702885,overtaking,T1,True
overtaking,4.399999999999992,1604.6255510579692,1604.6255510579692,44.20984131734297,16.8089784702885,overtaking,T1,True
overtaking,4.449999999999992,1599.7059100519878,1599.7059100519878,44.1508070751666,16.8089784702885,overtaking,T1,True
overtaking,4.499999999999992,1594.8004992285498,1594.8004992285498,44.09185337963431,16.8089784702885,overtaking,T1,True
overtaking,4.549999999999992,1589.9093051381724,1589.9093051381724,44.03298044041566,16.8089784702885,overtaking,T1,True
overtaking,4.599999999999992,1585.0323142809902,1585.0323142809902,43.97418846784656,16.8089784702885,overtaking,T1,True
overtaking,4.6499999999999915,1580.169513108743,1580.169513108743,43.91547767292332,16.8089784702885,overtaking,T1,True
overtaking,4.699999999999991,1575.3208880263535,1575.3208880263535,43.856848267297785,16.8089784702885,overtaking,T1,True
overtaking,4.749999999999991,1570.4864253931898,1570.4864253931898,43.798300463273286,16.8089784702885,overtaking,T1,True
overtaking,4.799999999999991,1565.6661115240556,1565.6661115240556,43.73983447380138,16.8089784702885,overtaking,T1,True
overtaking,4.849999999999991,1560.8599326899675,1560.8599326899675,43.68145051247915,16.8089784702885,overtaking,T1,True
overtaking,4.899999999999991,1556.06787511875,1556.06787511875,43.623148793546925,16.8089784702885,overtaking,T1,True
overtaking,4.94999999999999,1551.2899249954914,1551.2899249954914,43.564929531886484,16.8089784702885,overtaking,T1,True
overtaking,4.99999999999999,1546.5260684628824,1546.5260684628824,43.506792943019526,16.8089784702885,overtaking,T1,True
overtaking,5.04999999999999,1541.776291621452,1541.776291621452,43.44873924310635,16.8089784702885,overtaking,T1,True
overtaking,5.09999999999999,1537.0405805297346,1537.0405805297346,43.39076864894489,16.8089784702885,overtaking,T1,True
overtaking,5.14999999999999,1532.3189212043667,1532.3189212043667,43.33288137796972,16.8089784702885,overtaking,T1,True
overtaking,5.1999999999999895,1527.6112996201364,1527.6112996201364,43.275077648251354,16.8089784702885,overtaking,T1,True
overtaking,5.249999999999989,1522.9177017099878,1522.9177017099878,43.21735767849558,16.8089784702885,overtaking,T1,True
overtaking,5.299999999999989,1518.2381133649928,1518.2381133649928,43.15972168804285,16.8089784702885,overtaking,T1,True
overtaking,5.349999999999989,1513.5725204342943,1513.5725204342943,43.10216989686774,16.8089784702885,overtaking,T1,True
overtaking,5.399999999999989,1508.9209087250317,1508.9209087250317,43.04470252557856,16.8089784702885,overtaking,T1,True
overtaking,5.449999999999989,1504.2832640022389,1504.2832640022389,42.9873197954168,16.8089784702885,overtaking,T1,True
overtaking,5.4999999999999885,1499.6595719887373,1499.6595719887373,42.93002192825679,16.8089784702885,overtaking,T1,True
overtaking,5.549999999999988,1495.0498183650125,1495.0498183650125,42.87280914660522,16.8089784702885,overtaking,T1,True
overtaking,5.599999999999988,1490.4539887690805,1490.4539887690805,42.81568167360075,16.8089784702885,overtaking,T1,True
overtaking,5.649999999999988,1485.872068796351,1485.872068796351,42.7586397330136,16.8089784702885,overtaking,T1,True
overtaking,5.699999999999988,1481.3040439994786,1481.3040439994786,42.70168354924509,16.8089784702885,overtaking,T1,True
overtaking,5.749999999999988,1476.749899888218,1476.749899888218,42.644813347327236,16.8089784702885,overtaking,T1,True
overtaking,5.799999999999987,1472.2096219292657,1472.2096219292657,42.588029352922284,16.8089784702885,overtaking,T1,True
overtaking,5.849999999999987,1467.683195546105,1467.683195546105,42.53133179232216,16.8089784702885,overtaking,T1,True
overtaking,5.899999999999987,1463.1706061188493,1463.1706061188493,42.47472089244808,16.8089784702885,overtaking,T1,True
overtaking,5.949999999999987,1458.6718389840835,1458.6718389840835,42.418196880849955,16.8089784702885,overtaking,T1,True
overtaking,5.999999999999987,1454.1868794347006,1454.1868794347006,42.36175998570581,16.8089784702885,overtaking,T1,True
overtaking,6.0499999999999865,1449.7157127197436,1449.7157127197436,42.30541043582125,16.8089784702885,overtaking,T1,True
overtaking,6.099999999999986,1445.2583240442405,1445.2583240442405,42.24914846062881,16.8089784702885,overtaking,T1,True
overtaking,6.149999999999986,1440.8146985690469,1440.8146985690469,42.19297429018729,16.8089784702885,overtaking,T1,True
overtaking,6.199999999999986,1436.384821410687,1436.384821410687,42.13688815518112,16.8089784702885,overtaking,T1,True
overtaking,6.249999999999986,1431.9686776411866,1431.9686776411866,42.08089028691959,16.8089784702885,overtaking,T1,True
overtaking,6.299999999999986,1427.566252287921,1427.566252287921,42.02498091733611,16.8089784702885,overtaking,T1,True
overtaking,6.349999999999985,1423.1775303334507,1423.1775303334507,41.969160278987424,16.8089784702885,overtaking,T1,True
overtaking,6.399999999999985,1418.802496715367,1418.802496715367,41.91342860505278,16.8089784702885,overtaking,T1,True
overtaking,6.449999999999985,1414.441136326135,1414.441136326135,41.85778612933304,16.8089784702885,overtaking,T1,True
overtaking,6.499999999999985,1410.0934340129363,1410.0934340129363,41.80223308624982,16.8089784702885,overtaking,T1,True
overtaking,6.549999999999985,1405.7593745775155,1405.7593745775155,41.746769710844475,16.8089784702885,overtaking,T1,True
overtaking,6.5999999999999845,1401.4389427760289,1401.4389427760289,41.69139623877719,16.8089784702885,overtaking,T1,True
overtaking,6.649999999999984,1397.1321233188892,1397.1321233188892,41.63611290632586,16.8089784702885,overtaking,T1,True
overtaking,6.699999999999984,1392.8389008706185,1392.8389008706185,41.580919950385145,16.8089784702885,overtaking,T1,True
overtaking,6.749999999999984,1388.5592600496984,1388.5592600496984,41.525817608465225,16.8089784702885,overtaking,T1,True
overtaking,6.799999999999984,1384.2931854284225,1384.2931854284225,41.47080611869075,16.8089784702885,overtaking,T1,True
overtaking,6.849999999999984,1380.040661532751,1380.040661532751,41.41588571979961,16.8089784702885,overtaking,T1,True
overtaking,6.8999999999999835,1375.8016728421674,1375.8016728421674,41.361056651141666,16.8089784702885,overtaking,T1,True
overtaking,6.949999999999983,1371.5762037895333,1371.5762037895333,41.30631915267751,16.8089784702885,overtaking,T1,True
overtaking,6.999999999999983,1367.3642387609516,1367.3642387609516,41.25167346497711,16.8089784702885,overtaking,T1,True
overtaking,7.049999999999983,1363.1657620956253,1363.1657620956253,41.197119829218465,16.8089784702885,overtaking,T1,True
overtaking,7.099999999999983,1358.980758085722,1358.980758085722,41.14265848718616,16.8089784702885,overtaking,T1,True
overtaking,7.149999999999983,1354.8092109762385,1354.8092109762385,41.088289681269934,16.8089784702885,overtaking,T1,True
overtaking,7.199999999999982,1350.6511049648648,1350.6511049648648,41.03401365446312,16.8089784702885,overtaking,T1,True
overtaking,7.249999999999982,1346.5064242018566,1346.5064242018566,40.97983065036113,16.8089784702885,overtaking,T1,True
overtaking,7.299999999999982,1342.3751527899049,1342.3751527899049,40.92574091315985,16.8089784702885,overtaking,T1,True
overtaking,7.349999999999982,1338.2572747840081,1338.2572747840081,40.87174468765396,16.8089784702885,overtaking,T1,True
overtaking,7.399999999999982,1334.1527741913476,1334.1527741913476,40.81784221923526,16.8089784702885,overtaking,T1,True
overtaking,7.4499999999999815,1330.0616349711631,1330.0616349711631,40.7640337538909,16.8089784702885,overtaking,T1,True
overtaking,7.499999999999981,1325.9838410346356,1325.9838410346356,40.7103195382016,16.8089784702885,overtaking,T1,True
overtaking,7.549999999999981,1321.919376244765,1321.919376244765,40.6566998193398,16.8089784702885,overtaking,T1,True
overtaking,7.599999999999981,1317.8682244162537,1317.8682244162537,40.603174845067706,16.8089784702885,overtaking,T1,True
overtaking,7.649999999999981,1313.8303693153966,1313.8303693153966,40.549744863735434,16.8089784702885,overtaking,T1,True
overtaking,7.699999999999981,1309.8057946599658,1309.8057946599658,40.49641012427894,16.8089784702885,overtaking,T1,True
overtaking,7.7499999999999805,1305.7944841191024,1305.7944841191024,40.44317087621798,16.8089784702885,overtaking,T1,True
overtaking,7.79999999999998,1301.79642131321,1301.79642131321,40.390027369654014,16.8089784702885,overtaking,T1,True
overtaking,7.84999999999998,1297.8115898138499,1297.8115898138499,40.33697985526804,16.8089784702885,overtaking,T1,True
overtaking,7.89999999999998,1293.8399731436389,1293.8399731436389,40.284028584318364,16.8089784702885,overtaking,T1,True
overtaking,7.94999999999998,1289.881554776152,1289.881554776152,40.23117380863838,16.8089784702885,overtaking,T1,True
overtaking,7.99999999999998,1285.9363181358235,1285.9363181358235,40.1784157806342,16.8089784702885,overtaking,T1,True
overtaking,8.04999999999998,1282.004246597854,1282.004246597854,40.12575475328228,16.8089784702885,overtaking,T1,True
overtaking,8.09999999999998,1278.0853234881204,1278.0853234881204,40.07319098012703,16.8089784702885,overtaking,T1,True
overtaking,8.14999999999998,1274.1795320830843,1274.1795320830845,40.02072471527828,16.8089784702885,overtaking,T1,True
overtaking,8.199999999999982,1270.2868556097112,1270.2868556097112,39.96835621340876,16.8089784702885,overtaking,T1,True
overtaking,8.249999999999982,1266.4072772453828,1266.4072772453828,39.916085729751494,16.8089784702885,overtaking,T1,True
overtaking,8.299999999999983,1262.5407801178198,1262.5407801178198,39.86391352009712,16.8089784702885,overtaking,T1,True
overtaking,8.349999999999984,1258.6873473050052,1258.6873473050052,39.81183984079121,16.8089784702885,overtaking,T1,True
overtaking,8.399999999999984,1254.8469618351103,1254.8469618351103,39.759864948731455,16.8089784702885,overtaking,T1,True
overtaking,8.449999999999985,1251.019606686422,1251.019606686422,39.70798910136486,16.8089784702885,overtaking,T1,True
overtaking,8.499999999999986,1247.2052647872777,1247.2052647872777,39.656212556684814,16.8089784702885,overtaking,T1,True
overtaking,8.549999999999986,1243.4039190160004,1243.4039190160004,39.6045355732282,16.8089784702885,overtaking,T1,True
overtaking,8.599999999999987,1239.6155522008346,1239.6155522008346,39.55295841007227,16.8089784702885,overtaking,T1,True
overtaking,8.649999999999988,1235.8401471198915,1235.8401471198913,39.50148132683167,16.8089784702885,overtaking,T1,True
overtaking,8.699999999999989,1232.077686501093,1232.077686501093,39.45010458365527,16.8089784702885,overtaking,T1,True
overtaking,8.74999999999999,1228.3281530221213,1228.3281530221213,39.398828441222925,16.8089784702885,overtaking,T1,True
overtaking,8.79999999999999,1224.591529310368,1224.591529310368,39.347653160742254,16.8089784702885,overtaking,T1,True
overtaking,8.84999999999999,1220.8677979428921,1220.8677979428921,39.296579003945276,16.8089784702885,overtaking,T1,True
overtaking,8.899999999999991,1217.1569414463793,1217.1569414463793,39.24560623308506,16.8089784702885,overtaking,T1,True
overtaking,8.949999999999992,1213.4589422971023,1213.4589422971023,39.19473511093225,16.8089784702885,overtaking,T1,True
overtaking,8.999999999999993,1209.7737829208893,1209.7737829208893,39.143965900771505,16.8089784702885,overtaking,T1,True
overtaking,9.049999999999994,1206.101445693092,1206.101445693092,39.09329886639797,16.8089784702885,overtaking,T1,True
overtaking,9.099999999999994,1202.4419129385594,1202.4419129385594,39.0427342721136,16.8089784702885,overtaking,T1,True
overtaking,9.149999999999995,1198.795166931616,1198.795166931616,38.99227238272341,16.8089784702885,overtaking,T1,True
overtaking,9.199999999999996,1195.1611898960432,1195.1611898960432,38.94191346353176,16.8089784702885,overtaking,T1,True
overtaking,9.249999999999996,1191.5399640050625,1191.5399640050625,38.891657780338434,16.8089784702885,overtaking,T1,True
overtaking,9.299999999999997,1187.9314713813258,1187.9314713813258,38.84150559943474,16.8089784702885,overtaking,T1,True
overtaking,9.349999999999998,1184.3356940969077,1184.3356940969077,38.791457187599526,16.8089784702885,overtaking,T1,True
overtaking,9.399999999999999,1180.7526141733024,1180.7526141733024,38.74151281209511,16.8089784702885,overtaking,T1,True
overtaking,9.45,1177.182213581425,1177.182213581425,38.69167274066315,16.8089784702885,overtaking,T1,True
overtaking,9.5,1173.6244742416166,1173.6244742416166,38.64193724152047,16.8089784702885,overtaking,T1,True
overtaking,9.55,1170.079378023654,1170.079378023654,38.592306583354755,16.8089784702885,overtaking,T1,True
overtaking,9.600000000000001,1166.5469067467616,1166.5469067467616,38.54278103532021,16.8089784702885,overtaking,T1,True
overtaking,9.650000000000002,1163.027042179632,1163.027042179632,38.49336086703319,16.8089784702885,overtaking,T1,True
overtaking,9.700000000000003,1159.519766040444,1159.519766040444,38.444046348567646,16.8089784702885,overtaking,T1,True
overtaking,9.750000000000004,1156.0250599968938,1156.0250599968938,38.39483775045063,16.8089784702885,overtaking,T1,True
overtaking,9.800000000000004,1152.5429056662229,1152.5429056662229,38.34573534365761,16.8089784702885,overtaking,T1,True
overtaking,9.850000000000005,1149.0732846152553,1149.0732846152553,38.29673939960783,16.8089784702885,overtaking,T1,True
overtaking,9.900000000000006,1145.6161783604368,1145.6161783604368,38.24785019015946,16.8089784702885,overtaking,T1,True
overtaking,9.950000000000006,1142.1715683678806,1142.1715683678806,38.199067987604806,16.8089784702885,overtaking,T1,True
overtaking,10.000000000000007,1138.739436053415,1138.739436053415,38.15039306466531,16.8089784702885,overtaking,T1,True
overtaking,10.050000000000008,1135.319762782639,1135.319762782639,38.101825694486614,16.8089784702885,overtaking,T1,True
overtaking,10.100000000000009,1131.91252987098,1131.91252987098,38.05336615063342,16.8089784702885,overtaking,T1,True
overtaking,10.15000000000001,1128.5177185837606,1128.5177185837606,38.005014707084406,16.8089784702885,overtaking,T1,True
overtaking,10.20000000000001,1125.1353101362613,1125.1353101362613,37.95677163822688,16.8089784702885,overtaking,T1,True
overtaking,10.25000000000001,1121.7652856938,1121.7652856938,37.90863721885159,16.8089784702885,overtaking,T1,True
overtaking,10.300000000000011,1118.4076263718075,1118.4076263718075,37.860611724147226,16.8089784702885,overtaking,T1,True
overtaking,10.350000000000012,1115.0623132359121,1115.0623132359121,37.81269542969505,16.8089784702885,overtaking,T1,True
overtaking,10.400000000000013,1111.7293273020264,1111.7293273020264,37.76488861146324,16.8089784702885,overtaking,T1,True
overtaking,10.450000000000014,1108.4086495364434,1108.4086495364434,37.717191545801356,16.8089784702885,overtaking,T1,True
overtaking,10.500000000000014,1105.1002608559347,1105.1002608559347,37.66960450943458,16.8089784702885,overtaking,T1,True
overtaking,10.550000000000015,1101.8041421278547,1101.8041421278547,37.62212777945795,16.8089784702885,overtaking,T1,True
overtaking,10.600000000000016,1098.52027417025,1098.52027417025,37.57476163333046,16.8089784702885,overtaking,T1,True
overtaking,10.650000000000016,1095.2486377519747,1095.2486377519747,37.527506348869146,16.8089784702885,overtaking,T1,True
overtaking,10.700000000000017,1091.9892135928098,1091.9892135928098,37.480362204243036,16.8089784702885,overtaking,T1,True
overtaking,10.750000000000018,1088.7419823635898,1088.7419823635898,37.43332947796701,16.8089784702885,overtaking,T1,True
overtaking,10.800000000000018,1085.5069246863347,1085.5069246863347,37.38640844889565,16.8089784702885,overtaking,T1,True
overtaking,10.85000000000002,1082.2840211343855,1082.2840211343855,37.33959939621693,16.8089784702885,overtaking,T1,True
overtaking,10.90000000000002,1079.0732522325484,1079.0732522325484,37.29290259944587,16.8089784702885,overtaking,T1,True
overtaking,10.95000000000002,1075.8745984572402,1075.8745984572402,37.24631833841803,16.8089784702885,overtaking,T1,True
overtaking,11.000000000000021,1072.6880402366446,1072.6880402366446,37.199846893283045,16.8089784702885,overtaking,T1,True
overtaking,11.050000000000022,1069.5135579508724,1069.5135579508724,37.153488544498,16.8089784702885,overtaking,T1,True
overtaking,11.100000000000023,1066.3511319321246,1066.3511319321246,37.10724357282068,16.8089784702885,overtaking,T1,True
overtaking,11.150000000000023,1063.2007424648655,1063.2007424648655,37.06111225930282,16.8089784702885,overtaking,T1,True
overtaking,11.200000000000024,1060.062369786,1060.062369786,37.01509488528321,16.8089784702885,overtaking,T1,True
overtaking,11.250000000000025,1056.9359940850568,1056.9359940850568,36.969191732380764,16.8089784702885,overtaking,T1,True
overtaking,11.300000000000026,1053.8215955043765,1053.8215955043765,36.92340308248743,16.8089784702885,overtaking,T1,True
overtaking,11.350000000000026,1050.719154139309,1050.719154139309,36.87772921776108,16.8089784702885,overtaking,T1,True
overtaking,11.400000000000027,1047.6286500384122,1047.6286500384122,36.83217042061826,16.8089784702885,overtaking,T1,True
overtaking,11.450000000000028,1044.5500632036644,1044.5500632036644,36.78672697372694,16.8089784702885,overtaking,T1,True
overtaking,11.500000000000028,1041.4833735906739,1041.4833735906739,36.74139915999904,16.8089784702885,overtaking,T1,True
overtaking,11.55000000000003,1038.428561108901,1038.428561108901,36.696187262582995,16.8089784702885,overtaking,T1,True
overtaking,11.60000000000003,1035.385605621885,1035.385605621885,36.651091564856166,16.8089784702885,overtaking,T1,True
overtaking,11.65000000000003,1032.3544869474754,1032.3544869474754,36.606112350417135,16.8089784702885,overtaking,T1,True
overtaking,11.700000000000031,1029.3351848580728,1029.3351848580728,36.56124990307801,16.8089784702885,overtaking,T1,True
overtaking,11.750000000000032,1026.3276790808748,1026.3276790808748,36.51650450685654,16.8089784702885,overtaking,T1,True
overtaking,11.800000000000033,1023.3319492981274,1023.3319492981274,36.47187644596819,16.8089784702885,overtaking,T1,True
overtaking,11.850000000000033,1020.3479751473835,1020.3479751473835,36.42736600481811,16.8089784702885,overtaking,T1,True
overtaking,11.900000000000034,1017.3757362217705,1017.3757362217705,36.38297346799303,16.8089784702885,overtaking,T1,True
overtaking,11.950000000000035,1014.41521207026,1014.41521207026,36.33869912025304,16.8089784702885,overtaking,T1,True
overtaking,12.000000000000036,1011.4663821979482,1011.4663821979482,36.29454324652328,16.8089784702885,overtaking,T1,True
overtaking,12.050000000000036,1008.5292260663405,1008.5292260663405,36.25050613188558,16.8089784702885,overtaking,T1,True
overtaking,12.100000000000037,1005.6037230936445,1005.6037230936445,36.20658806156994,16.8089784702885,overtaking,T1,True
overtaking,12.150000000000038,1002.689852655069,1002.689852655069,36.16278932094599,16.8089784702885,overtaking,T1,True
overtaking,12.200000000000038,999.7875940831295,999.7875940831295,36.11911019551429,16.8089784702885,overtaking,T1,True
overtaking,12.250000000000039,996.8969266679605,996.8969266679605,36.07555097089757,16.8089784702885,overtaking,T1,True
overtaking,12.30000000000004,994.0178296576387,994.0178296576387,36.03211193283192,16.8089784702885,overtaking,T1,True
overtaking,12.35000000000004,991.1502822585055,991.1502822585055,35.988793367157804,16.8089784702885,overtaking,T1,True
overtaking,12.400000000000041,988.2942636355031,988.2942636355031,35.945595559811004,16.8089784702885,overtaking,T1,True
overtaking,12.450000000000042,985.4497529125144,985.4497529125144,35.902518796813546,16.8089784702885,overtaking,T1,True
overtaking,12.500000000000043,982.6167291727119,982.6167291727119,35.85956336426439,16.8089784702885,overtaking,T1,True
overtaking,12.550000000000043,979.7951714589149,979.7951714589149,35.81672954833023,16.8089784702885,overtaking,T1,True
overtaking,12.600000000000044,976.9850587739461,976.9850587739461,35.77401763523595,16.8089784702885,overtaking,T1,True
overtaking,12.650000000000045,974.1863700810064,974.1863700810064,35.73142791125519,16.8089784702885,overtaking,T1,True
overtaking,12.700000000000045,971.399084304049,971.399084304049,35.68896066270073,16.8089784702885,overtaking,T1,True
overtaking,12.750000000000046,968.6231803281639,968.6231803281639,35.64661617591478,16.8089784702885,overtaking,T1,True
overtaking,12.800000000000047,965.8586369999705,965.8586369999705,35.604394737259206,16.8089784702885,overtaking,T1,True
overtaking,12.850000000000048,963.105433128014,963.105433128014,35.56229663310563,16.8089784702885,overtaking,T1,True
overtaking,12.900000000000048,960.3635474831749,960.3635474831749,35.52032214982548,16.8089784702885,overtaking,T1,True
overtaking,12.950000000000049,957.6329587990776,957.6329587990776,35.478471573779856,16.8089784702885,overtaking,T1,True
overtaking,13.00000000000005,954.9136457725165,954.9136457725165,35.43674519130943,16.8089784702885,overtaking,T1,True
overtaking,13.05000000000005,952.2055870638798,952.2055870638798,35.39514328872411,16.8089784702885,overtaking,T1,True
overtaking,13.100000000000051,949.5087612975881,949.5087612975881,35.35366615229274,16.8089784702885,overtaking,T1,True
overtaking,13.150000000000052,946.8231470625389,946.8231470625389,35.312314068232645,16.8089784702885,overtaking,T1,True
overtaking,13.200000000000053,944.1487229125527,944.1487229125527,35.27108732269902,16.8089784702885,overtaking,T1,True
overtaking,13.250000000000053,941.4854673668369,941.4854673668369,35.22998620177436,16.8089784702885,overtaking,T1,True
overtaking,13.300000000000054,938.8333589104491,938.8333589104491,35.18901099145768,16.8089784702885,overtaking,T1,True
overtaking,13.350000000000055,936.1923759947705,936.1923759947705,35.14816197765371,16.8089784702885,overtaking,T1,True
overtaking,13.400000000000055,933.5624970379888,933.5624970379888,35.107439446161926,16.8089784702885,overtaking,T1,True
overtaking,13.450000000000056,930.9437004255864,930.9437004255864,35.06684368266558,16.8089784702885,overtaking,T1,True
overtaking,13.500000000000057,928.3359645108374,928.3359645108374,35.026374972720554,16.8089784702885,overtaking,T1,True
overtaking,13.550000000000058,925.7392676153113,925.7392676153113,34.98603360174415,16.8089784702885,overtaking,T1,True
overtaking,13.600000000000058,923.1535880293859,923.1535880293859,34.9458198550038,16.8089784702885,overtaking,T1,True
overtaking,13.650000000000059,920.5789040127677,920.5789040127677,34.90573401760565,16.8089784702885,overtaking,T1,True
overtaking,13.70000000000006,918.0151937950172,918.0151937950172,34.86577637448309,16.8089784702885,overtaking,T1,True
overtaking,13.75000000000006,915.4624355760881,915.4624355760881,34.82594721038515,16.8089784702885,overtaking,T1,True
overtaking,13.800000000000061,912.9206075268669,912.9206075268669,34.786246809864835,16.8089784702885,overtaking,T1,True
overtaking,13.850000000000062,910.3896877897255,910.3896877897255,34.74667545726733,16.8089784702885,overtaking,T1,True
overtaking,13.900000000000063,907.8696544790805,907.8696544790806,34.70723343671816,16.8089784702885,overtaking,T1,True
overtaking,13.950000000000063,905.3604856819591,905.3604856819591,34.66792103211123,16.8089784702885,overtaking,T1,True
overtaking,14.000000000000064,902.8621594585729,902.8621594585729,34.62873852709676,16.8089784702885,overtaking,T1,True
overtaking,14.050000000000065,900.3746538429025,900.3746538429025,34.58968620506914,16.8089784702885,overtaking,T1,True
overtaking,14.100000000000065,897.8979468432847,897.8979468432847,34.55076434915471,16.8089784702885,overtaking,T1,True
overtaking,14.150000000000066,895.4320164430127,895.4320164430127,34.51197324219943,16.8089784702885,overtaking,T1,True
overtaking,14.200000000000067,892.9768406009409,892.9768406009409,34.473313166756455,16.8089784702885,overtaking,T1,True
overtaking,14.250000000000068,890.5323972520998,890.5323972520998,34.434784405073636,16.8089784702885,overtaking,T1,True
overtaking,14.300000000000068,888.098664308315,888.098664308315,34.396387239080894,16.8089784702885,overtaking,T1,True
overtaking,14.350000000000069,885.6756196588403,885.6756196588403,34.35812195037758,16.8089784702885,overtaking,T1,True
overtaking,14.40000000000007,883.2632411709919,883.2632411709919,34.31998882021964,16.8089784702885,overtaking,T1,True
overtaking,14.45000000000007,880.8615066907947,880.8615066907947,34.28198812950679,16.8089784702885,overtaking,T1,True
overtaking,14.500000000000071,878.4703940436361,878.4703940436361,34.24412015876953,16.8089784702885,overtaking,T1,True
overtaking,14.550000000000072,876.0898810349252,876.0898810349252,34.206385188156126,16.8089784702885,overtaking,T1,True
overtaking,14.600000000000072,873.7199454507625,873.7199454507625,34.16878349741942,16.8089784702885,overtaking,T1,True
overtaking,14.650000000000073,871.360565058616,871.360565058616,34.131315365903674,16.8089784702885,overtaking,T1,True
overtaking,14.700000000000074,869.0117176080058,869.0117176080058,34.09398107253121,16.8089784702885,overtaking,T1,True
overtaking,14.750000000000075,866.6733808311969,866.6733808311969,34.05678089578906,16.8089784702885,overtaking,T1,True
overtaking,14.800000000000075,864.3455324438974,864.3455324438974,34.01971511371544,16.8089784702885,overtaking,T1,True
overtaking,14.850000000000076,862.0281501459676,862.0281501459676,33.982784003886216,16.8089784702885,overtaking,T1,True
overtaking,14.900000000000077,859.7212116221353,859.7212116221353,33.945987843401234,16.8089784702885,overtaking,T1,True
overtaking,14.950000000000077,857.4246945427183,857.4246945427183,33.909326908870575,16.8089784702885,overtaking,T1,True
overtaking,15.000000000000078,855.1385765643563,855.1385765643563,33.87280147640077,16.8089784702885,overtaking,T1,True
overtaking,15.050000000000079,852.8628353307491,852.8628353307491,33.83641182158087,16.8089784702885,overtaking,T1,True
overtaking,15.10000000000008,850.5974484734033,850.5974484734033,33.80015821946847,16.8089784702885,overtaking,T1,True
overtaking,15.15000000000008,848.3423936123854,848.3423936123854,33.76404094457565,16.8089784702885,overtaking,T1,True
overtaking,15.200000000000081,846.0976483570844,846.0976483570844,33.728060270854805,16.8089784702885,overtaking,T1,True
overtaking,15.250000000000082,843.8631903069811,843.8631903069811,33.69221647168447,16.8089784702885,overtaking,T1,True
overtaking,15.300000000000082,841.6389970524242,841.6389970524242,33.656509819854925,16.8089784702885,overtaking,T1,True
overtaking,15.350000000000083,839.4250461754152,839.4250461754152,33.62094058755392,16.8089784702885,overtaking,T1,True
overtaking,15.400000000000084,837.2213152504007,837.2213152504007,33.58550904635212,16.8089784702885,overtaking,T1,True
overtaking,15.450000000000085,835.0277818450713,835.0277818450713,33.55021546718865,16.8089784702885,overtaking,T1,True
overtaking,15.500000000000085,832.8444235211676,832.8444235211676,33.51506012035638,16.8089784702885,overtaking,T1,True
overtaking,15.550000000000086,830.6712178352968,830.6712178352968,33.48004327548735,16.8089784702885,overtaking,T1,True
overtaking,15.600000000000087,828.5081423397526,828.5081423397526,33.4451652015379,16.8089784702885,overtaking,T1,True
overtaking,15.650000000000087,826.3551745833445,826.3551745833445,33.41042616677393,16.8089784702885,overtaking,T1,True
overtaking,15.700000000000088,824.2122921122345,824.2122921122345,33.37582643875592,16.8089784702885,overtaking,T1,True
overtaking,15.750000000000089,822.07947247078,822.07947247078,33.341366284323975,16.8089784702885,overtaking,T1,True
overtaking,15.80000000000009,819.9566932023852,819.9566932023852,33.30704596958278,16.8089784702885,overtaking,T1,True
overtaking,15.85000000000009,817.8439318503592,817.8439318503592,33.272865759886486,16.8089784702885,overtaking,T1,True
overtaking,15.900000000000091,815.7411659587801,815.7411659587801,33.2388259198235,16.8089784702885,overtaking,T1,True
overtaking,15.950000000000092,813.6483730733682,813.6483730733682,33.20492671320124,16.8089784702885,overtaking,T1,True
overtaking,16.000000000000092,811.5655307423636,811.5655307423636,33.171168403030826,16.8089784702885,overtaking,T1,True
overtaking,16.050000000000093,809.4926165174136,809.4926165174136,33.13755125151169,16.8089784702885,overtaking,T1,True
overtaking,16.100000000000094,807.4296079544656,807.4296079544656,33.10407552001612,16.8089784702885,overtaking,T1,True
overtaking,16.150000000000095,805.3764826146657,805.3764826146657,33.07074146907374,16.8089784702885,overtaking,T1,True
overtaking,16.200000000000095,803.3332180652667,803.3332180652667,33.037549358355946,16.8089784702885,overtaking,T1,True
overtaking,16.250000000000096,801.29979188054,801.29979188054,33.00449944666029,16.8089784702885,overtaking,T1,True
overtaking,16.300000000000097,799.2761816426962,799.2761816426962,32.971591991894755,16.8089784702885,overtaking,T1,True
overtaking,16.350000000000097,797.262364942812,797.262364942812,32.93882725106202,16.8089784702885,overtaking,T1,True
overtaking,16.400000000000098,795.2583193817628,795.2583193817628,32.906205480243656,16.8089784702885,overtaking,T1,True
overtaking,16.4500000000001,793.2640225711604,793.2640225711604,32.87372693458425,16.8089784702885,overtaking,T1,True
overtaking,16.5000000000001,791.2794521343028,791.2794521343028,32.84139186827549,16.8089784702885,overtaking,T1,True
overtaking,16.5500000000001,789.3045857071227,789.3045857071227,32.809200534540224,16.8089784702885,overtaking,T1,True
overtaking,16.6000000000001,787.339400939147,787.339400939147,32.777153185616406,16.8089784702885,overtaking,T1,True
overtaking,16.6500000000001,785.3838754944622,785.3838754944622,32.74525007274102,16.8089784702885,overtaking,T1,True
overtaking,16.700000000000102,783.4379870526832,783.4379870526832,32.713491446134014,16.8089784702885,overtaking,T1,True
overtaking,16.750000000000103,781.501713309932,781.501713309932,32.681877554982066,16.8089784702885,overtaking,T1,True
overtaking,16.800000000000104,779.575031979818,779.575031979818,32.65040864742242,16.8089784702885,overtaking,T1,True
overtaking,16.850000000000104,777.6579207944264,777.6579207944264,32.61908497052659,16.8089784702885,overtaking,T1,True
overtaking,16.900000000000105,775.7503575053147,775.7503575053147,32.58790677028413,16.8089784702885,overtaking,T1,True
overtaking,16.950000000000106,773.85231988451,773.85231988451,32.55687429158621,16.8089784702885,overtaking,T1,True
overtaking,17.000000000000107,771.9637857255132,771.9637857255132,32.52598777820929,16.8089784702885,overtaking,T1,True
overtaking,17.050000000000107,770.0847328443132,770.0847328443132,32.495247472798695,16.8089784702885,overtaking,T1,True
overtaking,17.100000000000108,768.2151390803992,768.2151390803992,32.464653616852154,16.8089784702885,overtaking,T1,True
overtaking,17.15000000000011,766.3549822977849,766.3549822977849,32.434206450703314,16.8089784702885,overtaking,T1,True
overtaking,17.20000000000011,764.5042403860316,764.5042403860316,32.40390621350521,16.8089784702885,overtaking,T1,True
overtaking,17.25000000000011,762.6628912612825,762.6628912612825,32.373753143213726,16.8089784702885,overtaking,T1,True
overtaking,17.30000000000011,760.8309128672993,760.8309128672993,32.34374747657102,16.8089784702885,overtaking,T1,True
overtaking,17.35000000000011,759.0082831765001,759.0082831765001,32.31388944908888,16.8089784702885,overtaking,T1,True
overtaking,17.400000000000112,757.1949801910082,757.1949801910082,32.28417929503211,16.8089784702885,overtaking,T1,True
overtaking,17.450000000000113,755.3909819437026,755.3909819437026,32.254617247401875,16.8089784702885,overtaking,T1,True
overtaking,17.500000000000114,753.5962664992721,753.5962664992721,32.22520353791899,16.8089784702885,overtaking,T1,True
overtaking,17.550000000000114,751.8108119552751,751.8108119552751,32.19593839700725,16.8089784702885,overtaking,T1,True
overtaking,17.600000000000115,750.0345964432039,750.0345964432039,32.16682205377665,16.8089784702885,overtaking,T1,True
overtaking,17.650000000000116,748.2675981295527,748.2675981295527,32.13785473600671,16.8089784702885,overtaking,T1,True
overtaking,17.700000000000117,746.5097952168876,746.5097952168876,32.10903667012965,16.8089784702885,overtaking,T1,True
overtaking,17.750000000000117,744.761165944927,744.761165944927,32.08036808121368,16.8089784702885,overtaking,T1,True
overtaking,17.800000000000118,743.0216885916161,743.0216885916161,32.05184919294615,16.8089784702885,overtaking,T1,True
overtaking,17.85000000000012,741.2913414742145,741.2913414742145,32.02348022761682,16.8089784702885,overtaking,T1,True
overtaking,17.90000000000012,739.5701029503803,739.5701029503803,31.995261406101005,16.8089784702885,overtaking,T1,True
overtaking,17.95000000000012,737.8579514192631,737.8579514192631,31.967192947842804,16.8089784702885,overtaking,T1,True
overtaking,18.00000000000012,736.1548653225957,736.1548653225957,31.939275070838256,16.8089784702885,overtaking,T1,True
overtaking,18.05000000000012,734.4608231457912,734.4608231457912,31.911507991618546,16.8089784702885,overtaking,T1,True
overtaking,18.100000000000122,732.7758034190445,732.7758034190445,31.883891925233183,16.8089784702885,overtaking,T1,True
overtaking,18.150000000000123,731.0997847184328,731.0997847184328,31.856427085233193,16.8089784702885,overtaking,T1,True
overtaking,18.200000000000124,729.4327456670221,729.4327456670221,31.829113683654285,16.8089784702885,overtaking,T1,True
overtaking,18.250000000000124,727.7746649359756,727.7746649359756,31.801951931000076,16.8089784702885,overtaking,T1,True
overtaking,18.300000000000125,726.1255212456642,726.1255212456642,31.774942036225283,16.8089784702885,overtaking,T1,True
overtaking,18.350000000000126,724.4852933667781,724.4852933667781,31.748084206718932,16.8089784702885,overtaking,T1,True
overtaking,18.400000000000126,722.8539601214427,722.8539601214427,31.721378648287583,16.8089784702885,overtaking,T1,True
overtaking,18.450000000000127,721.2315003843373,721.2315003843373,31.694825565138594,16.8089784702885,overtaking,T1,True
overtaking,18.500000000000128,719.6178930838096,719.6178930838096,31.66842515986335,16.8089784702885,overtaking,T1,True
overtaking,18.55000000000013,718.0131172030008,718.0131172030008,31.642177633420545,16.8089784702885,overtaking,T1,True
overtaking,18.60000000000013,716.4171517809639,716.4171517809639,31.616083185119482,16.8089784702885,overtaking,T1,True
overtaking,18.65000000000013,714.8299759137903,714.8299759137903,31.590142012603398,16.8089784702885,overtaking,T1,True
overtaking,18.70000000000013,713.251568755732,713.251568755732,31.56435431183278,16.8089784702885,overtaking,T1,True
overtaking,18.75000000000013,711.6819095203285,711.6819095203285,31.538720277068784,16.8089784702885,overtaking,T1,True
overtaking,18.800000000000132,710.1209774815338,710.1209774815338,31.513240100856592,16.8089784702885,overtaking,T1,True
overtaking,18.850000000000133,708.5687519748426,708.5687519748426,31.487913974008865,16.8089784702885,overtaking,T1,True
overtaking,18.900000000000134,707.0252123984183,707.0252123984183,31.462742085589202,16.8089784702885,overtaking,T1,True
overtaking,18.950000000000134,705.4903382142222,705.4903382142222,31.437724622895644,16.8089784702885,overtaking,T1,True
overtaking,19.000000000000135,703.9641089491414,703.9641089491414,31.41286177144422,16.8089784702885,overtaking,T1,True
overtaking,19.050000000000136,702.4465041961173,702.4465041961173,31.388153714952523,16.8089784702885,overtaking,T1,True
overtaking,19.100000000000136,700.9375036152744,700.9375036152744,31.363600635323344,16.8089784702885,overtaking,T1,True
overtaking,19.150000000000137,699.4370869350473,699.4370869350473,31.339202712628328,16.8089784702885,overtaking,T1,True
overtaking,19.200000000000138,697.9452339533101,697.9452339533101,31.314960125091698,16.8089784702885,overtaking,T1,True
overtaking,19.25000000000014,696.4619245385011,696.4619245385011,31.290873049074033,16.8089784702885,overtaking,T1,True
overtaking,19.30000000000014,694.9871386307505,694.9871386307505,31.266941659056062,16.8089784702885,overtaking,T1,True
overtaking,19.35000000000014,693.5208562430057,693.5208562430057,31.243166127622583,16.8089784702885,overtaking,T1,True
overtaking,19.40000000000014,692.0630574621536,692.0630574621536,31.219546625446352,16.8089784702885,overtaking,T1,True
overtaking,19.45000000000014,690.6137224501442,690.6137224501442,31.1960833212721,16.8089784702885,overtaking,T1,True
overtaking,19.500000000000142,689.1728314451102,689.1728314451102,31.17277638190056,16.8089784702885,overtaking,T1,True
overtaking,19.550000000000143,687.7403647624881,687.7403647624881,31.149625972172633,16.8089784702885,overtaking,T1,True
overtaking,19.600000000000144,686.3163027961328,686.3163027961328,31.126632254953513,16.8089784702885,overtaking,T1,True
overtaking,19.650000000000144,684.9006260194341,684.9006260194341,31.103795391116986,16.8089784702885,overtaking,T1,True
overtaking,19.700000000000145,683.4933149864287,683.4933149864287,31.081115539529733,16.8089784702885,overtaking,T1,True
overtaking,19.750000000000146,682.0944330444881,682.0944330444881,31.058592857035723,16.8089784702885,overtaking,T1,True
overtaking,19.800000000000146,680.7056601203444,680.7056601203444,31.036227498440702,16.8089784702885,overtaking,T1,True
overtaking,19.850000000000147,679.3276555578223,679.3276555578223,31.01401961649674,16.8089784702885,overtaking,T1,True
overtaking,19.900000000000148,677.9604077135111,677.9604077135111,30.991969361886852,16.8089784702885,overtaking,T1,True
overtaking,19.95000000000015,676.6039049373001,676.6039049373001,30.97007688320974,16.8089784702885,overtaking,T1,True
overtaking,20.00000000000015,675.2581355723644,675.2581355723644,30.948342326964568,16.8089784702885,overtaking,T1,True
overtaking,20.05000000000015,673.9230879551537,673.9230879551537,30.926765837535875,16.8089784702885,overtaking,T1,True
overtaking,20.10000000000015,672.5987504153784,672.5987504153784,30.905347557178526,16.8089784702885,overtaking,T1,True
overtaking,20.15000000000015,671.2851112759986,671.2851112759986,30.884087626002827,16.8089784702885,overtaking,T1,True
overtaking,20.200000000000152,669.9821588532102,669.9821588532102,30.862986181959652,16.8089784702885,overtaking,T1,True
overtaking,20.250000000000153,668.6898814564329,668.6898814564329,30.84204336082574,16.8089784702885,overtaking,T1,True
overtaking,20.300000000000153,667.4082673882972,667.4082673882972,30.821259296189044,16.8089784702885,overtaking,T1,True
overtaking,20.350000000000154,666.1373049446322,666.1373049446322,30.800634119434203,16.8089784702885,overtaking,T1,True
overtaking,20.400000000000155,664.8769824144517,664.8769824144517,30.78016795972813,16.8089784702885,overtaking,T1,True
overtaking,20.450000000000156,663.6272880799422,663.6272880799422,30.759860944005656,16.8089784702885,overtaking,T1,True
overtaking,20.500000000000156,662.3882102164498,662.3882102164498,30.73971319695537,16.8089784702885,overtaking,T1,True
overtaking,20.550000000000157,661.1597370924671,661.1597370924671,30.719724841005483,16.8089784702885,overtaking,T1,True
overtaking,20.600000000000158,659.9418569696209,659.9418569696209,30.699895996309877,16.8089784702885,overtaking,T1,True
overtaking,20.65000000000016,658.7345581026573,658.7345581026573,30.68022678073419,16.8089784702885,overtaking,T1,True
overtaking,20.70000000000016,657.5378287394301,657.5378287394301,30.660717309842124,16.8089784702885,overtaking,T1,True
overtaking,20.75000000000016,656.3516571208884,656.3516571208884,30.641367696881787,16.8089784702885,overtaking,T1,True
overtaking,20.80000000000016,655.1760314810608,655.1760314810608,30.622178052772195,16.8089784702885,overtaking,T1,True
overtaking,20.85000000000016,654.010940047044,654.010940047044,30.603148486089896,16.8089784702885,overtaking,T1,True
overtaking,20.900000000000162,652.8563710389892,652.8563710389892,30.58427910305573,16.8089784702885,overtaking,T1,True
overtaking,20.950000000000163,651.7123126700887,651.7123126700887,30.565570007521714,16.8089784702885,overtaking,T1,True
overtaking,21.000000000000163,650.5787531465617,650.5787531465617,30.547021300958036,16.8089784702885,overtaking,T1,True
overtaking,21.050000000000164,649.4556806676414,649.4556806676414,30.528633082440226,16.8089784702885,overtaking,T1,True
overtaking,21.100000000000165,648.3430834255621,648.3430834255621,30.510405448636444,16.8089784702885,overtaking,T1,True
overtaking,21.150000000000166,647.2409496055441,647.2409496055441,30.492338493794904,16.8089784702885,overtaking,T1,True
overtaking,21.200000000000166,646.1492673857815,646.1492673857815,30.474432309731444,16.8089784702885,overtaking,T1,True
overtaking,21.250000000000167,645.0680249374275,645.0680249374275,30.45668698581725,16.8089784702885,overtaking,T1,True
overtaking,21.300000000000168,643.9972104245808,643.9972104245808,30.439102608966696,16.8089784702885,overtaking,T1,True
overtaking,21.35000000000017,642.936812004272,642.936812004272,30.42167926362538,16.8089784702885,overtaking,T1,True
overtaking,21.40000000000017,641.8868178264499,641.8868178264499,30.404417031758268,16.8089784702885,overtaking,T1,True
overtaking,21.45000000000017,640.8472160339668,640.8472160339668,30.38731599283802,16.8089784702885,overtaking,T1,True
overtaking,21.50000000000017,639.8179947625654,639.8179947625654,30.370376223833443,16.8089784702885,overtaking,T1,True
overtaking,21.55000000000017,638.7991421408638,638.7991421408638,30.353597799198138,16.8089784702885,overtaking,T1,True
overtaking,21.600000000000172,637.790646290342,637.790646290342,30.33698079085927,16.8089784702885,overtaking,T1,True
overtaking,21.650000000000173,636.7924953253284,636.7924953253284,30.32052526820653,16.8089784702885,overtaking,T1,True
overtaking,21.700000000000173,635.8046773529834,635.8046773529834,30.304231298081223,16.8089784702885,overtaking,T1,True
overtaking,21.750000000000174,634.8271804732876,634.8271804732876,30.288098944765583,16.8089784702885,overtaking,T1,True
overtaking,21.800000000000175,633.8599927790262,633.8599927790262,30.272128269972175,16.8089784702885,overtaking,T1,True
overtaking,21.850000000000176,632.9031023557739,632.9031023557739,30.25631933283353,16.8089784702885,overtaking,T1,True
overtaking,21.900000000000176,631.9564972818814,631.9564972818814,30.24067218989194,16.8089784702885,overtaking,T1,True
overtaking,21.950000000000177,631.0201656284617,631.0201656284617,30.2251868950894,16.8089784702885,overtaking,T1,True
overtaking,22.000000000000178,630.0940954593736,630.0940954593736,30.20986349975776,16.8089784702885,overtaking,T1,True
overtaking,22.05000000000018,629.1782748312082,629.1782748312082,30.194702052609006,16.8089784702885,overtaking,T1,True
overtaking,22.10000000000018,628.2726917932739,628.2726917932739,30.1797025997258,16.8089784702885,overtaking,T1,True
overtaking,22.15000000000018,627.3773343875814,627.3773343875814,30.164865184552106,16.8089784702885,overtaking,T1,True
overtaking,22.20000000000018,626.4921906488296,626.4921906488296,30.150189847884075,16.8089784702885,overtaking,T1,True
overtaking,22.25000000000018,625.6172486043897,625.6172486043897,30.13567662786107,16.8089784702885,overtaking,T1,True
overtaking,22.300000000000182,624.7524962742912,624.7524962742912,30.12132555995691,16.8089784702885,overtaking,T1,True
overtaking,22.350000000000183,623.897921671206,623.897921671206,30.107136676971265,16.8089784702885,overtaking,T1,True
overtaking,22.400000000000183,623.0535128004344,623.0535128004344,30.09311000902128,16.8089784702885,overtaking,T1,True
overtaking,22.450000000000184,622.2192576598882,622.2192576598882,30.07924558353335,16.8089784702885,overtaking,T1,True
overtaking,22.500000000000185,621.3951442400773,621.3951442400773,30.065543425235138,16.8089784702885,overtaking,T1,True
overtaking,22.550000000000185,620.5811605240938,620.5811605240938,30.052003556147735,16.8089784702885,overtaking,T1,True
overtaking,22.600000000000186,619.7772944875958,619.7772944875958,30.038625995578062,16.8089784702885,overtaking,T1,True
overtaking,22.650000000000187,618.9835340987936,618.9835340987936,30.02541076011144,16.8089784702885,overtaking,T1,True
overtaking,22.700000000000188,618.1998673184323,618.1998673184323,30.01235786360436,16.8089784702885,overtaking,T1,True
overtaking,22.75000000000019,617.4262820997783,617.4262820997783,29.999467317177494,16.8089784702885,overtaking,T1,True
overtaking,22.80000000000019,616.6627663886018,616.6627663886018,29.986739129208832,16.8089784702885,overtaking,T1,True
overtaking,22.85000000000019,615.9093081231624,615.9093081231624,29.974173305327117,16.8089784702885,overtaking,T1,True
overtaking,22.90000000000019,615.1658952341934,615.1658952341934,29.961769848405414,16.8089784702885,overtaking,T1,True
overtaking,22.95000000000019,614.4325156448845,614.4325156448845,29.949528758554894,16.8089784702885,overtaking,T1,True
overtaking,23.000000000000192,613.7091572708678,613.7091572708678,29.93745003311889,16.8089784702885,overtaking,T1,True
overtaking,23.050000000000193,612.9958080202007,612.9958080202007,29.92553366666705,16.8089784702885,overtaking,T1,True
overtaking,23.100000000000193,612.2924557933502,612.2924557933502,29.913779650989817,16.8089784702885,overtaking,T1,True
overtaking,23.150000000000194,611.5990884831765,611.5990884831765,29.90218797509304,16.8089784702885,overtaking,T1,True
overtaking,23.200000000000195,610.9156939749178,610.9156939749178,29.890758625192838,16.8089784702885,overtaking,T1,True
overtaking,23.250000000000195,610.2422601461726,610.2422601461726,29.879491584710657,16.8089784702885,overtaking,T1,True
overtaking,23.300000000000196,609.5787748668847,609.5787748668847,29.868386834268556,16.8089784702885,overtaking,T1,True
overtaking,23.350000000000197,608.9252259993264,608.9252259993264,29.857444351684702,16.8089784702885,overtaking,T1,True
overtaking,23.400000000000198,608.2816013980816,608.2816013980816,29.846664111969094,16.8089784702885,overtaking,T1,True
overtaking,23.4500000000002,607.6478889100304,607.6478889100304,29.83604608731949,16.8089784702885,overtaking,T1,True
overtaking,23.5000000000002,607.0240763743311,607.0240763743311,29.82559024711755,16.8089784702885,overtaking,T1,True
overtaking,23.5500000000002,606.4101516224043,606.4101516224043,29.815296557925205,16.8089784702885,overtaking,T1,True
overtaking,23.6000000000002,605.8061024779167,605.8061024779167,29.805164983481287,16.8089784702885,overtaking,T1,True
overtaking,23.6500000000002,605.2119167567635,605.2119167567635,29.795195484698297,16.8089784702885,overtaking,T1,True
overtaking,23.700000000000202,604.6275822670511,604.6275822670511,29.78538801965946,16.8089784702885,overtaking,T1,True
overtaking,23.750000000000203,604.0530868090816,604.0530868090816,29.775742543616,16.8089784702885,overtaking,T1,True
overtaking,23.800000000000203,603.4884181753343,603.4884181753343,29.766259008984598,16.8089784702885,overtaking,T1,True
overtaking,23.850000000000204,602.9335641504504,602.9335641504504,29.75693736534512,16.8089784702885,overtaking,T1,True
overtaking,23.900000000000205,602.3885125112131,602.3885125112131,29.747777559438546,16.8089784702885,overtaking,T1,True
overtaking,23.950000000000205,601.8532510265334,601.8532510265334,29.738779535165122,16.8089784702885,overtaking,T1,True
overtaking,24.000000000000206,601.3277674574306,601.3277674574306,29.729943233582752,16.8089784702885,overtaking,T1,True
overtaking,24.050000000000207,600.8120495570154,600.8120495570154,29.721268592905613,16.8089784702885,overtaking,T1,True
overtaking,24.100000000000207,600.306085070473,600.306085070473,29.712755548502994,16.8089784702885,overtaking,T1,True
overtaking,24.150000000000208,599.8098617350456,599.8098617350456,29.704404032898353,16.8089784702885,overtaking,T1,True
overtaking,24.20000000000021,599.3233672800129,599.3233672800129,29.696213975768615,16.8089784702885,overtaking,T1,True
overtaking,24.25000000000021,598.8465894266774,598.8465894266774,29.688185303943715,16.8089784702885,overtaking,T1,True
overtaking,24.30000000000021,598.379515888344,598.379515888344,29.68031794140633,16.8089784702885,overtaking,T1,True
overtaking,24.35000000000021,597.9221343703041,597.9221343703041,29.672611809291855,16.8089784702885,overtaking,T1,True
overtaking,24.40000000000021,597.4744325698152,597.4744325698152,29.665066825888623,16.8089784702885,overtaking,T1,True
overtaking,24.450000000000212,597.0363981760859,597.0363981760859,29.657682906638346,16.8089784702885,overtaking,T1,True
overtaking,24.500000000000213,596.6080188702551,596.6080188702551,29.650459964136772,16.8089784702885,overtaking,T1,True
overtaking,24.550000000000214,596.1892823253754,596.1892823253754,29.643397908134585,16.8089784702885,overtaking,T1,True
overtaking,24.600000000000215,595.7801762063946,595.7801762063946,29.636496645538536,16.8089784702885,overtaking,T1,True
overtaking,24.650000000000215,595.3806881701362,595.3806881701362,29.62975608041279,16.8089784702885,overtaking,T1,True
overtaking,24.700000000000216,594.9908058652829,594.9908058652829,29.623176113980506,16.8089784702885,overtaking,T1,True
overtaking,24.750000000000217,594.6105169323562,594.6105169323562,29.616756644625664,16.8089784702885,overtaking,T1,True
overtaking,24.800000000000217,594.2398090036986,594.2398090036986,29.610497567895088,16.8089784702885,overtaking,T1,True
overtaking,24.850000000000218,593.8786697034552,593.8786697034552,29.604398776500723,16.8089784702885,overtaking,T1,True
overtaking,24.90000000000022,593.5270866475544,593.5270866475544,29.598460160322137,16.8089784702885,overtaking,T1,True
overtaking,24.95000000000022,593.1850474436897,593.1850474436897,29.592681606409243,16.8089784702885,overtaking,T1,True
overtaking,25.00000000000022,592.8525396912994,592.8525396912994,29.587062998985243,16.8089784702885,overtaking,T1,True
overtaking,25.05000000000022,592.5295509815487,592.5295509815487,29.581604219449815,16.8089784702885,overtaking,T1,True
overtaking,25.10000000000022,592.2160688973108,592.2160688973108,29.576305146382524,16.8089784702885,overtaking,T1,True
overtaking,25.150000000000222,591.9120810131465,591.9120810131465,29.57116565554643,16.8089784702885,overtaking,T1,True
overtaking,25.200000000000223,591.6175748952855,591.6175748952855,29.56618561989199,16.8089784702885,overtaking,T1,True
overtaking,25.250000000000224,591.3325381016077,591.3325381016077,29.561364909561096,16.8089784702885,overtaking,T1,True
overtaking,25.300000000000225,591.0569581816223,591.0569581816223,29.5567033918914,16.8089784702885,overtaking,T1,True
overtaking,25.350000000000225,590.7908226764494,590.7908226764494,29.552200931420856,16.8089784702885,overtaking,T1,True
overtaking,25.400000000000226,590.5341191187995,590.5341191187995,29.54785738989245,16.8089784702885,overtaking,T1,True
overtaking,25.450000000000227,590.2868350329547,590.2868350329547,29.543672626259198,16.8089784702885,overtaking,T1,True
overtaking,25.500000000000227,590.0489579347479,590.0489579347479,29.53964649668933,16.8089784702885,overtaking,T1,True
overtaking,25.550000000000228,589.8204753315429,589.8204753315429,29.53577885457171,16.8089784702885,overtaking,T1,True
overtaking,25.60000000000023,589.6013747222155,589.6013747222155,29.532069550521477,16.8089784702885,overtaking,T1,True
overtaking,25.65000000000023,589.3916435971321,589.3916435971321,29.52851843238591,16.8089784702885,overtaking,T1,True
overtaking,25.70000000000023,589.1912694381297,589.1912694381297,29.525125345250476,16.8089784702885,overtaking,T1,True
overtaking,25.75000000000023,589.0002397184962,589.0002397184962,29.52189013144515,16.8089784702885,overtaking,T1,True
overtaking,25.80000000000023,588.8185419029496,588.8185419029496,29.518812630550908,16.8089784702885,overtaking,T1,True
overtaking,25.850000000000232,588.6461634476168,588.6461634476168,29.51589267940645,16.8089784702885,overtaking,T1,True
overtaking,25.900000000000233,588.4830918000148,588.4830918000148,29.513130112115135,16.8089784702885,overtaking,T1,True
overtaking,25.950000000000234,588.3293143990277,588.3293143990277,29.510524760052135,16.8089784702885,overtaking,T1,True
overtaking,26.000000000000234,588.184818674888,588.184818674888,29.508076451871787,16.8089784702885,overtaking,T1,True
overtaking,26.050000000000235,588.049592049154,588.049592049154,29.50578501351517,16.8089784702885,overtaking,T1,True
overtaking,26.100000000000236,587.9236219346899,587.9236219346899,29.503650268217868,16.8089784702885,overtaking,T1,True
overtaking,26.150000000000237,587.8068957356445,587.8068957356445,29.501672036517977,16.8089784702885,overtaking,T1,True
overtaking,26.200000000000237,587.6994008474294,587.6994008474294,29.499850136264282,16.8089784702885,overtaking,T1,True
overtaking,26.250000000000238,587.6011246566986,587.6011246566986,29.498184382624654,16.8089784702885,overtaking,T1,True
overtaking,26.30000000000024,587.5120545413263,587.5120545413263,29.49667458809465,16.8089784702885,overtaking,T1,True
overtaking,26.35000000000024,587.4321778703859,587.4321778703859,29.495320562506322,16.8089784702885,overtaking,T1,True
overtaking,26.40000000000024,587.361482004128,587.361482004128,29.494122113037207,16.8089784702885,overtaking,T1,True
overtaking,26.45000000000024,587.2999542939592,587.2999542939592,29.493079044219538,16.8089784702885,overtaking,T1,True
overtaking,26.50000000000024,587.24758208242,587.24758208242,29.49219115794963,16.8089784702885,overtaking,T1,True
overtaking,26.550000000000242,587.2043527031619,587.2043527031619,29.491458253497473,16.8089784702885,overtaking,T1,True
overtaking,26.600000000000243,587.1702534809278,587.1702534809278,29.490880127516544,16.8089784702885,overtaking,T1,True
overtaking,26.650000000000244,587.1452717315274,587.1452717315274,29.490456574053745,16.8089784702885,overtaking,T1,True
overtaking,26.700000000000244,587.1293947618167,587.1293947618167,29.490187384559615,16.8089784702885,overtaking,T1,True
overtaking,26.750000000000245,587.1226098696739,587.1226098696739,29.490072347898643,16.8089784702885,overtaking,T1,True
overtaking,26.800000000000246,587.1249043439786,587.1249043439786,29.490111250359856,16.8089784702885,overtaking,T1,True
overtaking,26.850000000000247,587.1362654645889,587.1362654645889,29.490303875667525,16.8089784702885,overtaking,T1,True
overtaking,26.900000000000247,587.1566805023174,587.1566805023174,29.490650004992084,16.8089784702885,overtaking,T1,True
overtaking,26.950000000000248,587.1861367189101,587.1861367189101,29.49114941696123,16.8089784702885,overtaking,T1,True
overtaking,27.00000000000025,587.224621367023,587.224621367023,29.49180188767118,16.8089784702885,overtaking,T1,True
overtaking,27.05000000000025,587.2721216901984,587.2721216901984,29.49260719069816,16.8089784702885,overtaking,T1,True
overtaking,27.10000000000025,587.3286249228427,587.3286249228427,29.493565097109997,16.8089784702885,overtaking,T1,True
overtaking,27.15000000000025,587.3941182902022,587.3941182902022,29.494675375477936,16.8089784702885,overtaking,T1,True
overtaking,27.20000000000025,587.468589008341,587.468589008341,29.495937791888622,16.8089784702885,overtaking,T1,True
overtaking,27.250000000000252,587.552024284116,587.552024284116,29.497352109956214,16.8089784702885,overtaking,T1,True
overtaking,27.300000000000253,587.6444113151549,587.6444113151549,29.498918090834742,16.8089784702885,overtaking,T1,True
overtaking,27.350000000000254,587.7457372898318,587.7457372898318,29.50063549323055,16.8089784702885,overtaking,T1,True
overtaking,27.400000000000254,587.8559893872427,587.8559893872427,29.50250407341494,16.8089784702885,overtaking,T1,True
overtaking,27.450000000000255,587.9751547771825,587.9751547771825,29.504523585236974,16.8089784702885,overtaking,T1,True
overtaking,27.500000000000256,588.1032206201212,588.1032206201212,29.50669378013646,16.8089784702885,overtaking,T1,True
overtaking,27.550000000000257,588.240174067178,588.240174067178,29.509014407157018,16.8089784702885,overtaking,T1,True
overtaking,27.600000000000257,588.3860022600998,588.3860022600998,29.511485212959414,16.8089784702885,overtaking,T1,True
overtaking,27.650000000000258,588.5406923312335,588.5406923312335,29.51410594183493,16.8089784702885,overtaking,T1,True
overtaking,27.70000000000026,588.7042314035045,588.7042314035045,29.516876335718976,16.8089784702885,overtaking,T1,True
overtaking,27.75000000000026,588.8766065903906,588.8766065903906,29.519796134204803,16.8089784702885,overtaking,T1,True
overtaking,27.80000000000026,589.0578049958963,589.0578049958963,29.52286507455736,16.8089784702885,overtaking,T1,True
overtaking,27.85000000000026,589.2478137145301,589.2478137145301,29.526082891727313,16.8089784702885,overtaking,T1,True
overtaking,27.90000000000026,589.4466198312775,589.4466198312775,29.529449318365216,16.8089784702885,overtaking,T1,True
overtaking,27.950000000000262,589.6542104215775,589.6542104215775,29.532964084835776,16.8089784702885,overtaking,T1,True
overtaking,28.000000000000263,538.9021316598524,538.9021316598524,29.536626919232297,16.8089784702885,crossing_stand_on,T1,True
overtaking,28.050000000000264,539.2220400817228,539.2220400817228,29.54043754739124,16.8089784702885,crossing_stand_on,T1,True
overtaking,28.100000000000264,539.0137135186164,539.0137135186164,29.544750198486327,16.8089784702885,crossing_stand_on,T1,True
overtaking,28.150000000000265,538.3019435097538,538.3019435097538,29.547363135461538,16.8089784702885,crossing_stand_on,T1,True
overtaking,28.200000000000266,537.1523730625958,537.1523730625958,29.54650685894445,16.8089784702885,crossing_stand_on,T1,True
overtaking,28.250000000000266,535.6917050347738,535.6917050347738,29.541060932655938,16.8089784702885,crossing_stand_on,T1,True
overtaking,28.300000000000267,534.0104145813464,534.0104145813464,29.53050507825525,16.8089784702885,crossing_stand_on,T1,True
overtaking,28.350000000000268,532.1636291318505,532.1636291318505,29.51473438288061,16.8089784702885,crossing_stand_on,T1,True
overtaking,28.40000000000027,530.1816364348801,530.1816364348801,29.493912963148816,16.8089784702885,crossing_stand_on,T1,True
overtaking,28.45000000000027,528.0794917952644,528.0794917952644,29.468367482949006,16.8089784702885,crossing_stand_on,T1,True
overtaking,28.50000000000027,525.8643391562691,525.8643391562691,29.438511871210718,16.8089784702885,crossing_stand_on,T1,True
overtaking,28.55000000000027,523.5402673484218,523.5402673484218,29.404795884960247,16.8089784702885,crossing_stand_on,T1,True
overtaking,28.60000000000027,521.1111022080175,521.1111022080175,29.36767139188973,16.8089784702885,crossing_stand_on,T1,True
overtaking,28.650000000000272,518.5817154238805,518.5817154238805,29.327571437741334,16.8089784702885,crossing_stand_on,T1,True
overtaking,28.700000000000273,515.9583947027272,515.9583947027272,29.28489826558141,16.8089784702885,crossing_stand_on,T1,True
overtaking,28.750000000000274,513.2486968582512,513.2486968582512,29.240017410922615,16.8089784702885,crossing_stand_on,T1,True
overtaking,28.800000000000274,510.4610708366795,510.4610708366795,29.193255780816305,16.8089784702885,crossing_stand_on,T1,True
overtaking,28.850000000000275,507.6044252738092,507.6044252738092,29.14490223729207,16.8089784702885,crossing_stand_on,T1,True
overtaking,28.900000000000276,504.6877339746903,504.6877339746903,29.09520966515619,16.8089784702885,crossing_stand_on,T1,True
overtaking,28.950000000000276,501.71971993655023,501.71971993655023,29.04439783843117,16.8089784702885,crossing_stand_on,T1,True
overtaking,29.000000000000277,498.7086274355048,498.7086274355048,28.992656636567485,16.8089784702885,crossing_stand_on,T1,True
overtaking,29.050000000000278,495.66207539112077,495.66207539112077,28.940149325738844,16.8089784702885,crossing_stand_on,T1,True
overtaking,29.10000000000028,492.58697817898883,492.58697817898883,28.887015732161192,16.8089784702885,crossing_stand_on,T1,True
overtaking,29.15000000000028,489.4895183468544,489.4895183468544,28.833375208898367,16.8089784702885,crossing_stand_on,T1,True
overtaking,29.20000000000028,486.3751567341561,486.3751567341561,28.779329346428597,16.8089784702885,crossing_stand_on,T1,True
overtaking,29.25000000000028,483.2486677334619,483.2486677334619,28.72496440850888,16.8089784702885,crossing_stand_on,T1,True
overtaking,29.30000000000028,480.1141899804008,480.1141899804008,28.670353494314682,16.8089784702885,crossing_stand_on,T1,True
overtaking,29.350000000000282,476.9752851613546,476.9752851613546,28.61555843940049,16.8089784702885,crossing_stand_on,T1,True
overtaking,29.400000000000283,473.8349996869086,473.8349996869086,28.560631474417164,16.8089784702885,crossing_stand_on,T1,True
overtaking,29.450000000000284,470.6959256387373,470.6959256387373,28.505616663555035,16.8089784702885,crossing_stand_on,T1,True
overtaking,29.500000000000284,467.560258676668,467.560258676668,28.450551145579617,16.8089784702885,crossing_stand_on,T1,True
overtaking,29.550000000000285,464.4298515420212,464.4298515420212,28.39546619990413,16.8089784702885,crossing_stand_on,T1,True
overtaking,29.600000000000286,461.30626247351984,461.30626247351984,28.340388158940762,16.8089784702885,crossing_stand_on,T1,True
overtaking,29.650000000000286,458.1907983216195,458.1907983216195,28.28533918634636,16.8089784702885,crossing_stand_on,T1,True
overtaking,29.700000000000287,455.0845524571912,455.0845524571912,28.23033793895948,16.8089784702885,crossing_stand_on,T1,True
overtaking,29.750000000000288,451.9884377633147,451.9884377633147,28.175400128362703,16.8089784702885,crossing_stand_on,T1,True
overtaking,29.80000000000029,448.90321510792694,448.90321510792694,28.12053899618949,16.8089784702885,crossing_stand_on,T1,True
overtaking,29.85000000000029,445.829517745827,445.829517745827,28.06576571558314,16.8089784702885,crossing_stand_on,T1,True
overtaking,29.90000000000029,442.7678721102748,442.7678721102748,28.011089729637057,16.8089784702885,crossing_stand_on,T1,True
overtaking,29.95000000000029,439.7187154410865,439.7187154410865,27.956519036213443,16.8089784702885,crossing_stand_on,T1,True
overtaking,30.00000000000029,436.6824106677656,436.6824106677656,27.902060427255034,16.8089784702885,crossing_stand_on,T1,True
overtaking,30.050000000000292,433.65925892976304,433.65925892976304,27.847719689566997,16.8089784702885,crossing_stand_on,T1,True
overtaking,30.100000000000293,430.649510076157,430.649510076157,27.793501773045843,16.8089784702885,crossing_stand_on,T1,True
overtaking,30.150000000000293,427.65337144697156,427.65337144697156,27.73941093145818,16.8089784702885,crossing_stand_on,T1,True
overtaking,30.200000000000294,424.67101519996316,424.67101519996316,27.68545084011314,16.8089784702885,crossing_stand_on,T1,True
overtaking,30.250000000000295,421.7025844110752,421.7025844110752,27.631624694116553,16.8089784702885,crossing_stand_on,T1,True
overtaking,30.300000000000296,418.7481981444874,418.7481981444874,27.57793529033033,16.8089784702885,crossing_stand_on,T1,True
overtaking,30.350000000000296,415.80795565942225,415.80795565942225,27.524385095676955,16.8089784702885,crossing_stand_on,T1,True
overtaking,30.400000000000297,412.8819398956165,412.8819398956165,27.470976304015583,16.8089784702885,crossing_stand_on,T1,True
overtaking,30.450000000000298,409.9702203573729,409.9702203573729,27.417710883464427,16.8089784702885,crossing_stand_on,T1,True
overtaking,30.5000000000003,407.072855497168,407.072855497168,27.364590615745094,16.8089784702885,crossing_stand_on,T1,True
overtaking,30.5500000000003,404.18989468355824,404.18989468355824,27.311617128871298,16.8089784702885,crossing_stand_on,T1,True
overtaking,30.6000000000003,401.321379824309,401.321379824309,27.258791924290296,16.8089784702885,crossing_stand_on,T1,True
overtaking,30.6500000000003,398.46734670396575,398.46734670396575,27.20611639940473,16.8089784702885,crossing_stand_on,T1,True
overtaking,30.7000000000003,395.62782608520257,395.62782608520257,27.15359186625042,16.8089784702885,crossing_stand_on,T1,True
overtaking,30.750000000000302,392.8028446149808,392.8028446149808,27.101219566977882,16.8089784702885,crossing_stand_on,T1,True
overtaking,30.800000000000303,389.9924255695797,389.9924255695797,27.04900068667789,16.8089784702885,crossing_stand_on,T1,True
overtaking,30.850000000000303,387.19658946673917,387.19658946673917,26.99693636400147,16.8089784702885,crossing_stand_on,T1,True
overtaking,30.900000000000304,384.4153545682952,384.4153545682952,26.945027699949424,16.8089784702885,crossing_stand_on,T1,True
overtaking,30.950000000000305,381.6487372926406,381.6487372926406,26.893275765143482,16.8089784702885,crossing_stand_on,T1,True
overtaking,31.000000000000306,378.8967525529849,378.8967525529849,26.84168160583856,16.8089784702885,crossing_stand_on,T1,True
overtaking,31.050000000000306,376.1594140345913,376.1594140345913,26.790246248891837,16.8089784702885,crossing_stand_on,T1,True
overtaking,31.100000000000307,373.43673442185917,373.43673442185917,26.738970705867576,16.8089784702885,crossing_stand_on,T1,True
overtaking,31.150000000000308,370.728725584206,370.728725584206,26.687855976426402,16.8089784702885,crossing_stand_on,T1,True
overtaking,31.20000000000031,368.035398728121,368.035398728121,26.636903051122196,16.8089784702885,crossing_stand_on,T1,True
overtaking,31.25000000000031,365.3567645214524,365.3567645214524,26.58611291370885,16.8089784702885,crossing_stand_on,T1,True
overtaking,31.30000000000031,362.69283319491814,362.69283319491814,26.53548654304141,16.8089784702885,crossing_stand_on,T1,True
overtaking,31.35000000000031,360.0436146249321,360.0436146249321,26.48502491464188,16.8089784702885,crossing_stand_on,T1,True
overtaking,31.40000000000031,357.4091184011183,357.4091184011183,26.434729001987563,16.8089784702885,crossing_stand_on,T1,True
overtaking,31.450000000000312,354.7893538812664,354.7893538812664,26.38459977757011,16.8089784702885,crossing_stand_on,T1,True
overtaking,31.500000000000313,352.18433023600306,352.18433023600306,26.334638213764855,16.8089784702885,crossing_stand_on,T1,True
overtaking,31.550000000000313,349.5940564850321,349.5940564850321,26.284845283543458,16.8089784702885,crossing_stand_on,T1,True
overtaking,31.600000000000314,347.0185415264709,347.0185415264709,26.235221961056848,16.8089784702885,crossing_stand_on,T1,True
overtaking,31.650000000000315,344.45779416052864,344.45779416052864,26.185769222111013,16.8089784702885,crossing_stand_on,T1,True
overtaking,31.700000000000315,341.9118231085515,341.9118231085515,26.136488044554135,16.8089784702885,crossing_stand_on,T1,True
overtaking,31.750000000000316,339.38063702827134,339.38063702827134,26.087379408590383,16.8089784702885,crossing_stand_on,T1,True
overtaking,31.800000000000317,336.8667782028857,336.8667782028857,26.03845869101132,16.8089784702885,crossing_stand_on,T1,True
overtaking,31.850000000000318,334.3762955391818,334.3762955391818,25.98977473855015,16.8089784702885,crossing_stand_on,T1,True
overtaking,31.90000000000032,331.9148982429552,331.9148982429552,25.941401369238555,16.8089784702885,crossing_stand_on,T1,True
overtaking,31.95000000000032,329.48728520325125,329.48728520325125,25.893418396932155,16.8089784702885,crossing_stand_on,T1,True
overtaking,32.00000000000032,327.0968078778778,327.0968078778778,25.845898639489562,16.8089784702885,crossing_stand_on,T1,True
overtaking,32.05000000000032,324.74539924219005,324.74539924219005,25.798900388192404,16.8089784702885,crossing_stand_on,T1,True
overtaking,32.100000000000314,322.433704651551,322.433704651551,25.752464332264303,16.8089784702885,crossing_stand_on,T1,True
overtaking,32.15000000000031,320.1613439111522,320.1613439111522,25.70661375077567,16.8089784702885,crossing_stand_on,T1,True
overtaking,32.20000000000031,317.92723251734895,317.92723251734895,25.661356810537285,16.8089784702885,crossing_stand_on,T1,True
overtaking,32.250000000000306,315.72989945119826,315.72989945119826,25.61668996172216,16.8089784702885,crossing_stand_on,T1,True
overtaking,32.3000000000003,313.5677568506834,313.5677568506834,25.572601639661986,16.8089784702885,crossing_stand_on,T1,True
overtaking,32.3500000000003,311.43929780611325,311.43929780611325,25.529075715185428,16.8089784702885,crossing_stand_on,T1,True
overtaking,32.4000000000003,309.34321721174473,309.34321721174473,25.48609435518411,16.8089784702885,crossing_stand_on,T1,True
overtaking,32.450000000000294,307.2784640244527,307.2784640244527,25.44364014019075,16.8089784702885,crossing_stand_on,T1,True
overtaking,32.50000000000029,305.2442406986907,305.2442406986907,25.401697427026257,16.8089784702885,crossing_stand_on,T1,True
overtaking,32.55000000000029,303.2399678490195,303.2399678490195,25.36025304024778,16.8089784702885,crossing_stand_on,T1,True
overtaking,32.600000000000286,301.26523089902435,301.26523089902435,25.319296430068526,16.8089784702885,crossing_stand_on,T1,True
overtaking,32.65000000000028,299.3197221968389,299.3197221968389,25.278819453982877,16.8089784702885,crossing_stand_on,T1,True
overtaking,32.70000000000028,297.4031880762517,297.4031880762517,25.23881593347709,16.8089784702885,crossing_stand_on,T1,True
overtaking,32.75000000000028,295.5153864636397,295.5153864636397,25.199281114968528,16.8089784702885,crossing_stand_on,T1,True
overtaking,32.800000000000274,293.656057351325,293.656057351325,25.160211133522985,16.8089784702885,crossing_stand_on,T1,True
overtaking,32.85000000000027,291.8249059841547,291.8249059841547,25.121602545350523,16.8089784702885,crossing_stand_on,T1,True
overtaking,32.90000000000027,290.0215969685024,290.0215969685024,25.083451965118858,16.8089784702885,crossing_stand_on,T1,True
overtaking,32.950000000000266,288.2457566350436,288.2457566350436,25.0457558195047,16.8089784702885,crossing_stand_on,T1,True
overtaking,33.00000000000026,286.49698073218457,286.49698073218457,25.00851021035279,16.8089784702885,crossing_stand_on,T1,True
overtaking,33.05000000000026,284.7748447320275,284.7748447320275,24.971710869379685,16.8089784702885,crossing_stand_on,T1,True
overtaking,33.10000000000026,283.0789145275765,283.0789145275765,24.93535318079525,16.8089784702885,crossing_stand_on,T1,True
overtaking,33.150000000000254,281.40875593574174,281.40875593574174,24.899432247314127,16.8089784702885,crossing_stand_on,T1,True
overtaking,33.20000000000025,279.7639420707275,279.7639420707275,24.863942977419025,16.8089784702885,crossing_stand_on,T1,True
overtaking,33.25000000000025,278.1440582270854,278.1440582270854,24.82888017608771,16.8089784702885,crossing_stand_on,T1,True
overtaking,33.300000000000246,276.54870435819646,276.54870435819646,24.794238626362475,16.8089784702885,crossing_stand_on,T1,True
overtaking,33.35000000000024,274.9774955341239,274.9774955341239,24.760013154241662,16.8089784702885,crossing_stand_on,T1,True
overtaking,33.40000000000024,273.43006091847116,273.43006091847116,24.72619867380865,16.8089784702885,crossing_stand_on,T1,True
overtaking,33.45000000000024,271.90604183988796,271.90604183988796,24.692790212950026,16.8089784702885,crossing_stand_on,T1,True
overtaking,33.500000000000234,270.405089482054,270.405089482054,24.659782922343076,16.8089784702885,crossing_stand_on,T1,True
overtaking,33.55000000000023,268.92686260989626,268.92686260989626,24.627172071668912,16.8089784702885,crossing_stand_on,T1,True
overtaking,33.60000000000023,267.47102562002254,267.47102562002254,24.59495303740013,16.8089784702885,crossing_stand_on,T1,True
overtaking,33.650000000000226,266.0372470741285,266.0372470741285,24.56312128624243,16.8089784702885,crossing_stand_on,T1,True
overtaking,33.70000000000022,264.6251987623755,264.6251987623755,24.53167235761422,16.8089784702885,crossing_stand_on,T1,True
overtaking,33.75000000000022,263.2345552588995,263.2345552588995,24.500601847641644,16.8089784702885,crossing_stand_on,T1,True
overtaking,33.80000000000022,261.8649938768677,261.8649938768677,24.469905396205153,16.8089784702885,crossing_stand_on,T1,True
overtaking,33.850000000000215,260.51619490415936,260.51619490415936,24.43957867772419,16.8089784702885,crossing_stand_on,T1,True
overtaking,33.90000000000021,259.18784199788513,259.18784199788513,24.409617395686578,16.8089784702885,crossing_stand_on,T1,True
overtaking,33.95000000000021,257.8796226301099,257.8796226301099,24.38001728045239,16.8089784702885,crossing_stand_on,T1,True
overtaking,34.000000000000206,256.59122850146406,256.59122850146406,24.350774089586487,16.8089784702885,crossing_stand_on,T1,True
overtaking,34.0500000000002,255.32235586766734,255.32235586766734,24.321883609874686,16.8089784702885,crossing_stand_on,T1,True
overtaking,34.1000000000002,254.0727057514693,254.0727057514693,24.29334166021481,16.8089784702885,crossing_stand_on,T1,True
overtaking,34.1500000000002,252.84198403572861,252.84198403572861,24.265144094701753,16.8089784702885,crossing_stand_on,T1,True
overtaking,34.200000000000195,251.62990145051862,251.62990145051862,24.237286805401844,16.8089784702885,crossing_stand_on,T1,True
overtaking,34.25000000000019,250.43617347768833,250.43617347768833,24.209765724500013,16.8089784702885,crossing_stand_on,T1,True
overtaking,34.30000000000019,249.2605202007564,249.2605202007564,24.182576825676524,16.8089784702885,crossing_stand_on,T1,True
overtaking,34.350000000000186,248.10266612750422,248.10266612750422,24.15571612471093,16.8089784702885,crossing_stand_on,T1,True
overtaking,34.40000000000018,246.96234000864223,246.96234000864223,24.129179679411017,16.8089784702885,crossing_stand_on,T1,True
overtaking,34.45000000000018,245.8392746699497,245.8392746699497,24.10296358902317,16.8089784702885,crossing_stand_on,T1,True
overtaking,34.50000000000018,244.73320686870244,244.73320686870244,24.07706399330256,16.8089784702885,crossing_stand_on,T1,True
overtaking,34.550000000000175,243.6438771790131,243.6438771790131,24.051477071414222,16.8089784702885,crossing_stand_on,T1,True
overtaking,34.60000000000017,242.57102990563988,242.57102990563988,24.02619904080909,16.8089784702885,crossing_stand_on,T1,True
overtaking,34.65000000000017,241.51441302223134,241.51441302223134,24.001226156181676,16.8089784702885,crossing_stand_on,T1,True
overtaking,34.700000000000166,240.47377812790126,240.47377812790126,23.976554708575268,16.8089784702885,crossing_stand_on,T1,True
overtaking,34.75000000000016,239.4488804153529,239.4488804153529,23.9521810246633,16.8089784702885,crossing_stand_on,T1,True
overtaking,34.80000000000016,238.4394786441825,238.4394786441825,23.92810146620509,16.8089784702885,crossing_stand_on,T1,True
overtaking,34.85000000000016,237.44533511412203,237.44533511412203,23.904312429652403,16.8089784702885,crossing_stand_on,T1,True
overtaking,34.900000000000155,236.46621563451527,236.46621563451527,23.880810345871044,16.8089784702885,crossing_stand_on,T1,True
overtaking,34.95000000000015,235.50188948791657,235.50188948791657,23.85759167993705,16.8089784702885,crossing_stand_on,T1,True
overtaking,35.00000000000015,234.55212938714578,234.55212938714578,23.834652930969405,16.8089784702885,crossing_stand_on,T1,True
overtaking,35.050000000000146,233.61671142626767,233.61671142626767,23.81199063196729,16.8089784702885,crossing_stand_on,T1,True
overtaking,35.10000000000014,232.6954150267406,232.6954150267406,23.789601349628853,16.8089784702885,crossing_stand_on,T1,True
overtaking,35.15000000000014,231.78802288037292,231.78802288037292,23.767481684137625,16.8089784702885,crossing_stand_on,T1,True
overtaking,35.20000000000014,230.8943208907898,230.8943208907898,23.74562826891112,16.8089784702885,crossing_stand_on,T1,True
overtaking,35.250000000000135,230.01409811495586,230.01409811495586,23.724037770313185,16.8089784702885,crossing_stand_on,T1,True
overtaking,35.30000000000013,229.14714670595203,229.14714670595203,23.702706887336202,16.8089784702885,crossing_stand_on,T1,True
overtaking,35.35000000000013,228.29326185782003,228.29326185782003,23.681632351262046,16.8089784702885,crossing_stand_on,T1,True
overtaking,35.40000000000013,227.45224175287063,227.45224175287063,23.66081092531134,16.8089784702885,crossing_stand_on,T1,True
overtaking,35.450000000000124,226.62388751152474,226.62388751152474,23.64023940429,16.8089784702885,crossing_stand_on,T1,True
overtaking,35.50000000000012,225.80800314447293,225.80800314447293,23.619914614240233,16.8089784702885,crossing_stand_on,T1,True
overtaking,35.55000000000012,225.0043955067914,225.0043955067914,23.599833412101198,16.8089784702885,crossing_stand_on,T1,True
overtaking,35.600000000000115,224.21287425356854,224.21287425356854,23.57999268538212,16.8089784702885,crossing_stand_on,T1,True
overtaking,35.65000000000011,223.43325179660775,223.43325179660775,23.560389351848798,16.8089784702885,crossing_stand_on,T1,True
overtaking,35.70000000000011,222.66534326182716,222.66534326182716,23.54102035922278,16.8089784702885,crossing_stand_on,T1,True
overtaking,35.75000000000011,221.90896644707772,221.90896644707772,23.521882684891438,16.8089784702885,crossing_stand_on,T1,True
overtaking,35.800000000000104,221.16394178020482,221.16394178020482,23.50297333562665,16.8089784702885,crossing_stand_on,T1,True
overtaking,35.8500000000001,220.43009227727788,220.43009227727788,23.484289347309655,16.8089784702885,crossing_stand_on,T1,True
overtaking,35.9000000000001,219.70724350100227,219.70724350100227,23.46582778465997,16.8089784702885,crossing_stand_on,T1,True
overtaking,35.950000000000095,218.99522351937838,218.99522351937838,23.44758574096647,16.8089784702885,crossing_stand_on,T1,True
overtaking,36.00000000000009,218.2938628647181,218.2938628647181,23.42956033781968,16.8089784702885,crossing_stand_on,T1,True
overtaking,36.05000000000009,217.60299449313123,217.60299449313123,23.411748724844436,16.8089784702885,crossing_stand_on,T1,True
overtaking,36.10000000000009,216.9224537445894,216.9224537445894,23.394148079432973,16.8089784702885,crossing_stand_on,T1,True
overtaking,36.150000000000084,216.25207830365503,216.25207830365503,23.376755606478486,16.8089784702885,crossing_stand_on,T1,True
overtaking,36.20000000000008,215.5917081609345,215.5917081609345,23.359568538109773,16.8089784702885,crossing_stand_on,T1,True
overtaking,36.25000000000008,214.94118557528378,214.94118557528378,23.342584133427454,16.8089784702885,crossing_stand_on,T1,True
overtaking,36.300000000000075,214.30035503677135,214.30035503677135,23.32579967824238,16.8089784702885,crossing_stand_on,T1,True
overtaking,36.35000000000007,213.6690632303799,213.6690632303799,23.309212484816673,16.8089784702885,crossing_stand_on,T1,True
overtaking,36.40000000000007,213.0471590004159,213.0471590004159,23.29281989160786,16.8089784702885,crossing_stand_on,T1,True
overtaking,36.45000000000007,212.43449331558872,212.43449331558872,23.27661926301622,16.8089784702885,crossing_stand_on,T1,True
overtaking,36.500000000000064,211.83091923471721,211.83091923471721,23.26060798913547,16.8089784702885,crossing_stand_on,T1,True
overtaking,36.55000000000006,211.23629187303192,211.23629187303192,23.244783485506762,16.8089784702885,crossing_stand_on,T1,True
overtaking,36.60000000000006,210.6504683690374,210.6504683690374,23.229143192875824,16.8089784702885,crossing_stand_on,T1,True
overtaking,36.650000000000055,210.0733078519189,210.0733078519189,23.2136845769531,16.8089784702885,crossing_stand_on,T1,True
overtaking,36.70000000000005,209.50467140947416,209.50467140947416,23.19840512817665,16.8089784702885,crossing_stand_on,T1,True
overtaking,36.75000000000005,208.9444220565661,208.9444220565661,23.18330236147768,16.8089784702885,crossing_stand_on,T1,True
overtaking,36.80000000000005,208.39242470409118,208.39242470409118,23.168373816048422,16.8089784702885,crossing_stand_on,T1,True
overtaking,36.850000000000044,207.84854612846732,207.84854612846732,23.1536170551124,16.8089784702885,crossing_stand_on,T1,True
overtaking,36.90000000000004,207.31265494163978,207.31265494163978,23.139029665696803,16.8089784702885,crossing_stand_on,T1,True
overtaking,36.95000000000004,206.78462156160867,206.78462156160867,23.12460925840708,16.8089784702885,crossing_stand_on,T1,True
overtaking,37.000000000000036,206.26431818347692,206.26431818347692,23.110353467203648,16.8089784702885,crossing_stand_on,T1,True
overtaking,37.05000000000003,205.75161875101736,205.75161875101736,23.096259949180673,16.8089784702885,crossing_stand_on,T1,True
overtaking,37.10000000000003,205.24639892875382,205.24639892875382,23.08232638434707,16.8089784702885,crossing_stand_on,T1,True
overtaking,37.15000000000003,204.74853607455037,204.74853607455037,23.068550475409605,16.8089784702885,crossing_stand_on,T1,True
overtaking,37.200000000000024,204.25790921270027,204.25790921270027,23.05492994755818,16.8089784702885,crossing_stand_on,T1,True
overtaking,37.25000000000002,203.774399007505,203.774399007505,23.041462548253264,16.8089784702885,crossing_stand_on,T1,True
overtaking,37.30000000000002,203.29788773733372,203.29788773733372,23.02814604701551,16.8089784702885,crossing_stand_on,T1,True
overtaking,37.350000000000016,202.82825926915308,202.82825926915308,23.01497823521752,16.8089784702885,crossing_stand_on,T1,True
overtaking,37.40000000000001,202.36539903351627,202.36539903351627,23.00195692587766,16.8089784702885,crossing_stand_on,T1,True
overtaking,37.45000000000001,201.90919400000354,201.90919400000354,22.989079953456077,16.8089784702885,crossing_stand_on,T1,True
overtaking,37.50000000000001,201.45953265310447,201.45953265310447,22.97634517365264,16.8089784702885,crossing_stand_on,T1,True
overtaking,37.550000000000004,201.01630496853488,201.01630496853488,22.963750463206967,16.8089784702885,crossing_stand_on,T1,True
overtaking,37.6,200.57940238997855,200.57940238997855,22.95129371970041,16.8089784702885,crossing_stand_on,T1,True
overtaking,37.65,200.14871780625163,200.14871780625163,22.938972861359936,16.8089784702885,crossing_stand_on,T1,True
overtaking,37.699999999999996,199.72414552887807,199.72414552887807,22.926785826863973,16.8089784702885,crossing_stand_on,T1,True
overtaking,37.74999999999999,199.30558127007333,199.30558127007333,22.914730575150063,16.8089784702885,crossing_stand_on,T1,True
overtaking,37.79999999999999,198.89292212112838,198.89292212112838,22.90280508522443,16.8089784702885,crossing_stand_on,T1,True
overtaking,37.84999999999999,198.48606653118833,198.48606653118833,22.891007355973294,16.8089784702885,crossing_stand_on,T1,True
overtaking,37.899999999999984,198.08491428642031,198.08491428642031,22.87933540597609,16.8089784702885,crossing_stand_on,T1,True
overtaking,37.94999999999998,197.68936648956173,197.68936648956173,22.867787273320385,16.8089784702885,crossing_stand_on,T1,True
overtaking,37.99999999999998,197.29932553984514,197.29932553984514,22.85636101541862,16.8089784702885,crossing_stand_on,T1,True
overtaking,38.049999999999976,196.91469511329126,196.91469511329126,22.845054708826616,16.8089784702885,crossing_stand_on,T1,True
overtaking,38.09999999999997,196.53538014336385,196.53538014336385,22.83386644906376,16.8089784702885,crossing_stand_on,T1,True
overtaking,38.14999999999997,196.16128680198216,196.16128680198216,22.822794350435,16.8089784702885,crossing_stand_on,T1,True
overtaking,38.19999999999997,195.79232248087908,195.79232248087908,22.81183654585449,16.8089784702885,crossing_stand_on,T1,True
overtaking,38.249999999999964,195.4283957733051,195.4283957733051,22.800991186670927,16.8089784702885,crossing_stand_on,T1,True
overtaking,38.29999999999996,195.06941645606662,195.06941645606662,22.790256442494602,16.8089784702885,crossing_stand_on,T1,True
overtaking,38.34999999999996,194.71529547189596,194.71529547189596,22.779630501026073,16.8089784702885,crossing_stand_on,T1,True
overtaking,38.399999999999956,194.3659449121435,194.3659449121435,22.769111567886487,16.8089784702885,crossing_stand_on,T1,True
overtaking,38.44999999999995,194.02127799979115,194.02127799979115,22.758697866449545,16.8089784702885,crossing_stand_on,T1,True
overtaking,38.49999999999995,193.68120907277557,193.68120907277557,22.74838763767505,16.8089784702885,crossing_stand_on,T1,True
overtaking,38.54999999999995,193.34565356762067,193.34565356762067,22.73817913994409,16.8089784702885,crossing_stand_on,T1,True
overtaking,38.599999999999945,193.01452800337086,193.01452800337086,22.72807064889575,16.8089784702885,crossing_stand_on,T1,True
overtaking,38.64999999999994,192.6877499658197,192.6877499658197,22.718060457265437,16.8089784702885,crossing_stand_on,T1,True
overtaking,38.69999999999994,192.36523809203192,192.36523809203192,22.708146874724758,16.8089784702885,crossing_stand_on,T1,True
overtaking,38.749999999999936,192.04691205514797,192.04691205514797,22.69832822772291,16.8089784702885,crossing_stand_on,T1,True
overtaking,38.79999999999993,191.73269254947246,191.73269254947246,22.688602859329663,16.8089784702885,crossing_stand_on,T1,True
overtaking,38.84999999999993,191.42250127583486,191.42250127583486,22.67896912907979,16.8089784702885,crossing_stand_on,T1,True
overtaking,38.89999999999993,191.1162609272236,191.1162609272236,22.669425412819088,16.8089784702885,crossing_stand_on,T1,True
overtaking,38.949999999999925,190.8138951746845,190.8138951746845,22.659970102551856,16.8089784702885,crossing_stand_on,T1,True
overtaking,38.99999999999992,190.51532865347923,190.51532865347923,22.650601606289886,16.8089784702885,crossing_stand_on,T1,True
overtaking,39.04999999999992,190.2204869495019,190.2204869495019,22.641318347902917,16.8089784702885,crossing_stand_on,T1,True
overtaking,39.099999999999916,189.92929658594488,189.92929658594488,22.63211876697061,16.8089784702885,crossing_stand_on,T1,True
overtaking,39.14999999999991,189.64168501021277,189.64168501021277,22.623001318635946,16.8089784702885,crossing_stand_on,T1,True
overtaking,39.19999999999991,189.3575805810787,189.3575805810787,22.613964473460108,16.8089784702885,crossing_stand_on,T1,True
overtaking,39.24999999999991,189.07691255607836,189.07691255607836,22.60500671727882,16.8089784702885,crossing_stand_on,T1,True
overtaking,39.299999999999905,188.79961107913732,188.79961107913732,22.596126551060102,16.8089784702885,crossing_stand_on,T1,True
overtaking,39.3499999999999,188.52560716842908,188.52560716842908,22.58732249076351,16.8089784702885,crossing_stand_on,T1,True
overtaking,39.3999999999999,188.25483270445613,188.25483270445613,22.578593067200746,16.8089784702885,crossing_stand_on,T1,True
overtaking,39.449999999999896,187.98722041835663,187.98722041835663,22.569936825897763,16.8089784702885,crossing_stand_on,T1,True
overtaking,39.49999999999989,187.72270388042256,187.72270388042256,22.56135232695821,16.8089784702885,crossing_stand_on,T1,True
overtaking,39.54999999999989,187.4612174888373,187.4612174888373,22.552838144928376,16.8089784702885,crossing_stand_on,T1,True
overtaking,39.59999999999989,187.2026964586184,187.2026964586184,22.54439286866344,16.8089784702885,crossing_stand_on,T1,True
overtaking,39.649999999999885,186.9470768107683,186.9470768107683,22.536015101195215,16.8089784702885,crossing_stand_on,T1,True
overtaking,39.69999999999988,186.6942953616276,186.6942953616276,22.527703459601227,16.8089784702885,crossing_stand_on,T1,True
overtaking,39.74999999999988,186.4442897124265,186.4442897124265,22.51945657487521,16.8089784702885,crossing_stand_on,T1,True
overtaking,39.799999999999876,186.19699823902982,186.19699823902982,22.511273091798973,16.8089784702885,crossing_stand_on,T1,True
overtaking,39.84999999999987,185.95236008187737,185.95236008187737,22.503151668815658,16.8089784702885,crossing_stand_on,T1,True
overtaking,39.89999999999987,185.71031513610848,185.71031513610848,22.49509097790437,16.8089784702885,crossing_stand_on,T1,True
overtaking,39.94999999999987,185.47080404187443,185.47080404187443,22.487089704456157,16.8089784702885,crossing_stand_on,T1,True
overtaking,39.999999999999865,185.2337681748316,185.2337681748316,22.47914654715141,16.8089784702885,crossing_stand_on,T1,True
overtaking,40.04999999999986,184.9991496368126,184.9991496368126,22.471260217838555,16.8089784702885,crossing_stand_on,T1,True
overtaking,40.09999999999986,184.76853164950234,184.76853164950234,22.463429775816827,16.8089784702885,crossing_stand_on,T1,True
overtaking,40.14999999999986,184.54536957502165,184.54536957502165,22.455659064524244,16.8089784702885,crossing_stand_on,T1,True
overtaking,40.199999999999854,184.332156052115,184.332156052115,22.447960549871567,16.8089784702885,crossing_stand_on,T1,True
overtaking,40.24999999999985,184.13066870816624,184.13066870816624,22.44035171386067,16.8089784702885,crossing_stand_on,T1,True
overtaking,40.29999999999985,183.94215687435974,183.94215687435974,22.43285255470699,16.8089784702885,crossing_stand_on,T1,True
overtaking,40.349999999999845,183.7674817584325,183.7674817584325,22.42548389168485,16.8089784702885,crossing_stand_on,T1,True
overtaking,40.39999999999984,183.607221304505,183.607221304505,22.418266250504793,16.8089784702885,crossing_stand_on,T1,True
overtaking,40.44999999999984,183.46174836534942,183.46174836534942,22.411219163277238,16.8089784702885,crossing_stand_on,T1,True
overtaking,40.49999999999984,183.33128876404533,183.33128876404533,22.404360760785966,16.8089784702885,crossing_stand_on,T1,True
overtaking,40.549999999999834,183.21596423666455,183.21596423666455,22.397707567471247,16.8089784702885,crossing_stand_on,T1,True
overtaking,40.59999999999983,183.11582403323968,183.11582403323968,22.391274433910265,16.8089784702885,crossing_stand_on,T1,True
overtaking,40.64999999999983,183.03086802985774,183.03086802985774,22.385074559723957,16.8089784702885,crossing_stand_on,T1,True
overtaking,40.699999999999825,182.9610635036932,182.9610635036932,22.379119573281145,16.8089784702885,crossing_stand_on,T1,True
overtaking,40.74999999999982,182.90635719224673,182.90635719224673,22.373419644482457,16.8089784702885,crossing_stand_on,T1,True
overtaking,40.79999999999982,182.8666838569253,182.8666838569253,22.36798361417325,16.8089784702885,crossing_stand_on,T1,True
overtaking,40.84999999999982,182.841972267933,182.841972267933,22.362819129025635,16.8089784702885,crossing_stand_on,T1,True
overtaking,40.899999999999814,182.8321492983552,182.8321492983552,22.35793277454976,16.8089784702885,crossing_stand_on,T1,True
overtaking,40.94999999999981,182.8371426422347,182.8371426422347,22.353330201624214,16.8089784702885,crossing_stand_on,T1,True
overtaking,40.99999999999981,182.85688254073392,182.85688254073392,22.349016243860902,16.8089784702885,crossing_stand_on,T1,True
overtaking,41.049999999999805,182.89130280182803,182.89130280182803,22.344995024455205,16.8089784702885,crossing_stand_on,T1,True
overtaking,41.0999999999998,182.94034132464697,182.94034132464697,22.341270052078446,16.8089784702885,crossing_stand_on,T1,True
overtaking,41.1499999999998,183.00394028365372,183.00394028365372,22.337844305965532,16.8089784702885,crossing_stand_on,T1,True
overtaking,41.1999999999998,183.08204608588073,183.08204608588073,22.334720310724883,16.8089784702885,crossing_stand_on,T1,True
overtaking,41.249999999999794,183.17460918306062,183.17460918306062,22.33190020161567,16.8089784702885,crossing_stand_on,T1,True
overtaking,41.29999999999979,183.2815837970989,183.2815837970989,22.32938578114694,16.8089784702885,crossing_stand_on,T1,True
overtaking,41.34999999999979,183.40292760000028,183.40292760000028,22.327178567888932,16.8089784702885,crossing_stand_on,T1,True
overtaking,41.399999999999785,183.53860137659638,183.53860137659638,22.325279838374527,16.8089784702885,crossing_stand_on,T1,True
overtaking,41.44999999999978,183.68856868907523,183.68856868907523,22.323690662925895,16.8089784702885,crossing_stand_on,T1,True
overtaking,41.49999999999978,183.8527955555606,183.8527955555606,22.32241193618075,16.8089784702885,crossing_stand_on,T1,True
overtaking,41.54999999999978,184.03125015013256,184.03125015013256,22.32144440302328,16.8089784702885,crossing_stand_on,T1,True
overtaking,41.599999999999774,184.22390252827734,184.22390252827734,22.320788680552475,16.8089784702885,crossing_stand_on,T1,True
overtaking,41.64999999999977,184.43072437937934,184.43072437937934,22.32044527664919,16.8089784702885,crossing_stand_on,T1,True
overtaking,41.69999999999977,184.65168880628556,184.65168880628556,22.3204146056355,16.8089784702885,crossing_stand_on,T1,True
overtaking,41.749999999999766,184.88677013093127,184.88677013093127,22.320697001457017,16.8089784702885,crossing_stand_on,T1,True
overtaking,41.79999999999976,185.13594372439104,185.13594372439104,22.321292728761513,16.8089784702885,crossing_stand_on,T1,True
overtaking,41.84999999999976,185.39918585936948,185.39918585936948,22.322201992195854,16.8089784702885,crossing_stand_on,T1,True
overtaking,41.89999999999976,185.67647358299524,185.67647358299524,22.323424944197626,16.8089784702885,crossing_stand_on,T1,True
overtaking,41.949999999999754,185.96778460776704,185.96778460776704,22.324961691517796,16.8089784702885,crossing_stand_on,T1,True
overtaking,41.99999999999975,186.27309721857256,186.27309721857256,22.326812300675748,16.8089784702885,crossing_stand_on,T1,True
overtaking,42.04999999999975,186.59239019381818,186.59239019381818,22.328976802517694,16.8089784702885,crossing_stand_on,T1,True
overtaking,42.099999999999746,186.92564273887217,186.92564273887217,22.33145519602336,16.8089784702885,crossing_stand_on,T1,True
overtaking,42.14999999999974,187.27283443018155,187.27283443018155,22.334247451483368,16.8089784702885,crossing_stand_on,T1,True
overtaking,42.19999999999974,187.6339451686024,187.6339451686024,22.337353513150546,16.8089784702885,crossing_stand_on,T1,True
overtaking,42.24999999999974,188.00895514064246,188.00895514064246,22.340773301452106,16.8089784702885,crossing_stand_on,T1,True
overtaking,42.299999999999734,188.39784478647283,188.39784478647283,22.34450671483561,16.8089784702885,crossing_stand_on,T1,True
overtaking,42.34999999999973,188.800594773714,188.800594773714,22.348553631310054,16.8089784702885,crossing_stand_on,T1,True
overtaking,42.39999999999973,189.21718597612494,189.21718597612494,22.352913909733303,16.8089784702885,crossing_stand_on,T1,True
overtaking,42.449999999999726,189.6475994564487,189.6475994564487,22.35758739088882,16.8089784702885,crossing_stand_on,T1,True
overtaking,42.49999999999972,190.09181645276834,190.09181645276834,22.36257389838754,16.8089784702885,crossing_stand_on,T1,True
overtaking,42.54999999999972,190.54981836782002,190.54981836782002,22.367873239424828,16.8089784702885,crossing_stand_on,T1,True
overtaking,42.59999999999972,191.02158676078898,191.02158676078898,22.373485205417445,16.8089784702885,crossing_stand_on,T1,True
overtaking,42.649999999999714,191.5071033411889,191.5071033411889,22.37940957254135,16.8089784702885,crossing_stand_on,T1,True
overtaking,42.69999999999971,192.00634996447712,192.00634996447712,22.385646102187597,16.8089784702885,crossing_stand_on,T1,True
overtaking,42.74999999999971,192.51930862911968,192.51930862911968,22.39219454135077,16.8089784702885,crossing_stand_on,T1,True
overtaking,42.799999999999706,193.04596147485557,193.04596147485557,22.39905462296184,16.8089784702885,crossing_stand_on,T1,True
overtaking,42.8499999999997,193.58629078195537,193.58629078195537,22.40622606617544,16.8089784702885,crossing_stand_on,T1,True
overtaking,42.8999999999997,194.14027897129768,194.14027897129768,22.41370857661973,16.8089784702885,crossing_stand_on,T1,True
overtaking,42.9499999999997,194.70790860511465,194.70790860511465,22.421501846615758,16.8089784702885,crossing_stand_on,T1,True
overtaking,42.999999999999694,195.28916238828253,195.28916238828253,22.429605555371914,16.8089784702885,crossing_stand_on,T1,True
overtaking,43.04999999999969,195.88402317005267,195.88402317005267,22.438019369158166,16.8089784702885,crossing_stand_on,T1,True
overtaking,43.09999999999969,196.49247394613468,196.49247394613468,22.446742941463985,16.8089784702885,crossing_stand_on,T1,True
overtaking,43.149999999999686,197.11449786105737,197.11449786105737,22.455775913143153,16.8089784702885,crossing_stand_on,T1,True
overtaking,43.19999999999968,197.75007821074627,197.75007821074627,22.4651179125481,16.8089784702885,crossing_stand_on,T1,True
overtaking,43.24999999999968,198.3991984452653,198.3991984452653,22.474768555655906,16.8089784702885,crossing_stand_on,T1,True
overtaking,43.29999999999968,199.06184217167862,199.06184217167862,22.48472744618789,16.8089784702885,crossing_stand_on,T1,True
overtaking,43.349999999999675,199.73799315699642,199.73799315699642,22.49499417572412,16.8089784702885,crossing_stand_on,T1,True
overtaking,43.39999999999967,200.42763533117426,200.42763533117426,22.505568323814163,16.8089784702885,crossing_stand_on,T1,True
overtaking,43.44999999999967,201.13075279013907,201.13075279013907,22.516449458085052,16.8089784702885,crossing_stand_on,T1,True
overtaking,43.499999999999666,201.84732979882335,201.84732979882335,22.52763713434729,16.8089784702885,crossing_stand_on,T1,True
overtaking,43.54999999999966,202.5773507941837,202.5773507941837,22.539130896699515,16.8089784702885,crossing_stand_on,T1,True
overtaking,43.59999999999966,203.32080038819583,203.32080038819583,22.550930277632457,16.8089784702885,crossing_stand_on,T1,True
overtaking,43.64999999999966,204.07766337080687,204.07766337080687,22.563034798132563,16.8089784702885,crossing_stand_on,T1,True
overtaking,43.699999999999655,204.8479247128393,204.8479247128393,22.575443967785674,16.8089784702885,crossing_stand_on,T1,True
overtaking,43.74999999999965,205.6315695688333,205.6315695688333,22.588157284881042,16.8089784702885,crossing_stand_on,T1,True
overtaking,43.79999999999965,206.42858327982447,206.42858327982447,22.601174236515895,16.8089784702885,crossing_stand_on,T1,True
overtaking,43.849999999999646,207.23895137604535,207.23895137604535,22.614494298700777,16.8089784702885,crossing_stand_on,T1,True
overtaking,43.89999999999964,208.06265957955276,208.06265957955276,22.628116936465762,16.8089784702885,crossing_stand_on,T1,True
overtaking,43.94999999999964,208.8996938067673,208.8996938067673,22.642041603967655,16.8089784702885,crossing_stand_on,T1,True
overtaking,43.99999999999964,209.75004017093,209.75004017093,22.656267744598285,16.8089784702885,crossing_stand_on,T1,True
overtaking,44.049999999999635,210.61368498446882,210.61368498446882,22.67079479109395,16.8089784702885,crossing_stand_on,T1,True
overtaking,44.09999999999963,211.49061476127122,211.49061476127122,22.685622165646,16.8089784702885,crossing_stand_on,T1,True
overtaking,44.14999999999963,212.38081621886568,212.38081621886568,22.700749280012666,16.8089784702885,crossing_stand_on,T1,True
overtaking,44.199999999999626,213.2842762805039,213.2842762805039,22.71617553563206,16.8089784702885,crossing_stand_on,T1,True
overtaking,44.24999999999962,214.20098207714938,214.20098207714938,22.73190032373644,16.8089784702885,crossing_stand_on,T1,True
overtaking,44.29999999999962,215.13092094936496,215.13092094936496,22.747923025467635,16.8089784702885,crossing_stand_on,T1,True
overtaking,44.34999999999962,216.07408044910431,216.07408044910431,22.764243011993695,16.8089784702885,crossing_stand_on,T1,True
overtaking,44.399999999999615,217.03044834140036,217.03044834140036,22.780859644626705,16.8089784702885,crossing_stand_on,T1,True
overtaking,44.44999999999961,237.19666348547952,237.19666348547952,22.79777227494173,16.8089784702885,none,T1,True
overtaking,44.49999999999961,237.9815663604142,237.9815663604142,22.814980244896915,16.8089784702885,none,T1,True
overtaking,44.549999999999606,238.78051756845383,238.78051756845383,22.832482886954633,16.8089784702885,none,T1,True
overtaking,44.5999999999996,239.59351711961932,239.59351711961932,22.850279524203675,16.8089784702885,none,T1,True
overtaking,44.6499999999996,240.42056502387385,240.42056502387385,22.868369470482502,16.8089784702885,none,T1,True
overtaking,44.6999999999996,241.26166129112977,241.26166129112977,22.886752030503413,16.8089784702885,none,T1,True
overtaking,44.749999999999595,242.11680593125692,242.11680593125692,22.90542649997767,16.8089784702885,none,T1,True
overtaking,44.79999999999959,242.98599895408705,242.98599895408705,22.92439216574148,16.8089784702885,none,T1,True
overtaking,44.84999999999959,243.86924036941997,243.86924036941997,22.943648305882878,16.8089784702885,none,T1,True
overtaking,44.89999999999959,244.76653018702672,244.76653018702672,22.96319418986934,16.8089784702885,none,T1,True
overtaking,44.949999999999584,245.6778684166531,245.6778684166531,22.983029078676193,16.8089784702885,none,T1,True
overtaking,44.99999999999958,246.6032550680216,246.6032550680216,23.003152224915695,16.8089784702885,none,T1,True
overtaking,45.04999999999958,247.54269015083463,247.54269015083463,23.02356287296684,16.8089784702885,none,T1,True
overtaking,45.099999999999575,248.49617367477634,248.49617367477634,23.04426025910571,16.8089784702885,none,T1,True
overtaking,45.14999999999957,249.46370564951297,249.46370564951297,23.065243611636433,16.8089784702885,none,T1,True
overtaking,45.19999999999957,250.4452860846954,250.4452860846954,23.086512151022678,16.8089784702885,none,T1,True
overtaking,45.24999999999957,251.44091498995948,251.44091498995948,23.108065090019586,16.8089784702885,none,T1,True
overtaking,45.299999999999564,252.4505923749271,252.4505923749271,23.129901633806174,16.8089784702885,none,T1,True
overtaking,45.34999999999956,253.47431824920687,253.47431824920687,23.152020980118113,16.8089784702885,none,T1,True
overtaking,45.39999999999956,254.51209262239473,254.51209262239473,23.174422319380845,16.8089784702885,none,T1,True
overtaking,45.449999999999555,255.56391550407426,255.56391550407426,23.197104834843003,16.8089784702885,none,T1,True
overtaking,45.49999999999955,256.629786903817,256.629786903817,23.22006770271007,16.8089784702885,none,T1,True
overtaking,45.54999999999955,257.70970683118384,257.70970683118384,23.2433100922783,16.8089784702885,none,T1,True
overtaking,45.59999999999955,258.8036752957234,258.8036752957234,23.266831166068698,16.8089784702885,none,T1,True
overtaking,45.649999999999544,259.91169230697386,259.91169230697386,23.29063007996126,16.8089784702885,none,T1,True
overtaking,45.69999999999954,261.0337578744629,261.0337578744629,23.314705983329176,16.8089784702885,none,T1,True
overtaking,45.74999999999954,262.16987200770683,262.16987200770683,23.33905801917312,16.8089784702885,none,T1,True
overtaking,45.799999999999535,263.320034716212,263.320034716212,23.363685324255552,16.8089784702885,none,T1,True
overtaking,45.84999999999953,264.48424600947413,264.48424600947413,23.38858702923493,16.8089784702885,none,T1,True
overtaking,45.89999999999953,265.66250589697887,265.66250589697887,23.41376225879987,16.8089784702885,none,T1,True
overtaking,45.94999999999953,266.8548143882012,266.8548143882012,23.43921013180315,16.8089784702885,none,T1,True
overtaking,45.999999999999524,268.06117149260643,268.06117149260643,23.464929761395595,16.8089784702885,none,T1,True
overtaking,46.04999999999952,269.2815772196497,269.2815772196497,23.490920255159697,16.8089784702885,none,T1,True
overtaking,46.09999999999952,270.5160315787759,270.5160315787759,23.517180715243022,16.8089784702885,none,T1,True
overtaking,46.149999999999515,271.76453457942006,271.76453457942006,23.54371023849135,16.8089784702885,none,T1,True
overtaking,46.19999999999951,273.0270862310069,273.0270862310069,23.57050791658146,16.8089784702885,none,T1,True
overtaking,46.24999999999951,274.3036865429519,274.3036865429519,23.5975728361536,16.8089784702885,none,T1,True
overtaking,46.29999999999951,275.59433552466004,275.59433552466004,23.624904078943526,16.8089784702885,none,T1,True
overtaking,46.349999999999504,276.89903318552655,276.89903318552655,23.65250072191414,16.8089784702885,none,T1,True
overtaking,46.3999999999995,278.21777953493716,278.21777953493716,23.68036183738668,16.8089784702885,none,T1,True
overtaking,46.4499999999995,279.5505745822674,279.5505745822674,23.70848649317138,16.8089784702885,none,T1,True
overtaking,46.499999999999496,280.8974183368827,280.8974183368827,23.736873752697615,16.8089784702885,none,T1,True
overtaking,46.54999999999949,282.25831080813936,282.25831080813936,23.76552267514354,16.8089784702885,none,T1,True
overtaking,46.59999999999949,283.63325200538344,283.63325200538344,23.79443231556504,16.8089784702885,none,T1,True
overtaking,46.64999999999949,285.02224193795126,285.02224193795126,23.823601725024147,16.8089784702885,none,T1,True
overtaking,46.699999999999484,286.4252806151699,286.4252806151699,23.85302995071679,16.8089784702885,none,T1,True
overtaking,46.74999999999948,287.84236804635617,287.84236804635617,23.8827160360998,16.8089784702885,none,T1,True
overtaking,46.79999999999948,289.273504240817,289.273504240817,23.912659021017284,16.8089784702885,none,T1,True
overtaking,46.849999999999476,290.71868920784965,290.71868920784965,23.942857941826244,16.8089784702885,none,T1,True
overtaking,46.89999999999947,292.1779229567422,292.1779229567422,23.97331183152141,16.8089784702885,none,T1,True
overtaking,46.94999999999947,293.65120549677243,293.65120549677243,24.004019719859315,16.8089784702885,none,T1,True
overtaking,46.99999999999947,295.13853683720885,295.13853683720885,24.03498063348151,16.8089784702885,none,T1,True
overtaking,47.049999999999464,296.6399169873101,296.6399169873101,24.066193596037003,16.8089784702885,none,T1,True
overtaking,47.09999999999946,298.1553459563249,298.1553459563249,24.09765762830378,16.8089784702885,none,T1,True
overtaking,47.14999999999946,299.6848237534927,299.6848237534927,24.129371748309467,16.8089784702885,none,T1,True
overtaking,47.199999999999456,301.22835038804345,301.22835038804345,24.161334971451097,16.8089784702885,none,T1,True
overtaking,47.24999999999945,302.78592586919666,302.78592586919666,24.19354631061389,16.8089784702885,none,T1,True
overtaking,47.29999999999945,304.35755020616335,304.35755020616335,24.22600477628917,16.8089784702885,none,T1,True
overtaking,47.34999999999945,305.94322340814364,305.94322340814364,24.258709376691208,16.8089784702885,none,T1,True
overtaking,47.399999999999444,307.5429454843292,307.5429454843292,24.291659117873188,16.8089784702885,none,T1,True
overtaking,47.44999999999944,309.1567164439013,309.1567164439013,24.32485300384205,16.8089784702885,none,T1,True
overtaking,47.49999999999944,310.7845362960322,310.7845362960322,24.35829003667241,16.8089784702885,none,T1,True
overtaking,47.549999999999436,312.42640504988384,312.42640504988384,24.391969216619355,16.8089784702885,none,T1,True
overtaking,47.59999999999943,314.08232271460946,314.08232271460946,24.425889542230223,16.8089784702885,none,T1,True
overtaking,47.64999999999943,315.75228929935184,315.75228929935184,24.460050010455298,16.8089784702885,none,T1,True
overtaking,47.69999999999943,317.43630481324504,317.43630481324504,24.494449616757414,16.8089784702885,none,T1,True
overtaking,47.749999999999424,319.134369265413,319.134369265413,24.52908735522044,16.8089784702885,none,T1,True
overtaking,47.79999999999942,320.8464826649703,320.8464826649703,24.563962218656677,16.8089784702885,none,T1,True
overtaking,47.84999999999942,322.5726450210221,322.5726450210221,24.599073198713086,16.8089784702885,none,T1,True
overtaking,47.899999999999416,324.31285634266413,324.31285634266413,24.63441928597641,16.8089784702885,none,T1,True
overtaking,47.94999999999941,326.0671166389822,326.0671166389822,24.669999470077105,16.8089784702885,none,T1,True
overtaking,47.99999999999941,327.83542591905297,327.83542591905297,24.705812739792133,16.8089784702885,none,T1,True
overtaking,48.04999999999941,329.6177841919434,329.6177841919434,24.741858083146578,16.8089784702885,none,T1,True
overtaking,48.099999999999405,331.41419146671086,331.41419146671086,24.778134487514052,16.8089784702885,none,T1,True
overtaking,48.1499999999994,333.224647752404,333.224647752404,24.81464093971594,16.8089784702885,none,T1,True
overtaking,48.1999999999994,335.0491530580611,335.0491530580611,24.85137642611941,16.8089784702885,none,T1,True
overtaking,48.249999999999396,336.8877073927113,336.8877073927113,24.888339932734237,16.8089784702885,none,T1,True
overtaking,48.29999999999939,338.74031076537443,338.74031076537443,24.925530445308418,16.8089784702885,none,T1,True
overtaking,48.34999999999939,340.60696318506103,340.60696318506103,24.962946949422527,16.8089784702885,none,T1,True
overtaking,48.39999999999939,342.48766466077194,342.48766466077194,25.000588430582876,16.8089784702885,none,T1,True
overtaking,48.449999999999385,344.3824152014983,344.3824152014983,25.03845387431342,16.8089784702885,none,T1,True
overtaking,48.49999999999938,346.2912148162224,346.2912148162224,25.076542266246452,16.8089784702885,none,T1,True
overtaking,48.54999999999938,348.2140635139171,348.2140635139171,25.11485259221203,16.8089784702885,none,T1,True
overtaking,48.599999999999376,350.15096130354533,350.15096130354533,25.15338383832616,16.8089784702885,none,T1,True
overtaking,48.64999999999937,352.1019081940613,352.1019081940613,25.192134991077744,16.8089784702885,none,T1,True
overtaking,48.69999999999937,354.06690419440935,354.06690419440935,25.23110503741427,16.8089784702885,none,T1,True
overtaking,48.74999999999937,356.04594931352466,356.04594931352466,25.27029296482625,16.8089784702885,none,T1,True
overtaking,48.799999999999365,358.03904356033325,358.03904356033325,25.30969776143041,16.8089784702885,none,T1,True
overtaking,48.84999999999936,360.04618694375114,360.04618694375114,25.349318416051613,16.8089784702885,none,T1,True
overtaking,48.89999999999936,362.0673794726858,362.0673794726858,25.389153918303542,16.8089784702885,none,T1,True
overtaking,48.949999999999356,364.102621156035,364.102621156035,25.42920325866812,16.8089784702885,none,T1,True
overtaking,48.99999999999935,366.1519120026874,366.1519120026874,25.469465428573677,16.8089784702885,none,T1,True
overtaking,49.04999999999935,368.21525202152196,368.21525202152196,25.509939420471863,16.8089784702885,none,T1,True
overtaking,49.09999999999935,370.2926412214086,370.2926412214086,25.550624227913318,16.8089784702885,none,T1,True
overtaking,49.149999999999345,372.3840796112083,372.3840796112083,25.59151884562209,16.8089784702885,none,T1,True
overtaking,49.19999999999934,374.489567199772,374.489567199772,25.6326222695688,16.8089784702885,none,T1,True
overtaking,49.24999999999934,376.609103995942,376.609103995942,25.673933497042565,16.8089784702885,none,T1,True
overtaking,49.299999999999336,378.7426900085507,378.7426900085507,25.715451526721694,16.8089784702885,none,T1,True
overtaking,49.34999999999933,380.89032524642204,380.89032524642204,25.757175358743133,16.8089784702885,none,T1,True
overtaking,49.39999999999933,383.05200971837024,383.05200971837024,25.799103994770682,16.8089784702885,none,T1,True
overtaking,49.44999999999933,385.2277434332005,385.2277434332005,25.84123643806199,16.8089784702885,none,T1,True
overtaking,49.499999999999325,387.4175263997084,387.4175263997084,25.883571693534314,16.8089784702885,none,T1,True
overtaking,49.54999999999932,389.62135862668055,389.62135862668055,25.92610876782906,16.8089784702885,none,T1,True
overtaking,49.59999999999932,391.8392401228945,391.8392401228945,25.96884666937515,16.8089784702885,none,T1,True
overtaking,49.64999999999932,394.0711708971184,394.0711708971184,26.01178440845112,16.8089784702885,none,T1,True
overtaking,49.699999999999314,396.31715095811154,396.31715095811154,26.054920997246064,16.8089784702885,none,T1,True
overtaking,49.74999999999931,398.5771803146236,398.5771803146236,26.098255449919368,16.8089784702885,none,T1,True
overtaking,49.79999999999931,400.8512589753953,400.8512589753953,26.141786782659246,16.8089784702885,none,T1,True
overtaking,49.849999999999305,403.1393869491582,403.1393869491582,26.18551401374013,16.8089784702885,none,T1,True
overtaking,49.8999999999993,405.4415642446348,405.4415642446348,26.229436163578832,16.8089784702885,none,T1,True
overtaking,49.9499999999993,407.75779087053803,407.75779087053803,26.273552254789614,16.8089784702885,none,T1,True
overtaking,49.9999999999993,410.0880668355721,410.0880668355721,26.317861312238016,16.8089784702885,none,T1,True
overtaking,50.049999999999294,412.4323921484319,412.4323921484319,26.362362363093606,16.8089784702885,none,T1,True
overtaking,50.09999999999929,414.79076681780367,414.79076681780367,26.40705443688156,16.8089784702885,none,T1,True
overtaking,50.14999999999929,417.16319085236347,417.16319085236347,26.451936565533078,16.8089784702885,none,T1,True
overtaking,50.199999999999285,419.5496642607796,419.5496642607796,26.497007783434753,16.8089784702885,none,T1,True
overtaking,50.24999999999928,421.9501870517102,421.9501870517102,26.542267127476745,16.8089784702885,none,T1,True
overtaking,50.29999999999928,424.36475923380493,424.36475923380493,26.58771363709989,16.8089784702885,none,T1,True
overtaking,50.34999999999928,426.7933808157041,426.7933808157041,26.633346354341704,16.8089784702885,none,T1,True
overtaking,50.399999999999274,429.23605180603903,429.23605180603903,26.679164323881313,16.8089784702885,none,T1,True
overtaking,50.44999999999927,431.6927722134321,431.6927722134321,26.725166593083276,16.8089784702885,none,T1,True
overtaking,50.49999999999927,434.1635420464965,434.1635420464965,26.77135221204037,16.8089784702885,none,T1,True
overtaking,50.549999999999265,436.6483613138366,436.6483613138366,26.81772023361529,16.8089784702885,none,T1,True
overtaking,50.59999999999926,439.14723002404736,439.14723002404736,26.86426971348132,16.8089784702885,none,T1,True
overtaking,50.64999999999926,441.66014818571495,441.66014818571495,26.910999710161963,16.8089784702885,none,T1,True
overtaking,50.69999999999926,444.18711580741655,444.18711580741655,26.957909285069547,16.8089784702885,none,T1,True
overtaking,50.749999999999254,446.7281328977202,446.7281328977202,27.004997502542793,16.8089784702885,none,T1,True
overtaking,50.79999999999925,449.2831994651853,449.2831994651853,27.052263429883418,16.8089784702885,none,T1,True
overtaking,50.84999999999925,451.85231551836176,451.85231551836176,27.099706137391678,16.8089784702885,none,T1,True
overtaking,50.899999999999245,454.4354810657907,454.4354810657907,27.147324698401004,16.8089784702885,none,T1,True
overtaking,50.94999999999924,457.03269611600473,457.03269611600473,27.195118189311607,16.8089784702885,none,T1,True
overtaking,50.99999999999924,459.64396067752654,459.64396067752654,27.243085689623136,16.8089784702885,none,T1,True
overtaking,51.04999999999924,462.26927475887106,462.26927475887106,27.2912262819664,16.8089784702885,none,T1,True
overtaking,51.099999999999234,464.9086383685431,464.9086383685431,27.3395390521341,16.8089784702885,none,T1,True
overtaking,51.14999999999923,467.5620515150394,467.5620515150394,27.388023089110717,16.8089784702885,none,T1,True
overtaking,51.19999999999923,470.22951420684734,470.22951420684734,27.43667748510139,16.8089784702885,none,T1,True
overtaking,51.249999999999226,472.9110264524458,472.9110264524458,27.485501335559956,16.8089784702885,none,T1,True
overtaking,51.29999999999922,475.606588260304,475.606588260304,27.534493739216025,16.8089784702885,none,T1,True
overtaking,51.34999999999922,478.316199638883,478.316199638883,27.583653798101246,16.8089784702885,none,T1,True
overtaking,51.39999999999922,481.0398605966348,481.0398605966348,27.632980617574667,16.8089784702885,none,T1,True
overtaking,51.449999999999214,483.7775711420024,483.7775711420024,27.68247330634719,16.8089784702885,none,T1,True
overtaking,51.49999999999921,486.5293312834196,486.5293312834196,27.73213097650525,16.8089784702885,none,T1,True
overtaking,51.54999999999921,489.2951410293121,489.2951410293121,27.781952743533605,16.8089784702885,none,T1,True
overtaking,51.599999999999206,492.0750003880964,492.0750003880964,27.831937726337323,16.8089784702885,none,T1,True
overtaking,51.6499999999992,494.8689093681798,494.8689093681798,27.882085047262915,16.8089784702885,none,T1,True
overtaking,51.6999999999992,497.6768679779613,497.6768679779613,27.932393832118716,16.8089784702885,none,T1,True
overtaking,51.7499999999992,500.49887622583066,500.49887622583066,27.98286321019443,16.8089784702885,none,T1,True
overtaking,51.799999999999194,503.33493412016884,503.33493412016884,28.03349231427992,16.8089784702885,none,T1,True
overtaking,51.84999999999919,506.18504166934844,506.18504166934844,28.084280280683192,16.8089784702885,none,T1,True
overtaking,51.89999999999919,509.04919888173293,509.04919888173293,28.135226249247673,16.8089784702885,none,T1,True
overtaking,51.949999999999186,511.9274057656766,511.9274057656766,28.18632936336867,16.8089784702885,none,T1,True
overtaking,51.99999999999918,514.819662329526,514.819662329526,28.237588770009175,16.8089784702885,none,T1,True
overtaking,52.04999999999918,517.7259685816177,517.7259685816177,28.28900361971485,16.8089784702885,none,T1,True
overtaking,52.09999999999918,520.6463245302807,520.6463245302807,28.340573066628398,16.8089784702885,none,T1,True
overtaking,52.149999999999174,523.5807301838338,523.5807301838338,28.39229626850312,16.8089784702885,none,T1,True
overtaking,52.19999999999917,526.5291855505889,526.5291855505889,28.4441723867159,16.8089784702885,none,T1,True
overtaking,52.24999999999917,529.4916906388471,529.4916906388471,28.496200586279382,16.8089784702885,none,T1,True
overtaking,52.299999999999166,532.4682454569027,532.4682454569027,28.548380035853608,16.8089784702885,none,T1,True
overtaking,52.34999999999916,535.4588500130396,535.4588500130396,28.60070990775687,16.8089784702885,none,T1,True
overtaking,52.39999999999916,538.4635043155342,538.4635043155342,28.653189377976,16.8089784702885,none,T1,True
overtaking,52.44999999999916,541.4822083726538,541.4822083726538,28.70581762617599,16.8089784702885,none,T1,True
overtaking,52.499999999999154,544.5149621926564,544.5149621926564,28.758593835708986,16.8089784702885,none,T1,True
overtaking,52.54999999999915,547.5617657837925,547.5617657837925,28.81151719362267,16.8089784702885,none,T1,True
overtaking,52.59999999999915,550.6226191543028,550.6226191543028,28.864586890668036,16.8089784702885,none,T1,True
overtaking,52.649999999999146,553.69752231242,553.69752231242,28.91780212130656,16.8089784702885,none,T1,True
overtaking,52.69999999999914,556.7864752663681,556.7864752663681,28.97116208371681,16.8089784702885,none,T1,True
overtaking,52.74999999999914,559.8894780243622,559.8894780243622,29.02466597980043,16.8089784702885,none,T1,True
overtaking,52.79999999999914,563.0065305946086,563.0065305946086,29.07831301518764,16.8089784702885,none,T1,True
overtaking,52.849999999999135,566.1376329853053,566.1376329853053,29.132102399242108,16.8089784702885,none,T1,True
overtaking,52.89999999999913,569.2827852046421,569.2827852046421,29.186033345065315,16.8089784702885,none,T1,True
overtaking,52.94999999999913,572.4419872607987,572.4419872607987,29.240105069500366,16.8089784702885,none,T1,True
overtaking,52.999999999999126,575.6152391619478,575.6152391619478,29.294316793135323,16.8089784702885,none,T1,True
overtaking,53.04999999999912,578.8025409162528,578.8025409162528,29.34866774030595,16.8089784702885,none,T1,True
overtaking,53.09999999999912,582.0038925318679,582.0038925318679,29.40315713909801,16.8089784702885,none,T1,True
overtaking,53.14999999999912,585.21929401694,585.21929401694,29.457784221349073,16.8089784702885,none,T1,True
overtaking,53.199999999999115,588.4487453796064,588.4487453796064,29.51254822264978,16.8089784702885,none,T1,True
overtaking,53.24999999999911,591.6922466279962,591.6922466279962,29.567448382344708,16.8089784702885,none,T1,True
overtaking,53.29999999999911,594.9497977702301,594.9497977702301,29.622483943532696,16.8089784702885,none,T1,True
overtaking,53.349999999999106,598.2213988144201,598.2213988144201,29.67765415306679,16.8089784702885,none,T1,True
overtaking,53.3999999999991,601.5070497686695,601.5070497686695,29.732958261553655,16.8089784702885,none,T1,True
overtaking,53.4499999999991,604.8067506410732,604.8067506410732,29.78839552335264,16.8089784702885,none,T1,True
overtaking,53.4999999999991,608.1205014397176,608.1205014397176,29.84396519657433,16.8089784702885,none,T1,True
overtaking,53.549999999999095,611.4483021726801,611.4483021726801,29.899666543078744,16.8089784702885,none,T1,True
overtaking,53.59999999999909,614.7901528480306,614.7901528480306,29.955498828473093,16.8089784702885,none,T1,True
overtaking,53.64999999999909,618.1460534738296,618.1460534738296,30.011461322109124,16.8089784702885,none,T1,True
overtaking,53.699999999999086,621.5160040581293,621.5160040581293,30.06755329708009,16.8089784702885,none,T1,True
overtaking,53.74999999999908,624.9000046089736,624.9000046089736,30.12377403021733,16.8089784702885,none,T1,True
overtaking,53.79999999999908,628.2980551343985,628.2980551343985,30.180122802086487,16.8089784702885,none,T1,True
overtaking,53.84999999999908,631.7101556424298,631.7101556424298,30.236598896983306,16.8089784702885,none,T1,True
overtaking,53.899999999999075,635.1363061410864,635.1363061410864,30.29320160292914,16.8089784702885,none,T1,True
overtaking,53.94999999999907,638.5765066383785,638.5765066383785,30.34993021166607,16.8089784702885,none,T1,True
overtaking,53.99999999999907,642.0307571423073,642.0307571423073,30.406784018651653,16.8089784702885,none,T1,True
overtaking,54.049999999999066,645.4990576608657,645.4990576608657,30.463762323053402,16.8089784702885,none,T1,True
overtaking,54.09999999999906,648.9814082020389,648.9814082020389,30.52086442774289,16.8089784702885,none,T1,True
overtaking,54.14999999999906,652.4778087738025,652.4778087738025,30.578089639289516,16.8089784702885,none,T1,True
overtaking,54.19999999999906,655.9882593841246,655.9882593841246,30.635437267954035,16.8089784702885,none,T1,True
overtaking,54.249999999999055,659.5127600409646,659.5127600409646,30.692906627681694,16.8089784702885,none,T1,True
overtaking,54.29999999999905,663.0513107522734,663.0513107522734,30.750497036095137,16.8089784702885,none,T1,True
overtaking,54.34999999999905,666.6039115259937,666.6039115259937,30.80820781448697,16.8089784702885,none,T1,True
overtaking,54.39999999999905,670.1705623700595,670.1705623700595,30.86603828781209,16.8089784702885,none,T1,True
overtaking,54.449999999999044,673.751263292397,673.751263292397,30.923987784679703,16.8089784702885,none,T1,True
overtaking,54.49999999999904,677.3460143009233,677.3460143009233,30.982055637345074,16.8089784702885,none,T1,True
overtaking,54.54999999999904,680.9548154035481,680.9548154035481,31.04024118170106,16.8089784702885,none,T1,True
overtaking,54.599999999999035,684.5776666081713,684.5776666081713,31.098543757269304,16.8089784702885,none,T1,True
overtaking,54.64999999999903,688.2145679226862,688.2145679226862,31.156962707191287,16.8089784702885,none,T1,True
overtaking,54.69999999999903,691.8655193549766,691.8655193549766,31.215497378219027,16.8089784702885,none,T1,True
overtaking,54.74999999999903,695.5305209129181,695.5305209129181,31.27414712070563,16.8089784702885,none,T1,True
overtaking,54.799999999999024,699.2095726043781,699.2095726043781,31.332911288595582,16.8089784702885,none,T1,True
overtaking,54.84999999999902,702.9026744372163,702.9026744372163,31.3917892394148,16.8089784702885,none,T1,True
overtaking,54.89999999999902,706.6098264192835,706.6098264192835,31.450780334260482,16.8089784702885,none,T1,True
overtaking,54.949999999999015,710.3310285584216,710.3310285584216,31.509883937790757,16.8089784702885,none,T1,True
overtaking,54.99999999999901,714.0662808624656,714.0662808624656,31.569099418214133,16.8089784702885,none,T1,True
overtaking,55.04999999999901,717.8155833392414,717.8155833392414,31.62842614727871,16.8089784702885,none,T1,True
overtaking,55.09999999999901,721.5789359965663,721.5789359965663,31.68786350026124,16.8089784702885,none,T1,True
overtaking,55.149999999999004,725.3563388422504,725.3563388422504,31.747410855955998,16.8089784702885,none,T1,True
overtaking,55.199999999999,729.1477918840944,729.1477918840944,31.80706759666343,16.8089784702885,none,T1,True
overtaking,55.249999999999,732.9532951298916,732.9532951298916,31.866833108178696,16.8089784702885,none,T1,True
overtaking,55.299999999998995,736.7728485874268,736.7728485874268,31.92670677977998,16.8089784702885,none,T1,True
overtaking,55.34999999999899,740.6064522644765,740.6064522644765,31.986688004216674,16.8089784702885,none,T1,True
overtaking,55.39999999999899,744.454106168809,744.454106168809,32.04677617769736,16.8089784702885,none,T1,True
overtaking,55.44999999999899,748.3158103081842,748.3158103081842,32.10697069987772,16.8089784702885,none,T1,True
overtaking,55.499999999998984,752.1915646903542,752.1915646903542,32.16727097384819,16.8089784702885,none,T1,True
overtaking,55.54999999999898,756.081369323063,756.081369323063,32.227676406121574,16.8089784702885,none,T1,True
overtaking,55.59999999999898,759.9852242140455,759.9852242140455,32.28818640662042,16.8089784702885,none,T1,True
overtaking,55.649999999998975,763.9031293710293,763.9031293710293,32.348800388664365,16.8089784702885,none,T1,True
overtaking,55.69999999999897,767.8350848017344,767.8350848017344,32.409517768957265,16.8089784702885,none,T1,True
overtaking,55.74999999999897,771.7810905138708,771.7810905138708,32.47033796757424,16.8089784702885,none,T1,True
overtaking,55.79999999999897,775.7411465151413,775.7411465151413,32.531260407948594,16.8089784702885,none,T1,True
overtaking,55.849999999998964,779.7152528132412,779.7152528132412,32.59228451685864,16.8089784702885,none,T1,True
overtaking,55.89999999999896,783.7034094158569,783.7034094158569,32.653409724414374,16.8089784702885,none,T1,True
overtaking,55.94999999999896,787.7056163306665,787.7056163306665,32.71463546404405,16.8089784702885,none,T1,True
overtaking,55.999999999998956,791.7218735653412,791.7218735653412,32.77596117248071,16.8089784702885,none,T1,True
overtaking,56.04999999999895,795.7521811275428,795.7521811275428,32.83738628974854,16.8089784702885,none,T1,True
overtaking,56.09999999999895,799.7965390249251,799.7965390249251,32.898910259149126,16.8089784702885,none,T1,True
overtaking,56.14999999999895,803.8549472651346,803.8549472651346,32.96053252724775,16.8089784702885,none,T1,True
overtaking,56.199999999998944,807.9274058558085,807.9274058558085,33.02225254385943,16.8089784702885,none,T1,True
overtaking,56.24999999999894,812.0139148045771,812.0139148045771,33.084069762035014,16.8089784702885,none,T1,True
overtaking,56.29999999999894,816.1144741190624,816.1144741190624,33.14598363804708,16.8089784702885,none,T1,True
overtaking,56.349999999998936,820.2290838068782,820.2290838068782,33.20799363137587,16.8089784702885,none,T1,True
overtaking,56.39999999999893,824.3577438756301,824.3577438756301,33.270099204695086,16.8089784702885,none,T1,True
overtaking,56.44999999999893,828.5004543329151,828.5004543329151,33.332299823857596,16.8089784702885,none,T1,True
overtaking,56.49999999999893,832.6572151863227,832.6572151863227,33.39459495788121,16.8089784702885,none,T1,True
overtaking,56.549999999998924,836.8280264434345,836.8280264434345,33.456984078934205,16.8089784702885,none,T1,True
overtaking,56.59999999999892,841.0128881118242,841.0128881118242,33.519466662320966,16.8089784702885,none,T1,True
overtaking,56.64999999999892,845.2118001990577,845.2118001990577,33.582042186467454,16.8089784702885,none,T1,True
overtaking,56.699999999998916,849.4247627126917,849.4247627126917,33.64471013290669,16.8089784702885,none,T1,True
overtaking,56.74999999999891,853.651775660277,853.651775660277,33.707469986264165,16.8089784702885,none,T1,True
overtaking,56.79999999999891,857.892839049354,857.892839049354,33.77032123424319,16.8089784702885,none,T1,True
overtaking,56.84999999999891,862.1479528874565,862.1479528874565,33.833263367610265,16.8089784702885,none,T1,True
overtaking,56.899999999998904,866.4171171821088,866.4171171821088,33.89629588018035,16.8089784702885,none,T1,True
overtaking,56.9499999999989,870.7003319408298,870.7003319408298,33.95941826880213,16.8089784702885,none,T1,True
overtaking,56.9999999999989,874.9975971711292,874.9975971711292,34.02263003334327,16.8089784702885,none,T1,True
overtaking,57.049999999998896,879.3089128805075,879.3089128805075,34.085930676675524,16.8089784702885,none,T1,True
overtaking,57.09999999999889,883.6342790764593,883.6342790764593,34.14931970466003,16.8089784702885,none,T1,True
overtaking,57.14999999999889,887.9736957664704,887.9736957664704,34.212796626132345,16.8089784702885,none,T1,True
overtaking,57.19999999999889,892.3271629580177,892.3271629580177,34.27636095288763,16.8089784702885,none,T1,True
overtaking,57.249999999998884,896.6946806585715,896.6946806585715,34.34001219966577,16.8089784702885,none,T1,True
overtaking,57.29999999999888,901.0762488755945,901.0762488755945,34.403749884136424,16.8089784702885,none,T1,True
overtaking,57.34999999999888,905.4718676165401,905.4718676165401,34.46757352688411,16.8089784702885,none,T1,True
overtaking,57.399999999998876,909.8815368888543,909.8815368888543,34.531482651393304,16.8089784702885,none,T1,True
overtaking,57.44999999999887,914.3052566999754,914.3052566999754,34.59547678403345,16.8089784702885,none,T1,True
overtaking,57.49999999999887,918.7430270573334,918.7430270573334,34.65955545404407,16.8089784702885,none,T1,True
overtaking,57.54999999999887,923.1948479683506,923.1948479683506,34.72371819351973,16.8089784702885,none,T1,True
overtaking,57.599999999998865,927.6607194404426,927.6607194404426,34.78796453739518,16.8089784702885,none,T1,True
overtaking,57.64999999999886,932.1406414810158,932.1406414810158,34.85229402343034,16.8089784702885,none,T1,True
overtaking,57.69999999999886,936.6346140974686,936.6346140974686,34.91670619219532,16.8089784702885,none,T1,True
overtaking,57.749999999998856,941.1426372971926,941.1426372971926,34.98120058705554,16.8089784702885,none,T1,True
overtaking,57.79999999999885,945.6647110875708,945.6647110875708,35.04577675415674,16.8089784702885,none,T1,True
overtaking,57.84999999999885,950.2008354759787,950.2008354759787,35.11043424241006,16.8089784702885,none,T1,True
overtaking,57.89999999999885,954.7510104697835,954.7510104697835,35.1751726034771,16.8089784702885,none,T1,True
overtaking,57.949999999998845,959.3152360763459,959.3152360763459,35.23999139175503,16.8089784702885,none,T1,True
overtaking,57.99999999999884,963.8935123030169,963.8935123030169,35.30489016436164,16.8089784702885,none,T1,True
overtaking,58.04999999999884,968.4858391571404,968.4858391571404,35.36986848112052,16.8089784702885,none,T1,True
overtaking,58.099999999998836,973.0922166460539,973.0922166460539,35.434925904546155,16.8089784702885,none,T1,True
overtaking,58.14999999999883,977.7126447770847,977.7126447770847,35.50006199982906,16.8089784702885,none,T1,True
overtaking,58.19999999999883,982.3471235575541,982.3471235575541,35.56527633482097,16.8089784702885,none,T1,True
overtaking,58.24999999999883,986.9956529947749,986.9956529947749,35.63056848002003,16.8089784702885,none,T1,True
overtaking,58.299999999998825,991.6582330960534,991.6582330960534,35.69593800855604,16.8089784702885,none,T1,True
overtaking,58.34999999999882,996.3348638686857,996.3348638686857,35.761384496175594,16.8089784702885,none,T1,True
overtaking,58.39999999999882,1001.0255453199616,1001.0255453199616,35.82690752122745,16.8089784702885,none,T1,True
overtaking,58.449999999998816,1005.730277457164,1005.730277457164,35.89250666464779,16.8089784702885,none,T1,True
overtaking,58.49999999999881,1010.4490602875667,1010.4490602875667,35.95818150994553,16.8089784702885,none,T1,True
overtaking,58.54999999999881,1015.1818938184365,1015.1818938184365,36.02393164318768,16.8089784702885,none,T1,True
overtaking,58.59999999999881,1019.9287780570319,1019.9287780570319,36.08975665298471,16.8089784702885,none,T1,True
overtaking,58.649999999998805,1024.6897130106036,1024.6897130106036,36.15565613047599,16.8089784702885,none,T1,True
overtaking,58.6999999999988,1029.4646986863956,1029.4646986863956,36.22162966931524,16.8089784702885,none,T1,True
overtaking,58.7499999999988,1034.2537350916434,1034.2537350916434,36.287676865656,16.8089784702885,none,T1,True
overtaking,58.799999999998796,1039.0568222335758,1039.0568222335758,36.35379731813718,16.8089784702885,none,T1,True
overtaking,58.84999999999879,1043.8739601194115,1043.8739601194115,36.419990627868565,16.8089784702885,none,T1,True
overtaking,58.89999999999879,1048.705148756365,1048.705148756365,36.48625639841647,16.8089784702885,none,T1,True
overtaking,58.94999999999879,1053.55038815164,1053.55038815164,36.55259423578937,16.8089784702885,none,T1,True
overtaking,58.999999999998785,1058.409678312434,1058.409678312434,36.61900374842352,16.8089784702885,none,T1,True
overtaking,59.04999999999878,1063.283019245937,1063.283019245937,36.685484547168784,16.8089784702885,none,T1,True
overtaking,59.09999999999878,1068.1704109593313,1068.1704109593313,36.75203624527427,16.8089784702885,none,T1,True
overtaking,59.149999999998776,1073.071853459791,1073.071853459791,36.818658458374244,16.8089784702885,none,T1,True
overtaking,59.199999999998774,1077.987346754484,1077.987346754484,36.88535080447394,16.8089784702885,none,T1,True
overtaking,59.24999999999877,1082.9168908505671,1082.9168908505671,36.95211290393541,16.8089784702885,none,T1,True
overtaking,59.29999999999877,1087.8604857551943,1087.8604857551943,37.018944379463555,16.8089784702885,none,T1,True
overtaking,59.349999999998765,1092.8181314755082,1092.8181314755082,37.085844856092066,16.8089784702885,none,T1,True
overtaking,59.39999999999876,1097.7898280186462,1097.7898280186462,37.152813961169464,16.8089784702885,none,T1,True
overtaking,59.44999999999876,1102.7755753917363,1102.7755753917363,37.219851324345164,16.8089784702885,none,T1,True
overtaking,59.49999999999876,1107.7753736019,1107.7753736019,37.28695657755567,16.8089784702885,none,T1,True
overtaking,59.549999999998754,1112.7892226562506,1112.7892226562506,37.35412935501071,16.8089784702885,none,T1,True
overtaking,59.59999999999875,1117.8171225618944,1117.8171225618944,37.42136929317949,16.8089784702885,none,T1,True
overtaking,59.64999999999875,1122.8590733259293,1122.8590733259293,37.48867603077697,16.8089784702885,none,T1,True
overtaking,59.699999999998745,1127.9150749554472,1127.9150749554472,37.55604920875024,16.8089784702885,none,T1,True
overtaking,59.74999999999874,1132.9851274575317,1132.9851274575317,37.623488470264874,16.8089784702885,none,T1,True
overtaking,59.79999999999874,1138.0692308392577,1138.0692308392577,37.690993460691374,16.8089784702885,none,T1,True
overtaking,59.84999999999874,1143.1673851076937,1143.1673851076937,37.75856382759169,16.8089784702885,none,T1,True
overtaking,59.899999999998734,1148.2795902699006,1148.2795902699006,37.82619922070578,16.8089784702885,none,T1,True
overtaking,59.94999999999873,1153.4058463329322,1153.4058463329322,37.893899291938204,16.8089784702885,none,T1,True
overtaking,59.99999999999873,1158.5461533038342,1158.5461533038342,37.96166369534476,16.8089784702885,none,T1,True
overtaking,60.049999999998725,1163.7005111896447,1163.7005111896447,38.029492087119266,16.8089784702885,none,T1,True
overtaking,60.09999999999872,1168.8689199973944,1168.8689199973944,38.097384125580284,16.8089784702885,none,T1,True
overtaking,60.14999999999872,1174.0513797341073,1174.0513797341073,38.165339471157985,16.8089784702885,none,T1,True
overtaking,60.19999999999872,1179.2478904067982,1179.2478904067982,38.233357786381,16.8089784702885,none,T1,True
overtaking,60.249999999998714,1184.4584520224762,1184.4584520224762,38.301438735863414,16.8089784702885,none,T1,True
overtaking,60.29999999999871,1189.6830645881423,1189.6830645881423,38.369581986291756,16.8089784702885,none,T1,True
overtaking,60.34999999999871,1194.9217281107897,1194.9217281107897,38.437787206412025,16.8089784702885,none,T1,True
overtaking,60.399999999998705,1200.174442597404,1200.174442597404,38.50605406701687,16.8089784702885,none,T1,True
overtaking,60.4499999999987,1205.4412080549641,1205.4412080549641,38.57438224093273,16.8089784702885,none,T1,True
overtaking,60.4999999999987,1210.722024490441,1210.722024490441,38.6427714030071,16.8089784702885,none,T1,True
overtaking,60.5499999999987,1216.0168919107991,1216.0168919107991,38.71122123009582,16.8089784702885,none,T1,True
overtaking,60.599999999998694,1221.3258103229948,1221.3258103229948,38.779731401050434,16.8089784702885,none,T1,True
overtaking,60.64999999999869,1226.6487797339755,1226.6487797339755,38.84830159670559,16.8089784702885,none,T1,True
overtaking,60.69999999999869,1231.9858001506843,1231.9858001506843,38.916931499866564,16.8089784702885,none,T1,True
overtaking,60.749999999998685,1237.3368715800545,1237.3368715800545,38.98562079529678,16.8089784702885,none,T1,True
overtaking,60.79999999999868,1242.7019940290124,1242.7019940290124,39.05436916970539,16.8089784702885,none,T1,True
overtaking,60.84999999999868,1248.0811675044781,1248.0811675044781,39.12317631173497,16.8089784702885,none,T1,True
overtaking,60.89999999999868,1253.474392013363,1253.474392013363,39.19204191194923,16.8089784702885,none,T1,True
overtaking,60.949999999998674,1258.8816675625726,1258.8816675625726,39.260965662820816,16.8089784702885,none,T1,True
overtaking,60.99999999999867,1264.3029941590037,1264.3029941590037,39.3299472587191,16.8089784702885,none,T1,True
overtaking,61.04999999999867,1269.7383718095457,1269.7383718095457,39.398986395898156,16.8089784702885,none,T1,True
overtaking,61.099999999998666,1275.187800521081,1275.187800521081,39.4680827724847,16.8089784702885,none,T1,True
overtaking,61.14999999999866,1280.6512803004853,1280.6512803004853,39.537236088466116,16.8089784702885,none,T1,True
overtaking,61.19999999999866,1286.1288111546266,1286.1288111546266,39.60644604567859,16.8089784702885,none,T1,True
overtaking,61.24999999999866,1291.620393090365,1291.620393090365,39.675712347795184,16.8089784702885,none,T1,True
overtaking,61.299999999998654,1297.1260261145535,1297.1260261145535,39.74503470031415,16.8089784702885,none,T1,True
overtaking,61.34999999999865,1302.6457102340391,1302.6457102340391,39.814412810547154,16.8089784702885,none,T1,True
overtaking,61.39999999999865,1308.1794454556582,1308.1794454556582,39.88384638760761,16.8089784702885,none,T1,True
overtaking,61.449999999998646,1313.727231786244,1313.727231786244,39.95333514239914,16.8089784702885,none,T1,True
overtaking,61.49999999999864,1319.2890692326202,1319.2890692326202,40.02287878760401,16.8089784702885,none,T1,True
overtaking,61.54999999999864,1324.8649578016032,1324.8649578016032,40.092477037671614,16.8089784702885,none,T1,True
overtaking,61.59999999999864,1330.4548975000023,1330.4548975000023,40.162129608807156,16.8089784702885,none,T1,True
overtaking,61.649999999998634,1336.05888833462,1336.05888833462,40.231836218960254,16.8089784702885,none,T1,True
overtaking,61.69999999999863,1341.676930312252,1341.676930312252,40.30159658781367,16.8089784702885,none,T1,True
overtaking,61.74999999999863,1347.3090234396846,1347.3090234396846,40.371410436772045,16.8089784702885,none,T1,True
overtaking,61.799999999998626,1352.9551677236987,1352.9551677236987,40.441277488950824,16.8089784702885,none,T1,True
overtaking,61.84999999999862,1358.6153631710686,1358.6153631710686,40.511197469165126,16.8089784702885,none,T1,True
overtaking,61.89999999999862,1364.289609788559,1364.289609788559,40.58117010391865,16.8089784702885,none,T1,True
overtaking,61.94999999999862,1369.977907582929,1369.977907582929,40.65119512139282,16.8089784702885,none,T1,True
overtaking,61.999999999998614,1375.6802565609298,1375.6802565609298,40.721272251435764,16.8089784702885,none,T1,True
overtaking,62.04999999999861,1381.3966567293062,1381.3966567293062,40.79140122555155,16.8089784702885,none,T1,True
overtaking,62.09999999999861,1387.1271080947945,1387.1271080947945,40.86158177688936,16.8089784702885,none,T1,True
overtaking,62.149999999998606,1392.8716106641257,1392.8716106641257,40.931813640232804,16.8089784702885,none,T1,True
overtaking,62.1999999999986,1398.6301644440214,1398.6301644440214,41.00209655198919,16.8089784702885,none,T1,True
overtaking,62.2499999999986,1404.402769441198,1404.402769441198,41.07243025017902,16.8089784702885,none,T1,True
overtaking,62.2999999999986,1410.1894256623639,1410.1894256623639,41.14281447442538,16.8089784702885,none,T1,True
overtaking,62.349999999998595,1415.9901331142205,1415.9901331142205,41.2132489659435,16.8089784702885,none,T1,True
overtaking,62.39999999999859,1421.8048918034617,1421.8048918034617,41.28373346753033,16.8089784702885,none,T1,True
overtaking,62.44999999999859,1427.633701736774,1427.633701736774,41.354267723554194,16.8089784702885,none,T1,True
overtaking,62.499999999998586,1433.4765629208366,1433.4765629208366,41.424851479944486,16.8089784702885,none,T1,True
overtaking,62.54999999999858,1439.3334753623235,1439.3334753623235,41.495484484181475,16.8089784702885,none,T1,True
overtaking,62.59999999999858,1445.2044390678984,1445.2044390678984,41.56616648528609,16.8089784702885,none,T1,True
overtaking,62.64999999999858,1451.089454044222,1451.089454044222,41.636897233809876,16.8089784702885,none,T1,True
overtaking,62.699999999998575,1456.9885202979438,1456.9885202979438,41.707676481824855,16.8089784702885,none,T1,True
overtaking,62.74999999999857,1462.901637835708,1462.901637835708,41.778503982913634,16.8089784702885,none,T1,True
overtaking,62.79999999999857,1468.828806664153,1468.828806664153,41.84937949215944,16.8089784702885,none,T1,True
overtaking,62.849999999998566,1474.770026789907,1474.770026789907,41.92030276613624,16.8089784702885,none,T1,True
overtaking,62.89999999999856,1480.7252982195935,1480.7252982195935,41.99127356289895,16.8089784702885,none,T1,True
overtaking,62.94999999999856,1486.6946209598289,1486.6946209598289,42.06229164197371,16.8089784702885,none,T1,True
overtaking,62.99999999999856,1492.6779950172206,1492.6779950172206,42.13335676434816,16.8089784702885,none,T1,True
overtaking,63.049999999998555,1498.6754203983708,1498.6754203983708,42.20446869246186,16.8089784702885,none,T1,True
overtaking,63.09999999999855,1504.6868971098754,1504.6868971098754,42.27562719019669,16.8089784702885,none,T1,True
overtaking,63.14999999999855,1510.7124251583207,1510.7124251583207,42.34683202286734,16.8089784702885,none,T1,True
overtaking,63.199999999998546,1516.7520045502863,1516.7520045502863,42.41808295721187,16.8089784702885,none,T1,True
overtaking,63.24999999999854,1522.805635292347,1522.805635292347,42.48937976138237,16.8089784702885,none,T1,True
overtaking,63.29999999999854,1528.8733173910684,1528.8733173910684,42.56072220493551,16.8089784702885,none,T1,True
overtaking,63.34999999999854,1534.95505085301,1534.95505085301,42.632110058823415,16.8089784702885,none,T1,True
overtaking,63.399999999998535,1541.0508356847254,1541.0508356847254,42.70354309538434,16.8089784702885,none,T1,True
overtaking,63.44999999999853,1547.160671892758,1547.160671892758,42.77502108833355,16.8089784702885,none,T1,True
overtaking,63.49999999999853,1553.2845594836476,1553.2845594836476,42.846543812754255,16.8089784702885,none,T1,True
overtaking,63.549999999998526,1559.4224984639243,1559.4224984639243,42.91811104508849,16.8089784702885,none,T1,True
overtaking,63.59999999999852,1565.5744888401134,1565.5744888401134,42.98972256312822,16.8089784702885,none,T1,True
overtaking,63.64999999999852,1571.7405306187318,1571.7405306187318,43.06137814600636,16.8089784702885,none,T1,True
overtaking,63.69999999999852,1577.9206238062902,1577.9206238062902,43.133077574187915,16.8089784702885,none,T1,True
overtaking,63.749999999998515,1584.1147684092914,1584.1147684092914,43.204820629461175,16.8089784702885,none,T1,True
overtaking,63.79999999999851,1590.3229644342323,1590.3229644342323,43.27660709492895,16.8089784702885,none,T1,True
overtaking,63.84999999999851,1596.5452118876028,1596.5452118876028,43.34843675499989,16.8089784702885,none,T1,True
overtaking,63.899999999998506,1602.7815107758838,1602.7815107758838,43.42030939537979,16.8089784702885,none,T1,True
overtaking,63.949999999998504,1609.031861105552,1609.031861105552,43.49222480306307,16.8089784702885,none,T1,True
overtaking,63.9999999999985,1615.296262883076,1615.296262883076,43.5641827663242,16.8089784702885,none,T1,True
overtaking,64.0499999999985,1621.5747161149184,1621.5747161149184,43.63618307470924,16.8089784702885,none,T1,True
overtaking,64.0999999999985,1627.867220807533,1627.867220807533,43.708225519027366,16.8089784702885,none,T1,True
overtaking,64.1499999999985,1634.1737769673675,1634.1737769673675,43.78030989134259,16.8089784702885,none,T1,True
overtaking,64.1999999999985,1640.4943846008628,1640.4943846008628,43.85243598496536,16.8089784702885,none,T1,True
overtaking,64.2499999999985,1646.8290437144535,1646.8290437144535,43.92460359444438,16.8089784702885,none,T1,True
static_obstacles,0.0,2593.8268575785173,2593.8268575785173,53.52482087261103,16.46449488646949,none,O1,True
static_obstacles,0.05,2580.9914907159678,2580.9914907159678,53.404785203037264,16.46449488646949,none,O1,True
static_obstacles,0.1,2567.732752301721,2567.732752301721,53.280506230405706,16.46449488646949,none,O1,True
static_obstacles,0.15000000000000002,2554.1183579558456,2554.1183579558456,53.15259118634223,16.46449488646949,none,O1,True
static_obstacles,0.2,2540.207529279235,2540.207529279235,53.02157222438632,16.46449488646949,none,O1,True
static_obstacles,0.25,2526.0516995568905,2526.0516995568905,52.88791252662058,16.46449488646949,none,O1,True
static_obstacles,0.3,2511.6952740072043,2511.6952740072043,52.75201290826526,16.46449488646949,none,O1,True
static_obstacles,0.35,2497.17639767946,2497.17639767946,52.61421851121653,16.46449488646949,none,O1,True
static_obstacles,0.39999999999999997,2482.527698519936,2482.527698519936,52.4748253011529,16.46449488646949,none,O1,True
static_obstacles,0.44999999999999996,2467.77698474302,2467.77698474302,52.334086182999314,16.46449488646949,none,O1,True
static_obstacles,0.49999999999999994,2452.9478845486065,2452.9478845486065,52.19221662676521,16.46449488646949,none,O1,True
static_obstacles,0.5499999999999999,2438.060422746959,2438.060422746959,52.049399752672834,16.46449488646949,none,O1,True
static_obstacles,0.6,2423.131533405796,2423.131533405796,51.90579086453048,16.46449488646949,none,O1,True
static_obstacles,0.65,2408.175510644838,2408.175510644838,51.76152144703069,16.46449488646949,none,O1,True
static_obstacles,0.7000000000000001,2393.204401551744,2393.204401551744,51.616702659297445,16.46449488646949,none,O1,True
static_obstacles,0.7500000000000001,2378.2283461996944,2378.2283461996944,51.47142836629147,16.46449488646949,none,O1,True
static_obstacles,0.8000000000000002,2363.2558701653256,2363.2558701653256,51.32577775379449,16.46449488646949,none,O1,True
static_obstacles,0.8500000000000002,2348.294134970947,2348.294134970947,51.179817573312306,16.46449488646949,none,O1,True
static_obstacles,0.9000000000000002,2333.349151651133,2333.349151651133,51.03360406161526,16.46449488646949,none,O1,True
static_obstacles,0.9500000000000003,2318.4259622741465,2318.4259622741465,50.88718457667634,16.46449488646949,none,O1,True
static_obstacles,1.0000000000000002,2303.5287938052297,2303.5287938052297,50.74059898810626,16.46449488646949,none,O1,True
static_obstacles,1.0500000000000003,2288.6611882298407,2288.6611882298407,50.59388085625,16.46449488646949,none,O1,True
static_obstacles,1.1000000000000003,2273.826112391595,2273.826112391595,50.447058430181784,16.46449488646949,none,O1,True
static_obstacles,1.1500000000000004,2259.0260505609504,2259.0260505609504,50.300155491087004,16.46449488646949,none,O1,True
static_obstacles,1.2000000000000004,2244.2630823469794,2244.2630823469794,50.153192064050714,16.46449488646949,none,O1,True
static_obstacles,1.2500000000000004,2229.5389482006694,2229.5389482006694,50.006185018128,16.46449488646949,none,O1,True
static_obstacles,1.3000000000000005,2214.855104435182,2214.855104435182,49.859148571769275,16.46449488646949,none,O1,True
static_obstacles,1.3500000000000005,2200.2127694050505,2200.2127694050505,49.71209471820344,16.46449488646949,none,O1,True
static_obstacles,1.4000000000000006,2185.612962239873,2185.612962239873,49.565033583227326,16.46449488646949,none,O1,True
static_obstacles,1.4500000000000006,2171.056535315275,2171.056535315275,49.41797372598208,16.46449488646949,none,O1,True
static_obstacles,1.5000000000000007,2156.5442014613377,2156.5442014613377,49.27092239168978,16.46449488646949,none,O1,True
static_obstacles,1.5500000000000007,2142.0765567526223,2142.0765567526223,49.123885723944944,16.46449488646949,none,O1,True
static_obstacles,1.6000000000000008,2127.65409959115,2127.65409959115,48.97686894297889,16.46449488646949,none,O1,True
static_obstacles,1.6500000000000008,2113.2772466809806,2113.2772466809806,48.82987649531341,16.46449488646949,none,O1,True
static_obstacles,1.7000000000000008,2098.946346397644,2098.946346397644,48.682912179369715,16.46449488646949,none,O1,True
static_obstacles,1.7500000000000009,2084.6616899751207,2084.6616899751207,48.53597925087842,16.46449488646949,none,O1,True
static_obstacles,1.800000000000001,2070.4235208650825,2070.4235208650825,48.38908051132675,16.46449488646949,none,O1,True
static_obstacles,1.850000000000001,2056.2320425659523,2056.2320425659523,48.24221838216535,16.46449488646949,none,O1,True
static_obstacles,1.900000000000001,2042.0874251711625,2042.0874251711625,48.09539496706252,16.46449488646949,none,O1,True
static_obstacles,1.950000000000001,2027.989810845611,2027.989810845611,47.948612104128635,16.46449488646949,none,O1,True
static_obstacles,2.000000000000001,2013.9393184053497,2013.9393184053497,47.80187140972547,16.46449488646949,none,O1,True
static_obstacles,2.0500000000000007,1999.9360471470636,1999.9360471470636,47.655174315216215,16.46449488646949,none,O1,True
static_obstacles,2.1000000000000005,1985.9800800500398,1985.9800800500398,47.50852209779441,16.46449488646949,none,O1,True
static_obstacles,2.1500000000000004,1972.0714864533034,1972.0714864533034,47.36191590634698,16.46449488646949,none,O1,True
static_obstacles,2.2,1958.210324293837,1958.210324293837,47.21535678315284,16.46449488646949,none,O1,True
static_obstacles,2.25,1944.3966419777703,1944.3966419777703,47.068845682089446,16.46449488646949,none,O1,True
static_obstacles,2.3,1930.6304799446702,1930.6304799446702,46.922383483911496,16.46449488646949,none,O1,True
static_obstacles,2.3499999999999996,1916.9118719752232,1916.9118719752232,46.775971009074766,16.46449488646949,none,O1,True
static_obstacles,2.3999999999999995,1903.2408462843719,1903.2408462843719,46.62960902850196,16.46449488646949,none,O1,True
static_obstacles,2.4499999999999993,1889.6174264350857,1889.6174264350857,46.483298272623315,16.46449488646949,none,O1,True
static_obstacles,2.499999999999999,1876.041632102178,1876.041632102178,46.33703943897105,16.46449488646949,none,O1,True
static_obstacles,2.549999999999999,1862.513479710762,1862.513479710762,46.19083319856162,16.46449488646949,none,O1,True
static_obstacles,2.5999999999999988,1849.0329829699135,1849.0329829699135,46.04468020126205,16.46449488646949,none,O1,True
static_obstacles,2.6499999999999986,1835.6001533187268,1835.6001533187268,45.89858108030472,16.46449488646949,none,O1,True
static_obstacles,2.6999999999999984,1822.2150002991516,1822.2150002991516,45.75253645608876,16.46449488646949,none,O1,True
static_obstacles,2.7499999999999982,1808.8775318676048,1808.8775318676048,45.606546939383435,16.46449488646949,none,O1,True
static_obstacles,2.799999999999998,1795.5877546554311,1795.5877546554311,45.46061313403077,16.46449488646949,none,O1,True
static_obstacles,2.849999999999998,1782.3456741865834,1782.3456741865834,45.31473563922847,16.46449488646949,none,O1,True
static_obstacles,2.8999999999999977,1769.151295059567,1769.151295059567,45.16891505146152,16.46449488646949,none,O1,True
static_obstacles,2.9499999999999975,1756.0046210994947,1756.0046210994947,45.02315196613932,16.46449488646949,none,O1,True
static_obstacles,2.9999999999999973,1742.905655485174,1742.905655485174,44.877446978986605,16.46449488646949,none,O1,True
static_obstacles,3.049999999999997,1729.8544008553172,1729.8544008553172,44.731800687228066,16.46449488646949,none,O1,True
static_obstacles,3.099999999999997,1716.8508593973079,1716.8508593973079,44.58621369060046,16.46449488646949,none,O1,True
static_obstacles,3.149999999999997,1703.8950329213867,1703.8950329213867,44.440686592220494,16.46449488646949,none,O1,True
static_obstacles,3.1999999999999966,1690.9869229226474,1690.9869229226474,44.29521999933206,16.46449488646949,none,O1,True
static_obstacles,3.2499999999999964,1678.1265306328473,1678.1265306328473,44.14981452395273,16.46449488646949,none,O1,True
static_obstacles,3.2999999999999963,1665.313857063708,1665.313857063708,44.004470783436176,16.46449488646949,none,O1,True
static_obstacles,3.349999999999996,1652.5489030431013,1652.5489030431013,43.85918940096455,16.46449488646949,none,O1,True
static_obstacles,3.399999999999996,1639.8316692452854,1639.8316692452854,43.713971005982344,16.46449488646949,none,O1,True
static_obstacles,3.4499999999999957,1627.1621562161754,1627.1621562161754,43.56881623458176,16.46449488646949,none,O1,True
static_obstacles,3.4999999999999956,1614.5403643944628,1614.5403643944628,43.42372572984777,16.46449488646949,none,O1,True
static_obstacles,3.5499999999999954,1601.9662941292586,1601.9662941292586,43.27870014216969,16.46449488646949,none,O1,True
static_obstacles,3.599999999999995,1589.4399456948427,1589.4399456948427,43.133740129525314,16.46449488646949,none,O1,True
static_obstacles,3.649999999999995,1576.9613193029836,1576.9613193029836,42.98884635774218,16.46449488646949,none,O1,True
static_obstacles,3.699999999999995,1564.530415113236,1564.530415113236,42.84401950074031,16.46449488646949,none,O1,True
static_obstacles,3.7499999999999947,1552.147233241545,1552.147233241545,42.699260240759735,16.46449488646949,none,O1,True
static_obstacles,3.7999999999999945,1539.811773767437,1539.811773767437,42.55456926857581,16.46449488646949,none,O1,True
static_obstacles,3.8499999999999943,1527.5240367400256,1527.5240367400256,42.409947283704625,16.46449488646949,none,O1,True
static_obstacles,3.899999999999994,1515.2840221830306,1515.2840221830306,42.26539499460061,16.46449488646949,none,O1,True
static_obstacles,3.949999999999994,1503.0917300989763,1503.0917300989763,42.12091311884817,16.46449488646949,none,O1,True
static_obstacles,3.999999999999994,1490.9471604726928,1490.9471604726928,41.976502383348624,16.46449488646949,none,O1,True
static_obstacles,4.049999999999994,1478.8503132742435,1478.8503132742435,41.83216352450377,16.46449488646949,none,O1,True
static_obstacles,4.099999999999993,1466.8011884613752,1466.8011884613752,41.6878972883972,16.46449488646949,none,O1,True
static_obstacles,4.149999999999993,1454.79978598156,1454.79978598156,41.54370443097413,16.46449488646949,none,O1,True
static_obstacles,4.199999999999993,1442.8461057737045,1442.8461057737045,41.39958571822047,16.46449488646949,none,O1,True
static_obstacles,4.249999999999993,1430.9401477695774,1430.9401477695774,41.255541926341934,16.46449488646949,none,O1,True
static_obstacles,4.299999999999993,1419.0819118949985,1419.0819118949985,41.11157384194357,16.46449488646949,none,O1,True
static_obstacles,4.3499999999999925,1407.271398070839,1407.271398070839,40.96768226221028,16.46449488646949,none,O1,True
static_obstacles,4.399999999999992,1395.5086062138507,1395.5086062138507,40.82386799508874,16.46449488646949,none,O1,True
static_obstacles,4.449999999999992,1383.7935362373637,1383.7935362373637,40.680131859470954,16.46449488646949,none,O1,True
static_obstacles,4.499999999999992,1372.1261880518646,1372.1261880518646,40.536474685379886,16.46449488646949,none,O1,True
static_obstacles,4.549999999999992,1360.506561565484,1360.506561565484,40.392897314157395,16.46449488646949,none,O1,True
static_obstacles,4.599999999999992,1348.9346566844015,1348.9346566844015,40.24940059865465,16.46449488646949,none,O1,True
static_obstacles,4.6499999999999915,1337.410473313183,1337.410473313183,40.105985403425294,16.46449488646949,none,O1,True
static_obstacles,4.699999999999991,1325.934011355066,1325.934011355066,39.96265260492159,16.46449488646949,none,O1,True
static_obstacles,4.749999999999991,1314.5052707121927,1314.5052707121927,39.81940309169353,16.46449488646949,none,O1,True
static_obstacles,4.799999999999991,1303.1242512858098,1303.1242512858098,39.67623776459141,16.46449488646949,none,O1,True
static_obstacles,4.849999999999991,1291.7909529764347,1291.7909529764347,39.5331575369716,16.46449488646949,none,O1,True
static_obstacles,4.899999999999991,1280.5053756839884,1280.5053756839884,39.39016333490594,16.46449488646949,none,O1,True
static_obstacles,4.94999999999999,1269.267519307914,1269.267519307914,39.24725609739481,16.46449488646949,none,O1,True
static_obstacles,4.99999999999999,1258.0773837472739,1258.0773837472739,39.10443677658398,16.46449488646949,none,O1,True
static_obstacles,5.04999999999999,1246.9349689008263,1246.9349689008263,38.96170633798533,16.46449488646949,none,O1,True
static_obstacles,5.09999999999999,1235.8402746670968,1235.8402746670968,38.81906576070162,16.46449488646949,none,O1,True
static_obstacles,5.14999999999999,1224.7933009444287,1224.7933009444287,38.67651603765531,16.46449488646949,none,O1,True
static_obstacles,5.1999999999999895,1213.794047631035,1213.794047631035,38.53405817582175,16.46449488646949,none,O1,True
static_obstacles,5.249999999999989,1202.8425146250352,1202.8425146250352,38.39169319646654,16.46449488646949,none,O1,True
static_obstacles,5.299999999999989,1191.938701824486,1191.938701824486,38.249422135387434,16.46449488646949,none,O1,True
static_obstacles,5.349999999999989,1181.082609127413,1181.082609127413,38.10724604316078,16.46449488646949,none,O1,True
static_obstacles,5.399999999999989,1170.2742364318287,1170.2742364318287,37.96516598539257,16.46449488646949,none,O1,True
static_obstacles,5.449999999999989,1159.5135836357554,1159.5135836357554,37.82318304297426,16.46449488646949,none,O1,True
static_obstacles,5.4999999999999885,1148.8006506372367,1148.8006506372367,37.68129831234344,16.46449488646949,none,O1,True
static_obstacles,5.549999999999988,1138.135437334356,1138.135437334356,37.53951290574954,16.46449488646949,none,O1,True
static_obstacles,5.599999999999988,1127.517943625242,1127.517943625242,37.39782795152443,16.46449488646949,none,O1,True
static_obstacles,5.649999999999988,1116.9481694080823,1116.9481694080823,37.256244594358435,16.46449488646949,none,O1,True
static_obstacles,5.699999999999988,1106.4261145811274,1106.4261145811274,37.11476399558143,16.46449488646949,none,O1,True
static_obstacles,5.749999999999988,1095.9517790427017,1095.9517790427017,36.973387333449466,16.46449488646949,none,O1,True
static_obstacles,5.799999999999987,1085.5251626912027,1085.5251626912027,36.83211580343685,16.46449488646949,none,O1,True
static_obstacles,5.849999999999987,1075.1462654251109,1075.1462654251109,36.69095061853387,16.46449488646949,none,O1,True
static_obstacles,5.899999999999987,1064.8150871429898,1064.8150871429898,36.549893009550246,16.46449488646949,none,O1,True
static_obstacles,5.949999999999987,1054.5316277434922,1054.5316277434922,36.4089442254245,16.46449488646949,none,O1,True
static_obstacles,5.999999999999987,1044.2958871253586,1044.2958871253586,36.26810553353923,16.46449488646949,none,O1,True
static_obstacles,6.0499999999999865,1034.1078651874232,1034.1078651874232,36.12737822004252,16.46449488646949,none,O1,True
static_obstacles,6.099999999999986,1023.9675618286136,1023.9675618286136,35.98676359017568,16.46449488646949,none,O1,True
static_obstacles,6.149999999999986,1013.8749769479526,1013.8749769479526,35.8462629686071,16.46449488646949,none,O1,True
static_obstacles,6.199999999999986,1003.8301104445594,1003.8301104445594,35.7058776997729,16.46449488646949,none,O1,True
static_obstacles,6.249999999999986,993.832962217651,993.832962217651,35.56560914822395,16.46449488646949,none,O1,True
static_obstacles,6.299999999999986,983.8835321665409,983.8835321665409,35.42545869897976,16.46449488646949,none,O1,True
static_obstacles,6.349999999999985,973.9818201906431,973.9818201906431,35.28542775788928,16.46449488646949,none,O1,True
static_obstacles,6.399999999999985,964.1278261894719,964.1278261894719,35.145517751998646,16.46449488646949,none,O1,True
static_obstacles,6.449999999999985,954.3215500626387,954.3215500626387,35.00573012992614,16.46449488646949,none,O1,True
static_obstacles,6.499999999999985,944.5629917098576,944.5629917098576,34.8660663622445,16.46449488646949,none,O1,True
static_obstacles,6.549999999999985,934.8521510309407,934.8521510309407,34.726527941870614,16.46449488646949,none,O1,True
static_obstacles,6.5999999999999845,925.1890279258026,925.1890279258026,34.58711638446291,16.46449488646949,none,O1,True
static_obstacles,6.649999999999984,915.5736222944573,915.5736222944573,34.44783322882642,16.46449488646949,none,O1,True
static_obstacles,6.699999999999984,906.0059340370202,906.0059340370202,34.308680037325836,16.46449488646949,none,O1,True
static_obstacles,6.749999999999984,896.4859630537075,896.4859630537075,34.16965839630662,16.46449488646949,none,O1,True
static_obstacles,6.799999999999984,887.0137092448366,887.0137092448366,34.03076991652432,16.46449488646949,none,O1,True
static_obstacles,6.849999999999984,877.5891725108253,877.5891725108253,33.89201623358229,16.46449488646949,none,O1,True
static_obstacles,6.8999999999999835,868.2123527521934,868.2123527521934,33.753399008378004,16.46449488646949,none,O1,True
static_obstacles,6.949999999999983,858.8832498695614,858.8832498695614,33.614919927558084,16.46449488646949,none,O1,True
static_obstacles,6.999999999999983,849.6018637636492,849.6018637636492,33.47658070398214,16.46449488646949,none,O1,True
static_obstacles,7.049999999999983,840.3681943352802,840.3681943352802,33.33838307719587,16.46449488646949,none,O1,True
static_obstacles,7.099999999999983,831.1822414853767,831.1822414853767,33.200328813913224,16.46449488646949,none,O1,True
static_obstacles,7.149999999999983,822.0440051149625,822.0440051149625,33.06241970850807,16.46449488646949,none,O1,True
static_obstacles,7.199999999999982,812.9534851251614,812.9534851251614,32.92465758351545,16.46449488646949,none,O1,True
static_obstacles,7.249999999999982,803.9106814171995,803.9106814171995,32.78704429014271,16.46449488646949,none,O1,True
static_obstacles,7.299999999999982,794.9155938924026,794.9155938924026,32.64958170879043,16.46449488646949,none,O1,True
static_obstacles,7.349999999999982,785.9682224521958,785.9682224521958,32.51227174958366,16.46449488646949,none,O1,True
static_obstacles,7.399999999999982,777.068566998107,777.068566998107,32.3751163529135,16.46449488646949,none,O1,True
static_obstacles,7.4499999999999815,768.2166274317627,768.2166274317627,32.23811748998912,16.46449488646949,none,O1,True
static_obstacles,7.499999999999981,759.4124036548914,759.4124036548914,32.1012771634007,16.46449488646949,none,O1,True
static_obstacles,7.549999999999981,750.6558955693193,750.6558955693193,31.964597407693084,16.46449488646949,none,O1,True
static_obstacles,7.599999999999981,741.947103076975,741.947103076975,31.828080289950808,16.46449488646949,none,O1,True
static_obstacles,7.649999999999981,733.2860260798859,733.2860260798859,31.691727910394313,16.46449488646949,none,O1,True
static_obstacles,7.699999999999981,724.6726644801803,724.6726644801803,31.55554240298779,16.46449488646949,none,O1,True
static_obstacles,7.7499999999999805,716.1340129566458,716.1340129566458,31.419955519115966,16.46449488646949,none,O1,True
static_obstacles,7.79999999999998,707.6871820972644,707.6871820972644,31.28524850410884,16.46449488646949,none,O1,True
static_obstacles,7.84999999999998,699.3417608860184,699.3417608860184,31.151586681140312,16.46449488646949,none,O1,True
static_obstacles,7.89999999999998,691.1027794545133,691.1027794545133,31.019064642911033,16.46449488646949,none,O1,True
static_obstacles,7.94999999999998,682.9725042650315,682.9725042650315,30.88773374871668,16.46449488646949,none,O1,True
static_obstacles,7.99999999999998,674.9515411594952,674.9515411594952,30.75761910528959,16.46449488646949,none,O1,True
static_obstacles,8.04999999999998,667.0395148688358,667.0395148688358,30.628730086887636,16.46449488646949,none,O1,True
static_obstacles,8.09999999999998,659.2354859359901,659.2354859359901,30.501066830564636,16.46449488646949,none,O1,True
static_obstacles,8.14999999999998,651.5382043336797,651.5382043336797,30.37462421496371,16.46449488646949,none,O1,True
static_obstacles,8.199999999999982,643.946261731243,643.946261731243,30.249394268279538,16.46449488646949,none,O1,True
static_obstacles,8.249999999999982,636.4581811893889,636.4581811893889,30.125367600345875,16.46449488646949,none,O1,True
static_obstacles,8.299999999999983,629.0724685341874,629.0724685341874,30.002534232973844,16.46449488646949,none,O1,True
static_obstacles,8.349999999999984,621.7876405325421,621.7876405325421,29.88088406321209,16.46449488646949,none,O1,True
static_obstacles,8.399999999999984,614.6022392559273,614.6022392559273,29.76040710612856,16.46449488646949,none,O1,True
static_obstacles,8.449999999999985,607.5148384199755,607.5148384199755,29.641093608140633,16.46449488646949,none,O1,True
static_obstacles,8.499999999999986,600.5240452331088,600.5240452331088,29.522934086904183,16.46449488646949,none,O1,True
static_obstacles,8.549999999999986,593.6284998796116,593.6284998796116,29.40591933176366,16.46449488646949,none,O1,True
static_obstacles,8.599999999999987,586.8268738878801,586.8268738878801,29.29004038499196,16.46449488646949,none,O1,True
static_obstacles,8.649999999999988,580.1178680956358,580.1178680956358,29.17528851549228,16.46449488646949,none,O1,True
static_obstacles,8.699999999999989,573.5002105960174,573.5002105960174,29.061655191378854,16.46449488646949,none,O1,True
static_obstacles,8.74999999999999,566.972654852899,566.972654852899,28.949132054683073,16.46449488646949,none,O1,True
static_obstacles,8.79999999999999,560.533978060556,560.533978060556,28.837710899569267,16.46449488646949,none,O1,True
static_obstacles,8.84999999999999,554.1829797602778,554.1829797602778,28.72738365439599,16.46449488646949,none,O1,True
static_obstacles,8.899999999999991,547.9184806946605,547.9184806946605,28.618142367408137,16.46449488646949,none,O1,True
static_obstacles,8.949999999999992,541.7393218665351,541.7393218665351,28.509979195592464,16.46449488646949,none,O1,True
static_obstacles,8.999999999999993,535.6443637659228,535.6443637659228,28.40288639614824,16.46449488646949,none,O1,True
static_obstacles,9.049999999999994,529.6324857302382,529.6324857302382,28.296856320037005,16.46449488646949,none,O1,True
static_obstacles,9.099999999999994,523.702585407305,523.702585407305,28.191881407133597,16.46449488646949,none,O1,True
static_obstacles,9.149999999999995,517.8535782959331,517.8535782959331,28.087954182576436,16.46449488646949,none,O1,True
static_obstacles,9.199999999999996,512.0843973438958,512.0843973438958,27.985067253992366,16.46449488646949,none,O1,True
static_obstacles,9.249999999999996,506.3939925877187,506.3939925877187,27.883213309342572,16.46449488646949,none,O1,True
static_obstacles,9.299999999999997,500.78133082254874,500.78133082254874,27.78238511519716,16.46449488646949,none,O1,True
static_obstacles,9.349999999999998,495.2453952934885,495.2453952934885,27.682575515296055,16.46449488646949,none,O1,True
static_obstacles,9.399999999999999,489.7851854022331,489.7851854022331,27.58377742929371,16.46449488646949,none,O1,True
static_obstacles,9.45,484.3997164247004,484.3997164247004,27.485983851615725,16.46449488646949,none,O1,True
static_obstacles,9.5,479.0880192367364,479.0880192367364,27.389187850378413,16.46449488646949,none,O1,True
static_obstacles,9.55,473.8491400459592,473.8491400459592,27.293382566339027,16.46449488646949,none,O1,True
static_obstacles,9.600000000000001,468.6821401285207,468.6821401285207,27.198561211856422,16.46449488646949,none,O1,True
static_obstacles,9.650000000000002,463.5860955700358,463.5860955700358,27.10471706984996,16.46449488646949,none,O1,True
static_obstacles,9.700000000000003,458.5600970102489,458.5600970102489,27.011843492750156,16.46449488646949,none,O1,True
static_obstacles,9.750000000000004,453.60324939120653,453.60324939120653,26.91993390143792,16.46449488646949,none,O1,True
static_obstacles,9.800000000000004,448.71467170882715,448.71467170882715,26.828981784171518,16.46449488646949,none,O1,True
static_obstacles,9.850000000000005,443.89349676782115,443.89349676782115,26.738980695501485,16.46449488646949,none,O1,True
static_obstacles,9.900000000000006,439.1388709399513,439.1388709399513,26.649924255174373,16.46449488646949,none,O1,True
static_obstacles,9.950000000000006,434.44995392562623,434.44995392562623,26.56180614702634,16.46449488646949,none,O1,True
static_obstacles,10.000000000000007,429.82591851882614,429.82591851882614,26.47462011786772,16.46449488646949,none,O1,True
static_obstacles,10.050000000000008,425.2659503753415,425.2659503753415,26.388359976359304,16.46449488646949,none,O1,True
static_obstacles,10.100000000000009,420.7692477843061,420.7692477843061,26.3030195918812,16.46449488646949,none,O1,True
static_obstacles,10.15000000000001,416.3350214429902,416.3350214429902,26.21859289339476,16.46449488646949,none,O1,True
static_obstacles,10.20000000000001,411.9624942348081,411.9624942348081,26.13507386829791,16.46449488646949,none,O1,True
static_obstacles,10.25000000000001,407.6509010104975,407.6509010104975,26.05245656127417,16.46449488646949,none,O1,True
static_obstacles,10.300000000000011,403.3994883724125,403.3994883724125,25.97073507313554,16.46449488646949,none,O1,True
static_obstacles,10.350000000000012,399.20751446187535,399.20751446187535,25.889903559659224,16.46449488646949,none,O1,True
static_obstacles,10.400000000000013,395.0742487495312,395.0742487495312,25.809956230418354,16.46449488646949,none,O1,True
static_obstacles,10.450000000000014,390.998971828647,390.998971828647,25.730887347606707,16.46449488646949,none,O1,True
static_obstacles,10.500000000000014,386.98097521129455,386.98097521129455,25.652691224857374,16.46449488646949,none,O1,True
static_obstacles,10.550000000000015,383.0195611273674,383.0195611273674,25.575362226055518,16.46449488646949,none,O1,True
static_obstacles,10.600000000000016,379.1140423263704,379.1140423263704,25.498894764145177,16.46449488646949,none,O1,True
static_obstacles,10.650000000000016,375.2637418819352,375.2637418819352,25.423283299930308,16.46449488646949,none,O1,True
static_obstacles,10.700000000000017,371.4679929990077,371.4679929990077,25.348522340870044,16.46449488646949,none,O1,True
static_obstacles,10.750000000000018,367.72613882366215,367.72613882366215,25.2746064398685,16.46449488646949,none,O1,True
static_obstacles,10.800000000000018,364.0375322554902,364.0375322554902,25.201530194059053,16.46449488646949,none,O1,True
static_obstacles,10.85000000000002,360.40153576252567,360.40153576252567,25.129288243583535,16.46449488646949,none,O1,True
static_obstacles,10.90000000000002,356.8175211986626,356.8175211986626,25.057875270366452,16.46449488646949,none,O1,True
static_obstacles,10.95000000000002,353.2848696235204,353.2848696235204,24.987285996884506,16.46449488646949,none,O1,True
static_obstacles,11.000000000000021,349.802971124726,349.802971124726,24.917515184931784,16.46449488646949,none,O1,True
static_obstacles,11.050000000000022,346.3712246425673,346.3712246425673,24.84855763438086,16.46449488646949,none,O1,True
static_obstacles,11.100000000000023,342.98903779699106,342.98903779699106,24.780408181940246,16.46449488646949,none,O1,True
static_obstacles,11.150000000000023,339.6558267169065,339.6558267169065,24.713061699908543,16.46449488646949,none,O1,True
static_obstacles,11.200000000000024,336.3710158717688,336.3710158717688,24.646513094925798,16.46449488646949,none,O1,True
static_obstacles,11.250000000000025,333.13403790540644,333.13403790540644,24.580757306722397,16.46449488646949,none,O1,True
static_obstacles,11.300000000000026,329.9443334720728,329.9443334720728,24.515789306866154,16.46449488646949,none,O1,True
static_obstacles,11.350000000000026,326.8013510746898,326.8013510746898,24.451604097507996,16.46449488646949,none,O1,True
static_obstacles,11.400000000000027,323.7045469052641,323.7045469052641,24.38819671012689,16.46449488646949,none,O1,True
static_obstacles,11.450000000000028,320.65338468745404,320.65338468745404,24.325562204274622,16.46449488646949,none,O1,True
static_obstacles,11.500000000000028,317.6473355212662,317.6473355212662,24.263695666321034,16.46449488646949,none,O1,True
static_obstacles,11.55000000000003,314.6858777298645,314.6858777298645,24.202592208200436,16.46449488646949,none,O1,True
static_obstacles,11.60000000000003,311.76849670847434,311.76849670847434,24.14224696615985,16.46449488646949,none,O1,True
static_obstacles,11.65000000000003,308.89468477537173,308.89468477537173,24.08265509950993,16.46449488646949,none,O1,True
static_obstacles,11.700000000000031,306.06394102494187,306.06394102494187,24.02381178937934,16.46449488646949,none,O1,True
static_obstacles,11.750000000000032,303.2757711827969,303.2757711827969,23.965712237473287,16.46449488646949,none,O1,True
static_obstacles,11.800000000000033,300.52968746294744,300.52968746294744,23.908351664837276,16.46449488646949,none,O1,True
static_obstacles,11.850000000000033,297.8252084270149,297.8252084270149,23.851725310626797,16.46449488646949,none,O1,True
static_obstacles,11.900000000000034,295.1618588454875,295.1618588454875,23.795828430884004,16.46449488646949,none,O1,True
static_obstacles,11.950000000000035,292.53916956100716,292.53916956100716,23.74065629732226,16.46449488646949,none,O1,True
static_obstacles,12.000000000000036,289.956677353694,289.956677353694,23.686204196119604,16.46449488646949,none,O1,True
static_obstacles,12.050000000000036,287.4139248084998,287.4139248084998,23.632467426722073,16.46449488646949,none,O1,True
static_obstacles,12.100000000000037,284.91046018459724,284.91046018459724,23.579441300658022,16.46449488646949,none,O1,True
static_obstacles,12.150000000000038,282.445837286799,282.445837286799,23.527121140364347,16.46449488646949,none,O1,True
static_obstacles,12.200000000000038,280.01961533901897,280.01961533901897,23.475502278025896,16.46449488646949,none,O1,True
static_obstacles,12.250000000000039,277.63135885976897,277.63135885976897,23.424580054428915,16.46449488646949,none,O1,True
static_obstacles,12.30000000000004,275.2806375397048,275.2806375397048,23.374349817829902,16.46449488646949,none,O1,True
static_obstacles,12.35000000000004,272.9670261212168,272.9670261212168,23.324806922840686,16.46449488646949,none,O1,True
static_obstacles,12.400000000000041,270.6901042800821,270.6901042800821,23.275946729331164,16.46449488646949,none,O1,True
static_obstacles,12.450000000000042,268.4494565091718,268.4494565091718,23.22776460135051,16.46449488646949,none,O1,True
static_obstacles,12.500000000000043,266.2446720042318,266.2446720042318,23.180255906068247,16.46449488646949,none,O1,True
static_obstacles,12.550000000000043,264.0753445517338,264.0753445517338,23.133416012736074,16.46449488646949,none,O1,True
static_obstacles,12.600000000000044,261.94107241880874,261.94107241880874,23.08724029167169,16.46449488646949,none,O1,True
static_obstacles,12.650000000000045,259.8414582452689,259.8414582452689,23.041724113265676,16.46449488646949,none,O1,True
static_obstacles,12.700000000000045,257.7761089377218,257.7761089377218,22.996862847012455,16.46449488646949,none,O1,True
static_obstacles,12.750000000000046,255.74463556578485,255.74463556578485,22.95265186056646,16.46449488646949,none,O1,True
static_obstacles,12.800000000000047,253.74665326040497,253.74665326040497,22.909086518824466,16.46449488646949,none,O1,True
static_obstacles,12.850000000000048,251.7817811142878,251.7817811142878,22.866162183035172,16.46449488646949,none,O1,True
static_obstacles,12.900000000000048,249.84964208444228,249.84964208444228,22.82387420993689,16.46449488646949,none,O1,True
static_obstacles,12.950000000000049,247.94986289684152,247.94986289684152,22.78221795092439,16.46449488646949,none,O1,True
static_obstacles,13.00000000000005,246.08207395320483,246.08207395320483,22.74118875124572,16.46449488646949,none,O1,True
static_obstacles,13.05000000000005,244.2459092399015,244.2459092399015,22.70078194922989,16.46449488646949,none,O1,True
static_obstacles,13.100000000000051,242.4410062389751,242.4410062389751,22.66099287554619,16.46449488646949,none,O1,True
static_obstacles,13.150000000000052,240.66700584129143,240.66700584129143,22.621816852495986,16.46449488646949,none,O1,True
static_obstacles,13.200000000000053,238.9235522618044,238.9235522618044,22.583249193337622,16.46449488646949,none,O1,True
static_obstacles,13.250000000000053,237.21029295693745,237.21029295693745,22.545285201645097,16.46449488646949,none,O1,True
static_obstacles,13.300000000000054,235.5268785440781,235.5268785440781,22.507920170701205,16.46449488646949,none,O1,True
static_obstacles,13.350000000000055,233.8729627231761,233.8729627231761,22.471149382925567,16.46449488646949,none,O1,True
static_obstacles,13.400000000000055,232.24820220044023,232.24820220044023,22.43496810933816,16.46449488646949,none,O1,True
static_obstacles,13.450000000000056,230.65225661412313,230.65225661412313,22.39937160905866,16.46449488646949,none,O1,True
static_obstacles,13.500000000000057,229.08478846238552,229.08478846238552,22.364355128842092,16.46449488646949,none,O1,True
static_obstacles,13.550000000000058,227.54546303322542,227.54546303322542,22.32991390265098,16.46449488646949,none,O1,True
static_obstacles,13.600000000000058,226.03394833646018,226.03394833646018,22.29604315126431,16.46449488646949,none,O1,True
static_obstacles,13.650000000000059,224.54991503774596,224.54991503774596,22.26273808192348,16.46449488646949,none,O1,True
static_obstacles,13.70000000000006,223.09303639461882,223.09303639461882,22.22999388801533,16.46449488646949,none,O1,True
static_obstacles,13.75000000000006,221.66298819453698,221.66298819453698,22.197805748792312,16.46449488646949,none,O1,True
static_obstacles,13.800000000000061,220.25944869490684,220.25944869490684,22.16616882912983,16.46449488646949,none,O1,True
static_obstacles,13.850000000000062,218.88209856507228,218.88209856507228,22.135078279320638,16.46449488646949,none,O1,True
static_obstacles,13.900000000000063,217.53062083024008,217.53062083024008,22.10452923490614,16.46449488646949,none,O1,True
static_obstacles,13.950000000000063,216.20470081732446,216.20470081732446,22.074516816544467,16.46449488646949,none,O1,True
static_obstacles,14.000000000000064,214.9040261026803,214.9040261026803,22.045036129915058,16.46449488646949,none,O1,True
static_obstacles,14.050000000000065,213.62828646170033,213.62828646170033,22.016082265659353,16.46449488646949,none,O1,True
static_obstacles,14.100000000000065,212.3771738202489,212.3771738202489,21.98765029935734,16.46449488646949,none,O1,True
static_obstacles,14.150000000000066,211.15038220790404,211.15038220790404,21.95973529153947,16.46449488646949,none,O1,True
static_obstacles,14.200000000000067,209.94760771297615,209.94760771297615,21.932332287733473,16.46449488646949,none,O1,True
static_obstacles,14.250000000000068,208.76854843927367,208.76854843927367,21.905436318545533,16.46449488646949,none,O1,True
static_obstacles,14.300000000000068,207.61290446458509,207.61290446458509,21.879042399775294,16.46449488646949,none,O1,True
static_obstacles,14.350000000000069,206.48037780084195,206.48037780084195,21.853145532564,16.46449488646949,none,O1,True
static_obstacles,14.40000000000007,205.37067235593167,205.37067235593167,21.827740703575156,16.46449488646949,none,O1,True
static_obstacles,14.45000000000007,204.2834938971257,204.2834938971257,21.802822885206993,16.46449488646949,none,O1,True
static_obstacles,14.500000000000071,203.21855001608765,203.21855001608765,21.778387035835955,16.46449488646949,none,O1,True
static_obstacles,14.550000000000072,202.17555009542588,202.17555009542588,21.754428100090472,16.46449488646949,none,O1,True
static_obstacles,14.600000000000072,201.15420527675712,201.15420527675712,21.73094100915414,16.46449488646949,none,O1,True
static_obstacles,14.650000000000073,200.15422843024305,200.15422843024305,21.70792068109756,16.46449488646949,none,O1,True
static_obstacles,14.700000000000074,199.17533412556304,199.17533412556304,21.685362021237808,16.46449488646949,none,O1,True
static_obstacles,14.750000000000075,198.21723860428904,198.21723860428904,21.663259922524798,16.46449488646949,none,O1,True
static_obstacles,14.800000000000075,197.27965975362514,197.27965975362514,21.641609265953516,16.46449488646949,none,O1,True
static_obstacles,14.850000000000076,196.36231708147204,196.36231708147204,21.62040492100118,16.46449488646949,none,O1,True
static_obstacles,14.900000000000077,195.46493169278648,195.46493169278648,21.59964174608844,16.46449488646949,none,O1,True
static_obstacles,14.950000000000077,194.58722626719123,194.58722626719123,21.579314589063557,16.46449488646949,none,O1,True
static_obstacles,15.000000000000078,193.7289250378068,193.7289250378068,21.559418287708663,16.46449488646949,none,O1,True
static_obstacles,15.050000000000079,192.8897537712628,192.8897537712628,21.539947670267047,16.46449488646949,none,O1,True
static_obstacles,15.10000000000008,192.06943974885758,192.06943974885758,21.520897555990494,16.46449488646949,none,O1,True
static_obstacles,15.15000000000008,191.26771174882776,191.26771174882776,21.502262755705683,16.46449488646949,none,O1,True
static_obstacles,15.200000000000081,190.48430002969508,190.48430002969508,21.484038072398658,16.46449488646949,none,O1,True
static_obstacles,15.250000000000082,189.71893631465457,189.71893631465457,21.466218301816337,16.46449488646949,none,O1,True
static_obstacles,15.300000000000082,188.97135377697094,188.97135377697094,21.448798233084084,16.46449488646949,none,O1,True
static_obstacles,15.350000000000083,188.24128702634943,188.24128702634943,21.4317726493384,16.46449488646949,none,O1,True
static_obstacles,15.400000000000084,187.52847209624838,187.52847209624838,21.415136328373638,16.46449488646949,none,O1,True
static_obstacles,15.450000000000085,186.8326464321035,186.8326464321035,21.398884043301965,16.46449488646949,none,O1,True
static_obstacles,15.500000000000085,186.1535488804285,186.1535488804285,21.383010563225387,16.46449488646949,none,O1,True
static_obstacles,15.550000000000086,185.49091967876615,185.49091967876615,21.367510653919098,16.46449488646949,none,O1,True
static_obstacles,15.600000000000087,184.84450044645712,184.84450044645712,21.352379078525118,16.46449488646949,none,O1,True
static_obstacles,15.650000000000087,184.2140341761973,184.2140341761973,21.33761059825531,16.46449488646949,none,O1,True
static_obstacles,15.700000000000088,183.5992652263585,183.5992652263585,21.32319997310297,16.46449488646949,none,O1,True
static_obstacles,15.750000000000089,182.9999393140427,182.9999393140427,21.309141962562048,16.46449488646949,none,O1,True
static_obstacles,15.80000000000009,182.4158035088425,182.4158035088425,21.295431326353135,16.46449488646949,none,O1,True
static_obstacles,15.85000000000009,181.84660622728575,181.84660622728575,21.282062825155503,16.46449488646949,none,O1,True
static_obstacles,15.900000000000091,181.29209722793678,181.29209722793678,21.269031221344257,16.46449488646949,none,O1,True
static_obstacles,15.950000000000092,180.75202760713034,180.75202760713034,21.25633127973194,16.46449488646949,none,O1,True
static_obstacles,16.000000000000092,180.22614979531784,180.22614979531784,21.243957768313745,16.46449488646949,none,O1,True
static_obstacles,16.050000000000093,179.7142175540003,179.7142175540003,21.231905459015692,16.46449488646949,none,O1,True
static_obstacles,16.100000000000094,179.21598597323003,179.21598597323003,21.220169128444997,16.46449488646949,none,O1,True
static_obstacles,16.150000000000095,178.73121146965804,178.73121146965804,21.208743558641988,16.46449488646949,none,O1,True
static_obstacles,16.200000000000095,178.25965178510967,178.25965178510967,21.197623537832953,16.46449488646949,none,O1,True
static_obstacles,16.250000000000096,177.8010659856679,177.8010659856679,21.186803861183215,16.46449488646949,none,O1,True
static_obstacles,16.300000000000097,177.35521446124915,177.35521446124915,21.17627933154994,16.46449488646949,none,O1,True
static_obstacles,16.350000000000097,176.92185892565084,176.92185892565084,21.16604476023404,16.46449488646949,none,O1,True
static_obstacles,16.400000000000098,176.50076241705744,176.50076241705744,21.156094967730635,16.46449488646949,none,O1,True
static_obstacles,16.4500000000001,176.0916892989892,176.0916892989892,21.146424784477617,16.46449488646949,none,O1,True
static_obstacles,16.5000000000001,175.6944052616759,175.6944052616759,21.13702905160174,16.46449488646949,none,O1,True
static_obstacles,16.5500000000001,175.30867732384672,175.30867732384672,21.127902621661875,16.46449488646949,none,O1,True
static_obstacles,16.6000000000001,174.9342738349174,174.9342738349174,21.119040359388904,16.46449488646949,none,O1,True
static_obstacles,16.6500000000001,174.5709644775656,174.5709644775656,21.110437142421887,16.46449488646949,none,O1,True
static_obstacles,16.700000000000102,174.2185202706815,174.2185202706815,21.102087862040133,16.46449488646949,none,O1,True
static_obstacles,16.750000000000103,173.8767135726813,173.8767135726813,21.093987423890756,16.46449488646949,none,O1,True
static_obstacles,16.800000000000104,173.54531808517504,173.54531808517504,21.086130748711465,16.46449488646949,none,O1,True
static_obstacles,16.850000000000104,173.22410885697457,173.22410885697457,21.078512773048164,16.46449488646949,none,O1,True
static_obstacles,16.900000000000105,172.91286228843666,172.91286228843666,21.07112844996719,16.46449488646949,none,O1,True
static_obstacles,16.950000000000106,172.61135613612754,172.61135613612754,21.063972749761795,16.46449488646949,none,O1,True
static_obstacles,17.000000000000107,172.31936951780347,172.31936951780347,21.057040660652756,16.46449488646949,none,O1,True
static_obstacles,17.050000000000107,172.03668291769657,172.03668291769657,21.050327189482747,16.46449488646949,none,O1,True
static_obstacles,17.100000000000108,171.76307819209956,171.76307819209956,21.043827362404386,16.46449488646949,none,O1,True
static_obstacles,17.15000000000011,171.49833857523987,171.49833857523987,21.037536225561677,16.46449488646949,none,O1,True
static_obstacles,17.20000000000011,171.24224868543786,171.24224868543786,21.031448845764714,16.46449488646949,none,O1,True
static_obstacles,17.25000000000011,170.99459453154128,170.99459453154128,21.025560311157495,16.46449488646949,none,O1,True
static_obstacles,17.30000000000011,170.75516351962779,170.75516351962779,21.019865731878685,16.46449488646949,none,O1,True
static_obstacles,17.35000000000011,170.52374445997197,170.52374445997197,21.014360240715206,16.46449488646949,none,O1,True
static_obstacles,17.400000000000112,170.30012757426778,170.30012757426778,21.009038993748568,16.46449488646949,none,O1,True
static_obstacles,17.450000000000113,170.08410450310134,170.08410450310134,21.0038971709938,16.46449488646949,none,O1,True
static_obstacles,17.500000000000114,169.87546831366905,169.87546831366905,20.99892997703095,16.46449488646949,none,O1,True
static_obstacles,17.550000000000114,169.6740135077324,169.6740135077324,20.994132641629005,16.46449488646949,none,O1,True
static_obstacles,17.600000000000115,169.47953602980738,169.47953602980738,20.98950042036226,16.46449488646949,none,O1,True
static_obstacles,17.650000000000116,169.29183327557985,169.29183327557985,20.985028595219017,16.46449488646949,none,O1,True
static_obstacles,17.700000000000117,169.11070410054185,169.11070410054185,20.980712475202598,16.46449488646949,none,O1,True
static_obstacles,17.750000000000117,168.9359488288435,168.9359488288435,20.976547396924584,16.46449488646949,none,O1,True
static_obstacles,17.800000000000118,168.7673692623561,168.7673692623561,20.972528725190394,16.46449488646949,none,O1,True
static_obstacles,17.85000000000012,168.60476868993692,168.60476868993692,20.968651853576972,16.46449488646949,none,O1,True
static_obstacles,17.90000000000012,168.44795189689415,168.44795189689415,20.964912205002772,16.46449488646949,none,O1,True
static_obstacles,17.95000000000012,168.29672517464337,168.29672517464337,20.961305232289888,16.46449488646949,none,O1,True
static_obstacles,18.00000000000012,168.15089633055078,168.15089633055078,20.957826418718398,16.46449488646949,none,O1,True
static_obstacles,18.05000000000012,168.01027469795565,168.01027469795565,20.95447127857288,16.46449488646949,none,O1,True
static_obstacles,18.100000000000122,167.87467114636883,167.87467114636883,20.951235357681153,16.46449488646949,none,O1,True
static_obstacles,18.150000000000123,167.74389809183583,167.74389809183583,20.948114233945162,16.46449488646949,none,O1,True
static_obstacles,18.200000000000124,167.61776950746395,167.61776950746395,20.94510351786412,16.46449488646949,none,O1,True
static_obstacles,18.250000000000124,167.49615015353027,167.49615015353027,20.942200028175414,16.46449488646949,none,O1,True
static_obstacles,18.300000000000125,167.37971207331685,167.37971207331685,20.939419856813057,16.46449488646949,none,O1,True
static_obstacles,18.350000000000126,167.2685959666362,167.2685959666362,20.93676641301651,16.46449488646949,none,O1,True
static_obstacles,18.400000000000126,167.163217510133,167.163217510133,20.934249673124494,16.46449488646949,none,O1,True
static_obstacles,18.450000000000127,167.06444163163133,167.06444163163133,20.93189034698518,16.46449488646949,none,O1,True
static_obstacles,18.500000000000128,166.97350653605668,166.97350653605668,20.929718067920472,16.46449488646949,none,O1,True
static_obstacles,18.55000000000013,166.89187562249066,166.89187562249066,20.927767857300758,16.46449488646949,none,O1,True
static_obstacles,18.60000000000013,166.82109237798682,166.82109237798682,20.926076656759307,16.46449488646949,none,O1,True
static_obstacles,18.65000000000013,166.76266467897227,166.76266467897227,20.92468056017946,16.46449488646949,none,O1,True
static_obstacles,18.70000000000013,166.71798339915205,166.71798339915205,20.9236128635982,16.46449488646949,none,O1,True
static_obstacles,18.75000000000013,166.68827163485327,166.68827163485327,20.92290284595886,16.46449488646949,none,O1,True
static_obstacles,18.800000000000132,166.67455820841133,166.67455820841133,20.922575130107465,16.46449488646949,none,O1,True
static_obstacles,18.850000000000133,166.67766902440502,166.67766902440502,20.922649471111086,16.46449488646949,none,O1,True
static_obstacles,18.900000000000134,166.69823074428643,166.69823074428643,20.92314084000933,16.46449488646949,none,O1,True
static_obstacles,18.950000000000134,166.7366823894621,166.7366823894621,20.92405969825268,16.46449488646949,none,O1,True
static_obstacles,19.000000000000135,166.7932915733473,166.7932915733473,20.925412383987258,16.46449488646949,none,O1,True
static_obstacles,19.050000000000136,166.86817298718296,166.86817298718296,20.927201553331564,16.46449488646949,none,O1,True
static_obstacles,19.100000000000136,166.96130749937316,166.96130749937316,20.929426637295947,16.46449488646949,none,O1,True
static_obstacles,19.150000000000137,167.07256078828402,167.07256078828402,20.93208428835657,16.46449488646949,none,O1,True
static_obstacles,19.200000000000138,167.20170084153602,167.20170084153602,20.935168800564185,16.46449488646949,none,O1,True
static_obstacles,19.25000000000014,167.34841395051313,167.34841395051313,20.93867249414569,16.46449488646949,none,O1,True
static_obstacles,19.30000000000014,167.51231903408637,167.51231903408637,20.942586060481318,16.46449488646949,none,O1,True
static_obstacles,19.35000000000014,167.69298026303466,167.69298026303466,20.946898866648844,16.46449488646949,none,O1,True
static_obstacles,19.40000000000014,167.88991804455264,167.88991804455264,20.951599220850248,16.46449488646949,none,O1,True
static_obstacles,19.45000000000014,168.1026184786358,168.1026184786358,20.956674601310578,16.46449488646949,none,O1,True
static_obstacles,19.500000000000142,168.33054142576503,168.33054142576503,20.96211185191857,16.46449488646949,none,O1,True
static_obstacles,19.550000000000143,168.5731273361236,168.5731273361236,20.967897348153524,16.46449488646949,none,O1,True
static_obstacles,19.600000000000144,168.82980299038053,168.82980299038053,20.97401713685198,16.46449488646949,none,O1,True
static_obstacles,19.650000000000144,169.09998629503627,169.09998629503627,20.980457053210646,16.46449488646949,none,O1,True
static_obstacles,19.700000000000145,169.38309026434786,169.38309026434786,20.987202818168214,16.46449488646949,none,O1,True
static_obstacles,19.750000000000146,169.67852630797148,169.67852630797148,20.994240119007678,16.46449488646949,none,O1,True
static_obstacles,19.800000000000146,169.98570692997032,169.98570692997032,21.001554675703186,16.46449488646949,none,O1,True
static_obstacles,19.850000000000147,170.30404793163063,170.30404793163063,21.00913229522368,16.46449488646949,none,O1,True
static_obstacles,19.900000000000148,170.63297019809318,170.63297019809318,21.01695891571074,16.46449488646949,none,O1,True
static_obstacles,19.95000000000015,170.97190113743505,170.97190113743505,21.025020642178095,16.46449488646949,none,O1,True
static_obstacles,20.00000000000015,171.32027583065997,171.32027583065997,21.033303775138133,16.46449488646949,none,O1,True
static_obstacles,20.05000000000015,171.67753794206715,171.67753794206715,21.041794833346493,16.46449488646949,none,O1,True
static_obstacles,20.10000000000015,172.04314043165914,172.04314043165914,21.050480571669596,16.46449488646949,none,O1,True
static_obstacles,20.15000000000015,172.41654610450195,172.41654610450195,21.059347994918596,16.46449488646949,none,O1,True
static_obstacles,20.200000000000152,172.79722802619472,172.79722802619472,21.068384368355698,16.46449488646949,none,O1,True
static_obstacles,20.250000000000153,173.18466982870905,173.18466982870905,21.0775772254614,16.46449488646949,none,O1,True
static_obstacles,20.300000000000153,173.5783659267302,173.5783659267302,21.086914373452323,16.46449488646949,none,O1,True
static_obstacles,20.350000000000154,173.97782166115837,173.97782166115837,21.096383896955857,16.46449488646949,none,O1,True
static_obstacles,20.400000000000155,174.3825533835282,174.3825533835282,21.10597416017816,16.46449488646949,none,O1,True
static_obstacles,20.450000000000156,174.79208849267934,174.79208849267934,21.11567380784377,16.46449488646949,none,O1,True
static_obstacles,20.500000000000156,175.20596543300547,175.20596543300547,21.12547176513664,16.46449488646949,none,O1,True
static_obstacles,20.550000000000157,175.62373366193412,175.62373366193412,21.135357236832174,16.46449488646949,none,O1,True
static_obstacles,20.600000000000158,176.04495359291639,176.04495359291639,21.145319705776416,16.46449488646949,none,O1,True
static_obstacles,20.65000000000016,176.4691965190686,176.4691965190686,21.15534893084131,16.46449488646949,none,O1,True
static_obstacles,20.70000000000016,176.89604452166628,176.89604452166628,21.16543494446184,16.46449488646949,none,O1,True
static_obstacles,20.75000000000016,177.3250903669237,177.3250903669237,21.17556804984234,16.46449488646949,none,O1,True
static_obstacles,20.80000000000016,177.7559373938609,177.7559373938609,21.185738817903918,16.46449488646949,none,O1,True
static_obstacles,20.85000000000016,178.1881993955364,178.1881993955364,21.19593808403196,16.46449488646949,none,O1,True
static_obstacles,20.900000000000162,178.62150049550365,178.62150049550365,21.206156944672546,16.46449488646949,none,O1,True
static_obstacles,20.950000000000163,179.05547502099807,179.05547502099807,21.216386753817865,16.46449488646949,none,O1,True
static_obstacles,21.000000000000163,179.48976737407685,179.48976737407685,21.226619119413645,16.46449488646949,none,O1,True
static_obstacles,21.050000000000164,179.92403190170455,179.92403190170455,21.236845899716005,16.46449488646949,none,O1,True
static_obstacles,21.100000000000165,180.3579327655824,180.3579327655824,21.247059199620132,16.46449488646949,none,O1,True
static_obstacles,21.150000000000166,180.79114381236877,180.79114381236877,21.25725136697943,16.46449488646949,none,O1,True
static_obstacles,21.200000000000166,181.2233484448082,181.2233484448082,21.26741498893056,16.46449488646949,none,O1,True
static_obstacles,21.250000000000167,181.65423949418567,181.65423949418567,21.27754288823702,16.46449488646949,none,O1,True
static_obstacles,21.300000000000168,182.08351909444025,182.08351909444025,21.287628119661907,16.46449488646949,none,O1,True
static_obstacles,21.35000000000017,182.51089855819714,182.51089855819714,21.2976639663785,16.46449488646949,none,O1,True
static_obstacles,21.40000000000017,182.93609825493223,182.93609825493223,21.307643936426015,16.46449488646949,none,O1,True
static_obstacles,21.45000000000017,183.35884749142718,183.35884749142718,21.317561759216442,16.46449488646949,none,O1,True
static_obstacles,21.50000000000017,183.77888439464675,183.77888439464675,21.327411382097612,16.46449488646949,none,O1,True
static_obstacles,21.55000000000017,184.19595579713086,184.19595579713086,21.33718696697648,16.46449488646949,none,O1,True
static_obstacles,21.600000000000172,184.6098171249795,184.6098171249795,21.34688288700623,16.46449488646949,none,O1,True
static_obstacles,21.650000000000173,185.0202322884819,185.0202322884819,21.356493723340026,16.46449488646949,none,O1,True
static_obstacles,21.700000000000173,185.42697357543108,185.42697357543108,21.36601426195375,16.46449488646949,none,O1,True
static_obstacles,21.750000000000174,185.82982154714978,185.82982154714978,21.375439490539833,16.46449488646949,none,O1,True
static_obstacles,21.800000000000175,186.22856493724788,186.22856493724788,21.384764595473758,16.46449488646949,none,O1,True
static_obstacles,21.850000000000176,186.6230005531184,186.6230005531184,21.393984958854638,16.46449488646949,none,O1,True
static_obstacles,21.900000000000176,187.0129331801802,187.0129331801802,21.403096155621043,16.46449488646949,none,O1,True
static_obstacles,21.950000000000177,187.39817548886697,187.39817548886697,21.412093950743046,16.46449488646949,none,O1,True
static_obstacles,22.000000000000178,187.77854794436053,187.77854794436053,21.42097429649129,16.46449488646949,none,O1,True
static_obstacles,22.05000000000018,188.15387871906444,188.15387871906444,21.429733329783748,16.46449488646949,none,O1,True
static_obstacles,22.10000000000018,188.5240036078127,188.5240036078127,21.43836736961079,16.46449488646949,none,O1,True
static_obstacles,22.15000000000018,188.88876594581006,188.88876594581006,21.44687291453908,16.46449488646949,none,O1,True
static_obstacles,22.20000000000018,189.24801652929466,189.24801652929466,21.455246640294646,16.46449488646949,none,O1,True
static_obstacles,22.25000000000018,189.60161353892232,189.60161353892232,21.463485397425607,16.46449488646949,none,O1,True
static_obstacles,22.300000000000182,189.9494224658672,189.9494224658672,21.4715862090449,16.46449488646949,none,O1,True
static_obstacles,22.350000000000183,190.29131604063508,190.29131604063508,21.479546268653234,16.46449488646949,none,O1,True
static_obstacles,22.400000000000183,190.62717416459157,190.62717416459157,21.487362938042715,16.46449488646949,none,O1,True
static_obstacles,22.450000000000184,190.9568838442023,190.9568838442023,21.49503374528131,16.46449488646949,none,O1,True
static_obstacles,22.500000000000185,191.28033912799197,191.28033912799197,21.502556382778582,16.46449488646949,none,O1,True
static_obstacles,22.550000000000185,191.59744104622337,191.59744104622337,21.509928705432834,16.46449488646949,none,O1,True
static_obstacles,22.600000000000186,191.90809755330508,191.90809755330508,21.517148728860082,16.46449488646949,none,O1,True
static_obstacles,22.650000000000187,192.21222347293764,192.21222347293764,21.52421462770518,16.46449488646949,none,O1,True
static_obstacles,22.700000000000188,192.50974044600628,192.50974044600628,21.53112473403529,16.46449488646949,none,O1,True
static_obstacles,22.75000000000019,192.800576881236,192.800576881236,21.537877535816197,16.46449488646949,none,O1,True
static_obstacles,22.80000000000019,193.08466790862406,193.08466790862406,21.54447167547174,16.46449488646949,none,O1,True
static_obstacles,22.85000000000019,193.36195533566388,193.36195533566388,21.550905948526708,16.46449488646949,none,O1,True
static_obstacles,22.90000000000019,193.63238760638274,193.63238760638274,21.55717930233366,16.46449488646949,none,O1,True
static_obstacles,22.95000000000019,193.89591976321248,193.89591976321248,21.563290834884004,16.46449488646949,none,O1,True
static_obstacles,23.000000000000192,194.15251341171364,194.15251341171364,21.569239793703755,16.46449488646949,none,O1,True
static_obstacles,23.050000000000193,194.4021366881786,194.4021366881786,21.575025574834402,16.46449488646949,none,O1,True
static_obstacles,23.100000000000193,194.644764230137,194.644764230137,21.58064772189929,16.46449488646949,none,O1,True
static_obstacles,23.150000000000194,194.88037714978935,194.88037714978935,21.586105925255936,16.46449488646949,none,O1,True
static_obstacles,23.200000000000195,195.10896301039293,195.10896301039293,21.59140002123468,16.46449488646949,none,O1,True
static_obstacles,23.250000000000195,195.33051580562926,195.33051580562926,21.59652999146412,16.46449488646949,none,O1,True
static_obstacles,23.300000000000196,195.54503594197678,195.54503594197678,21.60149596228365,16.46449488646949,none,O1,True
static_obstacles,23.350000000000197,195.75253022411619,195.75253022411619,21.606298204243508,16.46449488646949,none,O1,True
static_obstacles,23.400000000000198,195.9530118433948,195.9530118433948,21.61093713169271,16.46449488646949,none,O1,True
static_obstacles,23.4500000000002,196.146500369372,196.146500369372,21.61541330245508,16.46449488646949,none,O1,True
static_obstacles,23.5000000000002,196.33302174447215,196.33302174447215,21.619727417593687,16.46449488646949,none,O1,True
static_obstacles,23.5500000000002,196.51260828176555,196.51260828176555,21.623880321263933,16.46449488646949,none,O1,True
static_obstacles,23.6000000000002,196.68529866589836,196.68529866589836,21.62787300065539,16.46449488646949,none,O1,True
static_obstacles,23.6500000000002,196.851137957187,196.851137957187,21.63170658602245,16.46449488646949,none,O1,True
static_obstacles,23.700000000000202,197.01017759889584,197.01017759889584,21.635382350803877,16.46449488646949,none,O1,True
static_obstacles,23.750000000000203,197.16247542770714,197.16247542770714,21.638901711831107,16.46449488646949,none,O1,True
static_obstacles,23.800000000000203,197.30809568739426,197.30809568739426,21.642266229625175,16.46449488646949,none,O1,True
static_obstacles,23.850000000000204,197.44710904570087,197.44710904570087,21.645477608781952,16.46449488646949,none,O1,True
static_obstacles,23.900000000000205,197.5795926144308,197.5795926144308,21.64853769844538,16.46449488646949,none,O1,True
static_obstacles,23.950000000000205,197.70562997274067,197.70562997274067,21.65144849286811,16.46449488646949,none,O1,True
static_obstacles,24.000000000000206,197.82531119363097,197.82531119363097,21.654212132058994,16.46449488646949,none,O1,True
static_obstacles,24.050000000000207,197.93873287362078,197.93873287362078,21.656830902516667,16.46449488646949,none,O1,True
static_obstacles,24.100000000000207,198.04599816558715,198.04599816558715,21.6593072380482,16.46449488646949,none,O1,True
static_obstacles,24.150000000000208,198.1472168147459,198.1472168147459,21.661643720671936,16.46449488646949,none,O1,True
static_obstacles,24.20000000000021,198.24250519774387,198.24250519774387,21.663843081603133,16.46449488646949,none,O1,True
static_obstacles,24.25000000000021,198.3319863648244,198.3319863648244,21.66590820232109,16.46449488646949,none,O1,True
static_obstacles,24.30000000000021,198.41579008502754,198.41579008502754,21.667842115716265,16.46449488646949,none,O1,True
static_obstacles,24.35000000000021,198.49405289436913,198.49405289436913,21.66964800731542,16.46449488646949,none,O1,True
static_obstacles,24.40000000000021,198.56691814695046,198.56691814695046,21.67132921658315,16.46449488646949,none,O1,True
static_obstacles,24.450000000000212,198.5341950106576,198.5341950106576,20.875724238158636,15.403300537773921,none,O2,True
static_obstacles,24.500000000000213,196.74699218906213,196.74699218906213,20.832874493119007,15.403300537773921,none,O2,True
static_obstacles,24.550000000000214,194.98625366787203,194.98625366787203,20.790572890732435,15.403300537773921,none,O2,True
static_obstacles,24.600000000000215,193.25171135915988,193.25171135915988,20.748816323254353,15.403300537773921,none,O2,True
static_obstacles,24.650000000000215,191.54310107766653,191.54310107766653,20.707601708905184,15.403300537773921,none,O2,True
static_obstacles,24.700000000000216,189.8601624614138,189.8601624614138,20.66692599102247,15.403300537773921,none,O2,True
static_obstacles,24.750000000000217,188.20263889300546,188.20263889300546,20.626786137204988,15.403300537773921,none,O2,True
static_obstacles,24.800000000000217,186.57027742160912,186.57027742160912,20.58717913844914,15.403300537773921,none,O2,True
static_obstacles,24.850000000000218,184.96282868560857,184.96282868560857,20.548102008277915,15.403300537773921,none,O2,True
static_obstacles,24.90000000000022,183.38004683592365,183.38004683592365,20.50955178186276,15.403300537773921,none,O2,True
static_obstacles,24.95000000000022,181.82168945999157,181.82168945999157,20.471525515138776,15.403300537773921,none,O2,True
static_obstacles,25.00000000000022,180.28751750641075,180.28751750641075,20.434020283913714,15.403300537773921,none,O2,True
static_obstacles,25.05000000000022,178.7772952102463,178.7772952102463,20.39703318297131,15.403300537773921,none,O2,True
static_obstacles,25.10000000000022,177.29079001900138,177.29079001900138,20.360561325169495,15.403300537773921,none,O2,True
static_obstacles,25.150000000000222,175.82777251925816,175.82777251925816,20.32460184053416,15.403300537773921,none,O2,True
static_obstacles,25.200000000000223,174.38801636399697,174.38801636399697,20.289151875349134,15.403300537773921,none,O2,True
static_obstacles,25.250000000000224,172.97129820060016,172.97129820060016,20.254208591243117,15.403300537773921,none,O2,True
static_obstacles,25.300000000000225,171.57739759955334,171.57739759955334,20.219769164274346,15.403300537773921,none,O2,True
static_obstacles,25.350000000000225,170.20609698385513,170.20609698385513,20.185830784013856,15.403300537773921,none,O2,True
static_obstacles,25.400000000000226,168.85718155915,168.85718155915,20.1523906526282,15.403300537773921,none,O2,True
static_obstacles,25.450000000000227,167.53043924459857,167.53043924459857,20.119445983962503,15.403300537773921,none,O2,True
static_obstacles,25.500000000000227,166.22566060450268,166.22566060450268,20.08699400262491,15.403300537773921,none,O2,True
static_obstacles,25.550000000000228,164.9426387807026,164.9426387807026,20.055031943073264,15.403300537773921,none,O2,True
static_obstacles,25.60000000000023,163.6811694257665,163.6811694257665,20.02355704870523,15.403300537773921,none,O2,True
static_obstacles,25.65000000000023,162.44105063698944,162.44105063698944,19.99256657095271,15.403300537773921,none,O2,True
static_obstacles,25.70000000000023,161.2220828912257,161.2220828912257,19.962057768381797,15.403300537773921,none,O2,True
static_obstacles,25.75000000000023,160.02406898057276,160.02406898057276,19.932027905799227,15.403300537773921,none,O2,True
static_obstacles,25.80000000000023,158.8468139489298,158.8468139489298,19.902474253366492,15.403300537773921,none,O2,True
static_obstacles,25.850000000000232,157.69012502945318,157.69012502945318,19.87339408572274,15.403300537773921,none,O2,True
static_obstacles,25.900000000000233,156.55381158292985,156.55381158292985,19.84478468111751,15.403300537773921,none,O2,True
static_obstacles,25.950000000000234,155.43768503709143,155.43768503709143,19.816643320554512,15.403300537773921,none,O2,True
static_obstacles,26.000000000000234,154.34155882689075,154.34155882689075,19.78896728694747,15.403300537773921,none,O2,True
static_obstacles,26.050000000000235,153.26524833576204,153.26524833576204,19.761753864289183,15.403300537773921,none,O2,True
static_obstacles,26.100000000000236,152.20857083788687,152.20857083788687,19.73500033683489,15.403300537773921,none,O2,True
static_obstacles,26.150000000000237,151.17134544148539,151.17134544148539,19.708703988301,15.403300537773921,none,O2,True
static_obstacles,26.200000000000237,150.15339303315326,150.15339303315326,19.68286210108021,15.403300537773921,none,O2,True
static_obstacles,26.250000000000238,149.15453622326325,149.15453622326325,19.657471955474072,15.403300537773921,none,O2,True
static_obstacles,26.30000000000024,148.17459929244941,148.17459929244941,19.63253082894398,15.403300537773921,none,O2,True
static_obstacles,26.35000000000024,147.21340813918997,147.21340813918997,19.608035995381496,15.403300537773921,none,O2,True
static_obstacles,26.40000000000024,146.27079022850674,146.27079022850674,19.583984724398995,15.403300537773921,none,O2,True
static_obstacles,26.45000000000024,145.34657454179163,145.34657454179163,19.560374280641412,15.403300537773921,none,O2,True
static_obstacles,26.50000000000024,144.44059152777854,144.44059152777854,19.537201923120026,15.403300537773921,none,O2,True
static_obstacles,26.550000000000242,143.55267305466683,143.55267305466683,19.51446490456895,15.403300537773921,none,O2,True
static_obstacles,26.600000000000243,142.68265236341037,142.68265236341037,19.492160470825105,15.403300537773921,none,O2,True
static_obstacles,26.650000000000244,141.830364022177,141.830364022177,19.47028586023234,15.403300537773921,none,O2,True
static_obstacles,26.700000000000244,140.99564388198874,140.99564388198874,19.448838303070318,15.403300537773921,none,O2,True
static_obstacles,26.750000000000245,140.17832903354483,140.17832903354483,19.427815021008698,15.403300537773921,none,O2,True
static_obstacles,26.800000000000246,139.378257765232,139.378257765232,19.407213226587128,15.403300537773921,none,O2,True
static_obstacles,26.850000000000247,138.59526952232383,138.59526952232383,19.387030122721484,15.403300537773921,none,O2,True
static_obstacles,26.900000000000247,137.8292048673675,137.8292048673675,19.3672629022367,15.403300537773921,none,O2,True
static_obstacles,26.950000000000248,137.07990544175712,137.07990544175712,19.347908747426516,15.403300537773921,none,O2,True
static_obstacles,27.00000000000025,136.34721392848886,136.34721392848886,19.32896482964039,15.403300537773921,none,O2,True
static_obstacles,27.05000000000025,135.63097401609335,135.63097401609335,19.31042830889775,15.403300537773921,none,O2,True
static_obstacles,27.10000000000025,134.931030363737,134.931030363737,19.292296333529695,15.403300537773921,none,O2,True
static_obstacles,27.15000000000025,134.24722856748267,134.24722856748267,19.27456603984819,15.403300537773921,none,O2,True
static_obstacles,27.20000000000025,133.5794151277004,133.5794151277004,19.257234551842764,15.403300537773921,none,O2,True
static_obstacles,27.250000000000252,132.92743741761402,132.92743741761402,19.240298980904647,15.403300537773921,none,O2,True
static_obstacles,27.300000000000253,132.2911436529724,132.2911436529724,19.22375642557819,15.403300537773921,none,O2,True
static_obstacles,27.350000000000254,131.6703828628254,131.6703828628254,19.207603971339367,15.403300537773921,none,O2,True
static_obstacles,27.400000000000254,131.06500486139257,131.06500486139257,19.19183869040116,15.403300537773921,none,O2,True
static_obstacles,27.450000000000255,130.47486022100182,130.47486022100182,19.176457641545483,15.403300537773921,none,O2,True
static_obstacles,27.500000000000256,129.89980024608215,129.89980024608215,19.161457869981305,15.403300537773921,none,O2,True
static_obstacles,27.550000000000257,129.3396769481864,129.3396769481864,19.14683640722855,15.403300537773921,none,O2,True
static_obstacles,27.600000000000257,128.79434302202426,128.79434302202426,19.132590271027357,15.403300537773921,none,O2,True
static_obstacles,27.650000000000258,128.26365182248097,128.26365182248097,19.118716465272122,15.403300537773921,none,O2,True
static_obstacles,27.70000000000026,127.74745734259866,127.74745734259866,19.10521197996989,15.403300537773921,none,O2,True
static_obstacles,27.75000000000026,127.24561419249508,127.24561419249508,19.092073791222404,15.403300537773921,none,O2,True
static_obstacles,27.80000000000026,126.75797757919273,126.75797757919273,19.079298861231223,15.403300537773921,none,O2,True
static_obstacles,27.85000000000026,126.28440328733487,126.28440328733487,19.066884138325307,15.403300537773921,none,O2,True
static_obstacles,27.90000000000026,125.82474766075805,125.82474766075805,19.054826557010283,15.403300537773921,none,O2,True
static_obstacles,27.950000000000262,125.37886758489597,125.37886758489597,19.043123038038754,15.403300537773921,none,O2,True
static_obstacles,28.000000000000263,124.94662046998539,124.94662046998539,19.031770488500847,15.403300537773921,none,O2,True
static_obstacles,28.050000000000264,124.52786423504725,124.52786423504725,19.020765801934306,15.403300537773921,none,O2,True
static_obstacles,28.100000000000264,124.12245729261215,124.12245729261215,19.010105858453247,15.403300537773921,none,O2,True
static_obstacles,28.150000000000265,123.73025853416462,123.73025853416462,18.999787524894877,15.403300537773921,none,O2,True
static_obstacles,28.200000000000266,123.3511273162741,123.3511273162741,18.989807654983252,15.403300537773921,none,O2,True
static_obstacles,28.250000000000266,122.98492344738716,122.98492344738716,18.98016308950936,15.403300537773921,none,O2,True
static_obstacles,28.300000000000267,122.63150717524994,122.63150717524994,18.970850656526615,15.403300537773921,none,O2,True
static_obstacles,28.350000000000268,122.29073917493358,122.29073917493358,18.961867171560925,15.403300537773921,none,O2,True
static_obstacles,28.40000000000027,121.96248053743491,121.96248053743491,18.953209437834566,15.403300537773921,none,O2,True
static_obstacles,28.45000000000027,121.64659275882323,121.64659275882323,18.94487424650292,15.403300537773921,none,O2,True
static_obstacles,28.50000000000027,121.34293772990739,121.34293772990739,18.936858376903327,15.403300537773921,none,O2,True
static_obstacles,28.55000000000027,121.05137772639469,121.05137772639469,18.929158596815153,15.403300537773921,none,O2,True
static_obstacles,28.60000000000027,120.77177539951751,120.77177539951751,18.921771662730315,15.403300537773921,none,O2,True
static_obstacles,28.650000000000272,120.50399376709854,120.50399376709854,18.914694320133354,15.403300537773921,none,O2,True
static_obstacles,28.700000000000273,120.24789620503353,120.24789620503353,18.907923303790394,15.403300537773921,none,O2,True
static_obstacles,28.750000000000274,120.00334643916355,120.00334643916355,18.90145533804606,15.403300537773921,none,O2,True
static_obstacles,28.800000000000274,119.77020853751529,119.77020853751529,18.89528713712765,15.403300537773921,none,O2,True
static_obstacles,28.850000000000275,119.54834690288581,119.54834690288581,18.889415405455832,15.403300537773921,none,O2,True
static_obstacles,28.900000000000276,119.33762626574887,119.33762626574887,18.883836837961063,15.403300537773921,none,O2,True
static_obstacles,28.950000000000276,119.1379116774639,119.1379116774639,18.878548120405082,15.403300537773921,none,O2,True
static_obstacles,29.000000000000277,118.94906850376393,118.94906850376393,18.87354592970675,15.403300537773921,none,O2,True
static_obstacles,29.050000000000278,118.77096241850623,118.77096241850623,18.868826934271578,15.403300537773921,none,O2,True
static_obstacles,29.10000000000028,118.60345939766492,118.60345939766492,18.86438779432429,15.403300537773921,none,O2,True
static_obstacles,29.15000000000028,118.44642571354879,118.44642571354879,18.860225162243825,15.403300537773921,none,O2,True
static_obstacles,29.20000000000028,118.29972792922834,118.29972792922834,18.856335682900184,15.403300537773921,none,O2,True
static_obstacles,29.25000000000028,118.16323289315446,118.16323289315446,18.852715993992504,15.403300537773921,none,O2,True
static_obstacles,29.30000000000028,118.03680773395652,118.03680773395652,18.849362726387938,15.403300537773921,none,O2,True
static_obstacles,29.350000000000282,117.9203198554039,117.9203198554039,18.84627250446067,15.403300537773921,none,O2,True
static_obstacles,29.400000000000283,117.81363693151926,117.81363693151926,18.843441946430744,15.403300537773921,none,O2,True
static_obstacles,29.450000000000284,117.71662690183237,117.71662690183237,18.84086766470214,15.403300537773921,none,O2,True
static_obstacles,29.500000000000284,117.62915796676211,117.62915796676211,18.83854626619975,15.403300537773921,none,O2,True
static_obstacles,29.550000000000285,117.55109858311826,117.55109858311826,18.836474352704773,15.403300537773921,none,O2,True
static_obstacles,29.600000000000286,117.48231745971262,117.48231745971262,18.834648521188257,15.403300537773921,none,O2,True
static_obstacles,29.650000000000286,117.42268355307348,117.42268355307348,18.833065364142392,15.403300537773921,none,O2,True
static_obstacles,29.700000000000287,117.37206606325444,117.37206606325444,18.831721469909244,15.403300537773921,none,O2,True
static_obstacles,29.750000000000288,117.33033442973246,117.33033442973246,18.830613423006668,15.403300537773921,none,O2,True
static_obstacles,29.80000000000029,117.29735832738984,117.29735832738984,18.829737804451135,15.403300537773921,none,O2,True
static_obstacles,29.85000000000029,117.27300766257494,117.27300766257494,18.829091192077257,15.403300537773921,none,O2,True
static_obstacles,29.90000000000029,117.25715256923903,117.25715256923903,18.828670160853775,15.403300537773921,none,O2,True
static_obstacles,29.95000000000029,117.24966340514621,117.24966340514621,18.8284712831959,15.403300537773921,none,O2,True
static_obstacles,30.00000000000029,117.25041074815337,117.25041074815337,18.828491129273736,15.403300537773921,none,O2,True
static_obstacles,30.050000000000292,117.25926539256128,117.25926539256128,18.828726267316853,15.403300537773921,none,O2,True
static_obstacles,30.100000000000293,117.27609834553371,117.27609834553371,18.829173263914697,15.403300537773921,none,O2,True
static_obstacles,30.150000000000293,117.30078059547631,117.30078059547631,18.82982867825575,15.403300537773921,none,O2,True
static_obstacles,30.200000000000294,117.33333322517532,117.33333322517532,18.830693048376144,15.403300537773921,none,O2,True
static_obstacles,30.250000000000295,117.37432576567991,117.37432576567991,18.831781467048366,15.403300537773921,none,O2,True
static_obstacles,30.300000000000296,117.42463952407039,117.42463952407039,18.83311729324322,15.403300537773921,none,O2,True
static_obstacles,30.350000000000296,117.48530394991238,117.48530394991238,18.834727802835346,15.403300537773921,none,O2,True
static_obstacles,30.400000000000297,117.55738525095822,117.55738525095822,18.83664122682026,15.403300537773921,none,O2,True
static_obstacles,30.450000000000298,117.64191227277777,117.64191227277777,18.83888477935369,15.403300537773921,none,O2,True
static_obstacles,30.5000000000003,117.73982884809757,117.73982884809757,18.841483389188973,15.403300537773921,none,O2,True
static_obstacles,30.5500000000003,117.85196484752478,117.85196484752478,18.844458928409463,15.403300537773921,none,O2,True
static_obstacles,30.6000000000003,117.97902034753704,117.97902034753704,18.847829790310698,15.403300537773921,none,O2,True
static_obstacles,30.6500000000003,118.12155890784268,118.12155890784268,18.8516107100913,15.403300537773921,none,O2,True
static_obstacles,30.7000000000003,118.28000708729749,118.28000708729749,18.855812752153746,15.403300537773921,none,O2,True
static_obstacles,30.750000000000302,118.45465814749028,118.45465814749028,18.86044340954042,15.403300537773921,none,O2,True
static_obstacles,30.800000000000303,118.64567848398369,118.64567848398369,18.86550677668029,15.403300537773921,none,O2,True
static_obstacles,30.850000000000303,118.85311575066643,118.85311575066643,18.871003767888258,15.403300537773921,none,O2,True
static_obstacles,30.900000000000304,119.07690794870385,119.07690794870385,18.876932362163355,15.403300537773921,none,O2,True
static_obstacles,30.950000000000305,119.31689297134724,119.31689297134724,18.88328786065429,15.403300537773921,none,O2,True
static_obstacles,31.000000000000306,119.57281825339035,119.57281825339035,18.890063147336928,15.403300537773921,none,O2,True
static_obstacles,31.050000000000306,119.84435028663088,119.84435028663088,18.897248946437077,15.403300537773921,none,O2,True
static_obstacles,31.100000000000307,120.1310838428648,120.1310838428648,18.904834072264457,15.403300537773921,none,O2,True
static_obstacles,31.150000000000308,120.43255080273744,120.43255080273744,18.91280566863954,15.403300537773921,none,O2,True
static_obstacles,31.20000000000031,120.7482285287596,120.7482285287596,18.921149436166555,15.403300537773921,none,O2,True
static_obstacles,31.25000000000031,121.07754774870571,121.07754774870571,18.92984984635885,15.403300537773921,none,O2,True
static_obstacles,31.30000000000031,121.41989993485564,121.41989993485564,18.93889034214629,15.403300537773921,none,O2,True
static_obstacles,31.35000000000031,121.77464417763295,121.77464417763295,18.94825352465549,15.403300537773921,none,O2,True
static_obstacles,31.40000000000031,122.14111356088281,122.14111356088281,18.95792132639729,15.403300537773921,none,O2,True
static_obstacles,31.450000000000312,122.51862105166023,122.51862105166023,18.967875171158383,15.403300537773921,none,O2,True
static_obstacles,31.500000000000313,122.9064649208573,122.9064649208573,18.978096120998114,15.403300537773921,none,O2,True
static_obstacles,31.550000000000313,123.30393371299752,123.30393371299752,18.988565010815954,15.403300537773921,none,O2,True
static_obstacles,31.600000000000314,123.71031078451509,123.71031078451509,18.9992625709921,15.403300537773921,none,O2,True
static_obstacles,31.650000000000315,124.12487843017774,124.12487843017774,19.010169538622325,15.403300537773921,none,O2,True
static_obstacles,31.700000000000315,124.54692161724259,124.54692161724259,19.021266757874695,15.403300537773921,none,O2,True
static_obstacles,31.750000000000316,124.97573134661619,124.97573134661619,19.03253526999497,15.403300537773921,none,O2,True
static_obstacles,31.800000000000317,125.41060765984301,125.41060765984301,19.04395639348162,15.403300537773921,none,O2,True
static_obstacles,31.850000000000318,125.85086231025261,125.85086231025261,19.055511794943712,15.403300537773921,none,O2,True
static_obstacles,31.90000000000032,126.29582111607968,126.29582111607968,19.067183551145305,15.403300537773921,none,O2,True
static_obstacles,31.95000000000032,126.74482601289819,126.74482601289819,19.078954202730415,15.403300537773921,none,O2,True
static_obstacles,32.00000000000032,127.19723682225666,127.19723682225666,19.09080680011306,15.403300537773921,none,O2,True
static_obstacles,32.05000000000032,127.65243275300085,127.65243275300085,19.102724942007285,15.403300537773921,none,O2,True
static_obstacles,32.100000000000314,128.10981365140262,128.10981365140262,19.11469280706308,15.403300537773921,none,O2,True
static_obstacles,32.15000000000031,128.56880101587947,128.56880101587947,19.126695179064935,15.403300537773921,none,O2,True
static_obstacles,32.20000000000031,129.0288387917881,129.0288387917881,19.138717466141102,15.403300537773921,none,O2,True
static_obstacles,32.250000000000306,129.4893939614772,129.4893939614772,19.150745714422285,15.403300537773921,none,O2,True
static_obstacles,32.3000000000003,129.94995694450571,129.94995694450571,19.162766616579457,15.403300537773921,none,O2,True
static_obstacles,32.3500000000003,130.41004182264246,130.41004182264246,19.17476751566049,15.403300537773921,none,O2,True
static_obstacles,32.4000000000003,130.8691864039653,130.8691864039653,19.18673640463515,15.403300537773921,none,O2,True
static_obstacles,32.450000000000294,131.32695214006284,131.32695214006284,19.198661922046785,15.403300537773921,none,O2,True
static_obstacles,32.50000000000029,131.78292390999954,131.78292390999954,19.21053334415747,15.403300537773921,none,O2,True
static_obstacles,32.55000000000029,132.2367096843403,132.2367096843403,19.222340573960462,15.403300537773921,none,O2,True
static_obstacles,32.600000000000286,132.68794008212998,132.68794008212998,19.23407412742075,15.403300537773921,none,O2,True
static_obstacles,32.65000000000028,133.13626783329417,133.13626783329417,19.245725117289826,15.403300537773921,none,O2,True
static_obstacles,32.70000000000028,133.58136715846487,133.58136715846487,19.2572852348261,15.403300537773921,none,O2,True
static_obstacles,32.75000000000028,134.02293307773962,134.02293307773962,19.268746729736367,15.403300537773921,none,O2,True
static_obstacles,32.800000000000274,134.46068065936154,134.46068065936154,19.280102388637566,15.403300537773921,none,O2,True
static_obstacles,32.85000000000027,134.89434421875396,134.89434421875396,19.291345512320813,15.403300537773921,none,O2,True
static_obstacles,32.90000000000027,135.323676477774,135.323676477774,19.302469892082733,15.403300537773921,none,O2,True
static_obstacles,32.950000000000266,135.7484476934538,135.7484476934538,19.313469785371044,15.403300537773921,none,O2,True
static_obstacles,33.00000000000026,136.16844476489197,136.16844476489197,19.324339890973725,15.403300537773921,none,O2,True
static_obstacles,33.05000000000026,136.58347032633966,136.58347032633966,19.335075323963082,15.403300537773921,none,O2,True
static_obstacles,33.10000000000026,136.9933418339035,136.9933418339035,19.34567159058816,15.403300537773921,none,O2,True
static_obstacles,33.150000000000254,137.39789065266055,137.39789065266055,19.35612456329125,15.403300537773921,none,O2,True
static_obstacles,33.20000000000025,137.7969611503643,137.7969611503643,19.366430456006874,15.403300537773921,none,O2,True
static_obstacles,33.25000000000025,138.1904098033029,138.1904098033029,19.376585799884595,15.403300537773921,none,O2,True
static_obstacles,33.300000000000246,138.57810431927678,138.57810431927678,19.386587419560545,15.403300537773921,none,O2,True
static_obstacles,33.35000000000024,138.95992278207282,138.95992278207282,19.396432410086636,15.403300537773921,none,O2,True
static_obstacles,33.40000000000024,139.33575282125267,139.33575282125267,19.40611811461115,15.403300537773921,none,O2,True
static_obstacles,33.45000000000024,139.7054908105246,139.7054908105246,19.4156421028899,15.403300537773921,none,O2,True
static_obstacles,33.500000000000234,140.0690410974586,140.0690410974586,19.425002150693444,15.403300537773921,none,O2,True
static_obstacles,33.55000000000023,140.42631526680495,140.42631526680495,19.434196220162832,15.403300537773921,none,O2,True
static_obstacles,33.60000000000023,140.77723143922472,140.77723143922472,19.443222441154425,15.403300537773921,none,O2,True
static_obstacles,33.650000000000226,141.12171360680017,141.12171360680017,19.45207909360299,15.403300537773921,none,O2,True
static_obstacles,33.70000000000022,141.4596910063,141.4596910063,19.460764590922075,15.403300537773921,none,O2,True
static_obstacles,33.75000000000022,141.79109753080073,141.79109753080073,19.469277464451192,15.403300537773921,none,O2,True
static_obstacles,33.80000000000022,142.11587117993056,142.11587117993056,19.477616348950836,15.403300537773921,none,O2,True
static_obstacles,33.850000000000215,142.43395354869628,142.43395354869628,19.485779969138587,15.403300537773921,none,O2,True
static_obstacles,33.90000000000021,142.74528935457622,142.74528935457622,19.493767127252816,15.403300537773921,none,O2,True
static_obstacles,33.95000000000021,143.04982600232236,143.04982600232236,19.501576691624418,15.403300537773921,none,O2,True
static_obstacles,34.000000000000206,143.34751318569474,143.34751318569474,19.509207586231714,15.403300537773921,none,O2,True
static_obstacles,34.0500000000002,143.63830252516627,143.63830252516627,19.516658781209262,15.403300537773921,none,O2,True
static_obstacles,34.1000000000002,143.92214724047685,143.92214724047685,19.523929284277365,15.403300537773921,none,O2,True
static_obstacles,34.1500000000002,144.1990018567773,144.1990018567773,19.531018133056037,15.403300537773921,none,O2,True
static_obstacles,34.200000000000195,144.46882194299647,144.46882194299647,19.53792438822463,15.403300537773921,none,O2,True
static_obstacles,34.25000000000019,144.73156388097286,144.73156388097286,19.544647127486318,15.403300537773921,none,O2,True
static_obstacles,34.30000000000019,144.98716807421786,144.98716807421786,19.551185016034303,15.403300537773921,none,O2,True
static_obstacles,34.350000000000186,145.23745795457089,145.23745795457089,19.557584856304658,15.403300537773921,none,O2,True
static_obstacles,34.40000000000018,145.48570594087917,145.48570594087917,19.563930417936614,15.403300537773921,none,O2,True
static_obstacles,34.45000000000018,145.7359817642928,145.7359817642928,19.57032573109807,15.403300537773921,none,O2,True
static_obstacles,34.50000000000018,145.99270338462534,145.99270338462534,19.576883583492336,15.403300537773921,none,O2,True
static_obstacles,34.550000000000175,146.26033569300827,146.26033569300827,19.583717807147718,15.403300537773921,none,O2,True
static_obstacles,34.60000000000017,146.5431959094067,146.5431959094067,19.59093829724327,15.403300537773921,none,O2,True
static_obstacles,34.65000000000017,146.84533504370907,146.84533504370907,19.598647976345088,15.403300537773921,none,O2,True
static_obstacles,34.700000000000166,147.17047274346962,147.17047274346962,19.606941122991522,15.403300537773921,none,O2,True
static_obstacles,34.75000000000016,147.5219688718984,147.5219688718984,19.615902638647164,15.403300537773921,none,O2,True
static_obstacles,34.80000000000016,147.90281969109267,147.90281969109267,19.625607943400862,15.403300537773921,none,O2,True
static_obstacles,34.85000000000016,148.315669915386,148.315669915386,19.636123277581355,15.403300537773921,none,O2,True
static_obstacles,34.900000000000155,148.76283441933177,148.76283441933177,19.647506250827817,15.403300537773921,none,O2,True
static_obstacles,34.95000000000015,149.24632524479424,149.24632524479424,19.659806527577544,15.403300537773921,none,O2,True
static_obstacles,35.00000000000015,149.76788091434,149.76788091434,19.673066572634944,15.403300537773921,none,O2,True
static_obstacles,35.050000000000146,150.3289960481043,150.3289960481043,19.687322405677484,15.403300537773921,none,O2,True
static_obstacles,35.10000000000014,150.93094999342102,150.93094999342102,19.702604331671672,15.403300537773921,none,O2,True
static_obstacles,35.15000000000014,151.57483368264624,151.57483368264624,19.71893762705366,15.403300537773921,none,O2,True
static_obstacles,35.20000000000014,152.26157428901624,152.26157428901624,19.73634317055727,15.403300537773921,none,O2,True
static_obstacles,35.250000000000135,152.9919574937662,152.9919574937662,19.75483801378165,15.403300537773921,none,O2,True
static_obstacles,35.30000000000013,153.76664734055757,153.76664734055757,19.774435890754102,15.403300537773921,none,O2,True
static_obstacles,35.35000000000013,154.58620375813624,154.58620375813624,19.795147668434367,15.403300537773921,none,O2,True
static_obstacles,35.40000000000013,155.45109789587875,155.45109789587875,19.816981741750308,15.403300537773921,none,O2,True
static_obstacles,35.450000000000124,156.36172545178314,156.36172545178314,19.839944377663198,15.403300537773921,none,O2,True
static_obstacles,35.50000000000012,157.31841818758917,157.31841818758917,19.864040013163876,15.403300537773921,none,O2,True
static_obstacles,35.55000000000012,158.32145382759583,158.32145382759583,19.889271512164093,15.403300537773921,none,O2,True
static_obstacles,35.600000000000115,159.37106453111144,159.37106453111144,19.915640386090974,15.403300537773921,none,O2,True
static_obstacles,35.65000000000011,160.46744411665608,160.46744411665608,19.943146982701663,15.403300537773921,none,O2,True
static_obstacles,35.70000000000011,161.61075420139255,161.61075420139255,19.971790647269938,15.403300537773921,none,O2,True
static_obstacles,35.75000000000011,162.80112940339237,162.80112940339237,20.001569859897966,15.403300537773921,none,O2,True
static_obstacles,35.800000000000104,164.0386817383222,164.0386817383222,20.032482352302438,15.403300537773921,none,O2,True
static_obstacles,35.8500000000001,165.3235043266683,165.3235043266683,20.0645252070328,15.403300537773921,none,O2,True
static_obstacles,35.9000000000001,166.65567451310184,166.65567451310184,20.097694941711307,15.403300537773921,none,O2,True
static_obstacles,35.950000000000095,168.03525648628144,168.03525648628144,20.131987580546234,15.403300537773921,none,O2,True
static_obstacles,36.00000000000009,169.45685706067675,169.45685706067675,20.167263684438282,15.403300537773921,none,O2,True
static_obstacles,36.05000000000009,170.91513280445932,170.91513280445932,20.203385861321504,15.403300537773921,none,O2,True
static_obstacles,36.10000000000009,172.4057850775193,172.4057850775193,20.240243391187413,15.403300537773921,none,O2,True
static_obstacles,36.150000000000084,173.92533997512615,173.92533997512615,20.277746606369075,15.403300537773921,none,O2,True
static_obstacles,36.20000000000008,175.47097008759616,175.47097008759616,20.315822344778034,15.403300537773921,none,O2,True
static_obstacles,36.25000000000008,177.04034758331218,177.04034758331218,20.35441021106479,15.403300537773921,none,O2,True
static_obstacles,36.300000000000075,178.63152654812345,178.63152654812345,20.393459588924824,15.403300537773921,none,O2,True
static_obstacles,36.35000000000007,180.24285120707364,180.24285120707364,20.43292731509756,15.403300537773921,none,O2,True
static_obstacles,36.40000000000007,181.87288564245407,181.87288564245407,20.472775901167882,15.403300537773921,none,O2,True
static_obstacles,36.45000000000007,183.5203606376555,183.5203606376555,20.512972190656377,15.403300537773921,none,O2,True
static_obstacles,36.500000000000064,185.18413381931308,185.18413381931308,20.553486353324573,15.403300537773921,none,O2,True
static_obstacles,36.55000000000006,186.86315996065778,186.86315996065778,20.594291136566078,15.403300537773921,none,O2,True
static_obstacles,36.60000000000006,188.55646896663828,188.55646896663828,20.63536131071188,15.403300537773921,none,O2,True
static_obstacles,36.650000000000055,190.26314962228335,190.26314962228335,20.676673259479383,15.403300537773921,none,O2,True
static_obstacles,36.70000000000005,191.98233763931117,191.98233763931117,20.718204678405353,15.403300537773921,none,O2,True
static_obstacles,36.75000000000005,193.7132068922148,193.7132068922148,20.759934353200666,15.403300537773921,none,O2,True
static_obstacles,36.80000000000005,195.45496301010965,195.45496301010965,20.801841996974595,15.403300537773921,none,O2,True
static_obstacles,36.850000000000044,197.2068387006863,197.2068387006863,20.843908130618708,15.403300537773921,none,O2,True
static_obstacles,36.90000000000004,198.96809034183653,198.96809034183653,20.88611399468132,15.403300537773921,none,O2,True
static_obstacles,36.95000000000004,200.737995496529,200.737995496529,20.92844148410281,15.403300537773921,none,O2,True
static_obstacles,37.000000000000036,202.5158510965471,202.5158510965471,20.9708730994571,15.403300537773921,none,O2,True
static_obstacles,37.05000000000003,204.30097210798388,204.30097210798388,21.013391910040852,15.403300537773921,none,O2,True
static_obstacles,37.10000000000003,206.09269054148788,206.09269054148788,21.055981525411593,15.403300537773921,none,O2,True
static_obstacles,37.15000000000003,207.89035470740973,207.89035470740973,21.09862607290807,15.403300537773921,none,O2,True
static_obstacles,37.200000000000024,209.69332864347862,209.69332864347862,21.141310179373107,15.403300537773921,none,O2,True
static_obstacles,37.25000000000002,211.5009916628609,211.5009916628609,21.184018955803623,15.403300537773921,none,O2,True
static_obstacles,37.30000000000002,213.31273798528733,213.31273798528733,21.226737984020854,15.403300537773921,none,O2,True
static_obstacles,37.350000000000016,215.1279764247728,215.1279764247728,21.269453304722227,15.403300537773921,none,O2,True
static_obstacles,37.40000000000001,216.94613011531501,216.94613011531501,21.312151406470004,15.403300537773921,none,O2,True
static_obstacles,37.45000000000001,218.76663626164563,218.76663626164563,21.354819215311377,15.403300537773921,none,O2,True
static_obstacles,37.50000000000001,220.58894590618812,220.58894590618812,21.397444084824116,15.403300537773921,none,O2,True
static_obstacles,37.550000000000004,222.4125237062813,222.4125237062813,21.44001378645237,15.403300537773921,none,O2,True
static_obstacles,37.6,224.236847717779,224.236847717779,21.48251650004639,15.403300537773921,none,O2,True
static_obstacles,37.65,226.06140918256872,226.06140918256872,21.52494080455403,15.403300537773921,none,O2,True
static_obstacles,37.699999999999996,227.885712318538,227.885712318538,21.56727566883505,15.403300537773921,none,O2,True
static_obstacles,37.74999999999999,229.70927411118723,229.70927411118723,21.609510442584618,15.403300537773921,none,O2,True
static_obstacles,37.79999999999999,231.53162410652342,231.53162410652342,21.651634847362214,15.403300537773921,none,O2,True
static_obstacles,37.84999999999999,233.3523042051594,233.3523042051594,21.69363896772844,15.403300537773921,none,O2,True
static_obstacles,37.899999999999984,235.17086845770896,235.17086845770896,21.735513242495458,15.403300537773921,none,O2,True
static_obstacles,37.94999999999998,236.9868828616691,236.9868828616691,21.777248456098754,15.403300537773921,none,O2,True
static_obstacles,37.99999999999998,238.79992516002827,238.79992516002827,21.81883573009831,15.403300537773921,none,O2,True
static_obstacles,38.049999999999976,240.60958464184804,240.60958464184804,21.860266514817116,15.403300537773921,none,O2,True
static_obstacles,38.09999999999997,242.41546194506824,242.41546194506824,21.90153258112442,15.403300537773921,none,O2,True
static_obstacles,38.14999999999997,244.21716886175582,244.21716886175582,21.942626012370127,15.403300537773921,none,O2,True
static_obstacles,38.19999999999997,246.01432814600238,246.01432814600238,21.98353919647582,15.403300537773921,none,O2,True
static_obstacles,38.249999999999964,247.80657332464241,247.80657332464241,22.024264818186982,15.403300537773921,none,O2,True
static_obstacles,38.29999999999996,249.5935485109346,249.5935485109346,22.064795851489787,15.403300537773921,none,O2,True
static_obstacles,38.34999999999996,251.37490822132847,251.37490822132847,22.10512555219524,15.403300537773921,none,O2,True
static_obstacles,38.399999999999956,253.15031719540733,253.15031719540733,22.1452474506923,15.403300537773921,none,O2,True
static_obstacles,38.44999999999995,254.91945021907864,254.91945021907864,22.185155344871152,15.403300537773921,none,O2,True
static_obstacles,38.49999999999995,256.68199195106524,256.68199195106524,22.224843293216978,15.403300537773921,none,O2,True
static_obstacles,38.54999999999995,258.4376367527316,258.4376367527316,22.264305608074057,15.403300537773921,none,O2,True
static_obstacles,38.599999999999945,260.18608852126476,260.18608852126476,22.303536849079588,15.403300537773921,none,O2,True
static_obstacles,38.64999999999994,261.92706052621963,261.92706052621963,22.34253181676611,15.403300537773921,none,O2,True
static_obstacles,38.69999999999994,263.6602752494251,263.6602752494251,22.381285546331146,15.403300537773921,none,O2,True
static_obstacles,38.749999999999936,265.3854642282407,265.3854642282407,22.419793301572323,15.403300537773921,none,O2,True
static_obstacles,38.79999999999993,267.1023679021456,267.1023679021456,22.458050568985993,15.403300537773921,none,O2,True
static_obstacles,38.84999999999993,268.81073546263656,268.81073546263656,22.496053052027214,15.403300537773921,none,O2,True
static_obstacles,38.89999999999993,270.510324706406,270.510324706406,22.5337966655287,15.403300537773921,none,O2,True
static_obstacles,38.949999999999925,272.2009018917687,272.2009018917687,22.571277530276284,15.403300537773921,none,O2,True
static_obstacles,38.99999999999992,273.8822415983009,273.8822415983009,22.608491967738303,15.403300537773921,none,O2,True
static_obstacles,39.04999999999992,275.5541265896551,275.5541265896551,22.645436494946207,15.403300537773921,none,O2,True
static_obstacles,39.099999999999916,277.2163476795114,277.2163476795114,22.68210781952369,15.403300537773921,none,O2,True
static_obstacles,39.14999999999991,278.8687036006228,278.8687036006228,22.718502834861482,15.403300537773921,none,O2,True
static_obstacles,39.19999999999991,280.5110008769178,280.5110008769178,22.75461861543507,15.403300537773921,none,O2,True
static_obstacles,39.24999999999991,282.1430536986112,282.1430536986112,22.79045241226241,15.403300537773921,none,O2,True
static_obstacles,39.299999999999905,283.764683800288,283.764683800288,22.8260016484989,15.403300537773921,none,O2,True
static_obstacles,39.3499999999999,285.3757203419118,285.3757203419118,22.861263915166592,15.403300537773921,none,O2,True
static_obstacles,39.3999999999999,286.9759997927192,286.9759997927192,22.89623696701503,15.403300537773921,none,O2,True
static_obstacles,39.449999999999896,288.5653658179575,288.5653658179575,22.93091871851069,15.403300537773921,none,O2,True
static_obstacles,39.49999999999989,290.1436691684213,290.1436691684213,22.96530723995235,15.403300537773921,none,O2,True
static_obstacles,39.54999999999989,291.7107675727502,291.7107675727502,22.999400753709576,15.403300537773921,none,O2,True
static_obstacles,39.59999999999989,293.2665256324459,293.2665256324459,23.033197630581654,15.403300537773921,none,O2,True
static_obstacles,39.649999999999885,294.810814719567,294.810814719567,23.06669638627416,15.403300537773921,none,O2,True
static_obstacles,39.69999999999988,296.3435128770666,296.3435128770666,23.09989567799069,15.403300537773921,none,O2,True
static_obstacles,39.74999999999988,297.86450472172976,297.86450472172976,23.132794301136993,15.403300537773921,none,O2,True
static_obstacles,39.799999999999876,299.3736813496772,299.3736813496772,23.165391186135054,15.403300537773921,none,O2,True
static_obstacles,39.84999999999987,300.8709402443992,300.8709402443992,23.19768539534463,15.403300537773921,none,O2,True
static_obstacles,39.89999999999987,302.356185187282,302.356185187282,23.22967612008976,15.403300537773921,none,O2,True
static_obstacles,39.94999999999987,303.82932617059566,303.82932617059566,23.26136267778786,15.403300537773921,none,O2,True
static_obstacles,39.999999999999865,305.29027931291046,305.29027931291046,23.29274450917918,15.403300537773921,none,O2,True
static_obstacles,40.04999999999986,306.73896677691073,306.73896677691073,23.32382117565424,15.403300537773921,none,O2,True
static_obstacles,40.09999999999986,308.17531668957486,308.17531668957486,23.354592356677117,15.403300537773921,none,O2,True
static_obstacles,40.14999999999986,307.8077189239821,307.8077189239821,23.869750994406587,16.185094797714104,none,O3,True
static_obstacles,40.199999999999854,304.52534131344834,304.52534131344834,23.800895674836283,16.185094797714104,none,O3,True
static_obstacles,40.24999999999985,301.285233589871,301.285233589871,23.732731136573033,16.185094797714104,none,O3,True
static_obstacles,40.29999999999985,298.0868753060468,298.0868753060468,23.665252352701398,16.185094797714104,none,O3,True
static_obstacles,40.349999999999845,294.92975414878237,294.92975414878237,23.598454351075084,16.185094797714104,none,O3,True
static_obstacles,40.39999999999984,291.81336580802,291.81336580802,23.53233221376522,16.185094797714104,none,O3,True
static_obstacles,40.44999999999984,288.73721384792947,288.73721384792947,23.466881076506986,16.185094797714104,none,O3,True
static_obstacles,40.49999999999984,285.7008095799309,285.7008095799309,23.402096128144656,16.185094797714104,none,O3,True
static_obstacles,40.549999999999834,282.70367193762837,282.70367193762837,23.337972610075205,16.185094797714104,none,O3,True
static_obstacles,40.59999999999983,279.7453273536258,279.7453273536258,23.274505815690652,16.185094797714104,none,O3,True
static_obstacles,40.64999999999983,276.82530963820085,276.82530963820085,23.211691089819222,16.185094797714104,none,O3,True
static_obstacles,40.699999999999825,273.9431598598093,273.9431598598093,23.149523828165485,16.185094797714104,none,O3,True
static_obstacles,40.74999999999982,271.0984262273982,271.0984262273982,23.087999476749612,16.185094797714104,none,O3,True
static_obstacles,40.79999999999982,268.2906639745026,268.2906639745026,23.02711353134593,16.185094797714104,none,O3,True
static_obstacles,40.84999999999982,265.519435245098,265.519435245098,22.96686153692076,16.185094797714104,none,O3,True
static_obstacles,40.899999999999814,262.7843089811901,262.7843089811901,22.907239087069883,16.185094797714104,none,O3,True
static_obstacles,40.94999999999981,260.0848608121117,260.0848608121117,22.84824182345556,16.185094797714104,none,O3,True
static_obstacles,40.99999999999981,257.42067294550594,257.42067294550594,22.789865435243318,16.185094797714104,none,O3,True
static_obstacles,41.049999999999805,254.79133405997123,254.79133405997123,22.732105658538618,16.185094797714104,none,O3,True
static_obstacles,41.0999999999998,252.19643919934043,252.19643919934043,22.67495827582341,16.185094797714104,none,O3,True
static_obstacles,41.1499999999998,249.6355896685733,249.6355896685733,22.61841911539278,16.185094797714104,none,O3,True
static_obstacles,41.1999999999998,247.1083929312327,247.1083929312327,22.56248405079159,16.185094797714104,none,O3,True
static_obstacles,41.249999999999794,244.61446250852305,244.61446250852305,22.507149000251346,16.185094797714104,none,O3,True
static_obstacles,41.29999999999979,242.1534178798628,242.1534178798628,22.452409926127196,16.185094797714104,none,O3,True
static_obstacles,41.34999999999979,239.72488438496447,239.72488438496447,22.398262834335092,16.185094797714104,none,O3,True
static_obstacles,41.399999999999785,237.32849312739614,237.32849312739614,22.344703773789178,16.185094797714104,none,O3,True
static_obstacles,41.44999999999978,234.96388087959758,234.96388087959758,22.291728835839308,16.185094797714104,none,O3,True
static_obstacles,41.49999999999978,232.63068998932215,232.63068998932215,22.2393341537087,16.185094797714104,none,O3,True
static_obstacles,41.54999999999978,230.32856828747788,230.32856828747788,22.187515901931654,16.185094797714104,none,O3,True
static_obstacles,41.599999999999774,228.05716899733636,228.05716899733636,22.136270295791217,16.185094797714104,none,O3,True
static_obstacles,41.64999999999977,225.81615064508412,225.81615064508412,22.085593590756766,16.185094797714104,none,O3,True
static_obstacles,41.69999999999977,223.60517697168353,223.60517697168353,22.035482081921323,16.185094797714104,none,O3,True
static_obstacles,41.749999999999766,221.4239168460146,221.4239168460146,21.98593210343848,16.185094797714104,none,O3,True
static_obstacles,41.79999999999976,219.27204417926947,219.27204417926947,21.936940027958812,16.185094797714104,none,O3,True
static_obstacles,41.84999999999976,217.14923784056458,217.14923784056458,21.88850226606555,16.185094797714104,none,O3,True
static_obstacles,41.89999999999976,215.05518157374297,215.05518157374297,21.840615265709324,16.185094797714104,none,O3,True
static_obstacles,41.949999999999754,212.98956391533608,212.98956391533608,21.79327551164185,16.185094797714104,none,O3,True
static_obstacles,41.99999999999975,210.95207811365026,210.95207811365026,21.74647952484821,16.185094797714104,none,O3,True
static_obstacles,42.04999999999975,208.9424220489517,208.9424220489517,21.70022386197764,16.185094797714104,none,O3,True
static_obstacles,42.099999999999746,206.9602981547137,206.9602981547137,21.654505114772444,16.185094797714104,none,O3,True
static_obstacles,42.14999999999974,205.00541333989878,205.00541333989878,21.60931990949486,16.185094797714104,none,O3,True
static_obstacles,42.19999999999974,203.07747891224392,203.07747891224392,21.564664906351688,16.185094797714104,none,O3,True
static_obstacles,42.24999999999974,201.17621050251705,201.17621050251705,21.520536798916268,16.185094797714104,none,O3,True
static_obstacles,42.299999999999734,199.30132798971584,199.30132798971584,21.476932313547668,16.185094797714104,none,O3,True
static_obstacles,42.34999999999973,197.45255542717956,197.45255542717956,21.43384820880683,16.185094797714104,none,O3,True
static_obstacles,42.39999999999973,195.62962096958415,195.62962096958415,21.391281274869357,16.185094797714104,none,O3,True
static_obstacles,42.449999999999726,193.8322568007921,193.8322568007921,21.349228332934757,16.185094797714104,none,O3,True
static_obstacles,42.49999999999972,192.06019906253118,192.06019906253118,21.307686234631937,16.185094797714104,none,O3,True
static_obstacles,42.54999999999972,190.313187783873,190.313187783873,21.26665186142062,16.185094797714104,none,O3,True
static_obstacles,42.59999999999972,188.5909668114885,188.5909668114885,21.226122123988656,16.185094797714104,none,O3,True
static_obstacles,42.649999999999714,186.89328374065423,186.89328374065423,21.186093961644897,16.185094797714104,none,O3,True
static_obstacles,42.69999999999971,185.2198898469868,185.2198898469868,21.14656434170759,16.185094797714104,none,O3,True
static_obstacles,42.74999999999971,183.57054001888355,183.57054001888355,21.107530258888076,16.185094797714104,none,O3,True
static_obstacles,42.799999999999706,181.94499269064926,181.94499269064926,21.068988734669762,16.185094797714104,none,O3,True
static_obstacles,42.8499999999997,180.34300977628914,180.34300977628914,21.03093681668226,16.185094797714104,none,O3,True
static_obstacles,42.8999999999997,178.76435660395038,178.76435660395038,20.9933715780706,16.185094797714104,none,O3,True
static_obstacles,42.9499999999997,177.20880185099844,177.20880185099844,20.956290116859677,16.185094797714104,none,O3,True
static_obstacles,42.999999999999694,175.67611747970966,175.67611747970966,20.919689555313717,16.185094797714104,none,O3,True
static_obstacles,43.04999999999969,174.16607867357192,174.16607867357192,20.883567039291062,16.185094797714104,none,O3,True
static_obstacles,43.09999999999969,172.67846377417914,172.67846377417914,20.847919737594236,16.185094797714104,none,O3,True
static_obstacles,43.149999999999686,171.21305421871165,171.21305421871165,20.81274484131547,16.185094797714104,none,O3,True
static_obstacles,43.19999999999968,169.76963447799488,169.76963447799488,20.778039563177924,16.185094797714104,none,O3,True
static_obstacles,43.24999999999968,168.34799199513049,168.34799199513049,20.743801136872737,16.185094797714104,none,O3,True
static_obstacles,43.29999999999968,166.94791712469515,166.94791712469515,20.71002681639228,16.185094797714104,none,O3,True
static_obstacles,43.349999999999675,165.56920307250635,165.56920307250635,20.676713875359848,16.185094797714104,none,O3,True
static_obstacles,43.39999999999967,164.21164583595242,164.21164583595242,20.643859606356187,16.185094797714104,none,O3,True
static_obstacles,43.44999999999967,162.8750441448895,162.8750441448895,20.6114613202432,16.185094797714104,none,O3,True
static_obstacles,43.499999999999666,161.5591994031081,161.5591994031081,20.579516345485388,16.185094797714104,none,O3,True
static_obstacles,43.54999999999966,160.26391563037157,160.26391563037157,20.548022027469305,16.185094797714104,none,O3,True
static_obstacles,43.59999999999966,158.98899940503475,158.98899940503475,20.51697572782175,16.185094797714104,none,O3,True
static_obstacles,43.64999999999966,157.73425980724852,157.73425980724852,20.48637482372713,16.185094797714104,none,O3,True
static_obstacles,43.699999999999655,156.49950836275798,156.49950836275798,20.45621670724453,16.185094797714104,none,O3,True
static_obstacles,43.74999999999965,155.2845589873079,155.2845589873079,20.42649878462533,16.185094797714104,none,O3,True
static_obstacles,43.79999999999965,154.0892279316608,154.0892279316608,20.397218475631743,16.185094797714104,none,O3,True
static_obstacles,43.849999999999646,152.91333372724426,152.91333372724426,20.368373212857144,16.185094797714104,none,O3,True
static_obstacles,43.89999999999964,151.75669713243934,151.75669713243934,20.339960441048834,16.185094797714104,none,O3,True
static_obstacles,43.94999999999964,150.61914107952236,150.61914107952236,20.311977616433968,16.185094797714104,none,O3,True
static_obstacles,43.99999999999964,149.50049062227788,149.50049062227788,20.284422206049403,16.185094797714104,none,O3,True
static_obstacles,44.049999999999635,148.40057288429512,148.40057288429512,20.25729168707622,16.185094797714104,none,O3,True
static_obstacles,44.09999999999963,147.31921700796642,147.31921700796642,20.230583546179744,16.185094797714104,none,O3,True
static_obstacles,44.14999999999963,146.25625410420213,146.25625410420213,20.20429527885579,16.185094797714104,none,O3,True
static_obstacles,44.199999999999626,145.21151720287963,145.21151720287963,20.17842438878397,16.185094797714104,none,O3,True
static_obstacles,44.24999999999962,144.18484120404338,144.18484120404338,20.15296838718891,16.185094797714104,none,O3,True
static_obstacles,44.29999999999962,143.17606282987174,143.17606282987174,20.12792479221005,16.185094797714104,none,O3,True
static_obstacles,44.34999999999962,142.18502057742916,142.18502057742916,20.103291128280993,16.185094797714104,none,O3,True
static_obstacles,44.399999999999615,141.21155467221803,141.21155467221803,20.07906492551907,16.185094797714104,none,O3,True
static_obstacles,44.44999999999961,140.25550702254986,140.25550702254986,20.05524371912598,16.185094797714104,none,O3,True
static_obstacles,44.49999999999961,139.31672117474767,139.31672117474767,20.03182504880022,16.185094797714104,none,O3,True
static_obstacles,44.549999999999606,138.39504226919865,138.39504226919865,20.008806458162137,16.185094797714104,none,O3,True
static_obstacles,44.5999999999996,137.49031699726908,137.49031699726908,19.986185494192263,16.185094797714104,none,O3,True
static_obstacles,44.6499999999996,136.6023935590976,136.6023935590976,19.963959706683685,16.185094797714104,none,O3,True
static_obstacles,44.6999999999996,135.7311216222796,135.7311216222796,19.94212664770916,16.185094797714104,none,O3,True
static_obstacles,44.749999999999595,134.87635228145274,134.87635228145274,19.920683871103545,16.185094797714104,none,O3,True
static_obstacles,44.79999999999959,134.03793801879988,134.03793801879988,19.899628931962326,16.185094797714104,none,O3,True
static_obstacles,44.84999999999959,133.21573266547415,133.21573266547415,19.87895938615667,16.185094797714104,none,O3,True
static_obstacles,44.89999999999959,132.40959136395952,132.40959136395952,19.858672789865683,16.185094797714104,none,O3,True
static_obstacles,44.949999999999584,131.61937053137262,131.61937053137262,19.838766699126353,16.185094797714104,none,O3,True
static_obstacles,44.99999999999958,130.84492782371314,130.84492782371314,19.819238669401642,16.185094797714104,none,O3,True
static_obstacles,45.04999999999958,130.08612210106838,130.08612210106838,19.800086255167187,16.185094797714104,none,O3,True
static_obstacles,45.099999999999575,129.3428133937761,129.3428133937761,19.781307009517047,16.185094797714104,none,O3,True
static_obstacles,45.14999999999957,128.61486286954738,128.61486286954738,19.762898483788746,16.185094797714104,none,O3,True
static_obstacles,45.19999999999957,127.90213280155194,127.90213280155194,19.744858227208017,16.185094797714104,none,O3,True
static_obstacles,45.24999999999957,127.20448653746593,127.20448653746593,19.72718378655347,16.185094797714104,none,O3,True
static_obstacles,45.299999999999564,126.52178846947959,126.52178846947959,19.7098727058414,16.185094797714104,none,O3,True
static_obstacles,45.34999999999956,125.85390400526143,125.85390400526143,19.69292252603086,16.185094797714104,none,O3,True
static_obstacles,45.39999999999956,125.2006995398774,125.2006995398774,19.67633078474921,16.185094797714104,none,O3,True
static_obstacles,45.449999999999555,124.56204242865579,124.56204242865579,19.660095016038145,16.185094797714104,none,O3,True
static_obstacles,45.49999999999955,123.93780096099238,123.93780096099238,19.644212750120186,16.185094797714104,none,O3,True
static_obstacles,45.54999999999955,123.32784433508704,123.32784433508704,19.62868151318573,16.185094797714104,none,O3,True
static_obstacles,45.59999999999955,122.73204263360208,122.73204263360208,19.61349882720047,16.185094797714104,none,O3,True
static_obstacles,45.649999999999544,122.1502668002301,122.1502668002301,19.59866220973315,16.185094797714104,none,O3,True
static_obstacles,45.69999999999954,121.58238861716018,121.58238861716018,19.584169173803424,16.185094797714104,none,O3,True
static_obstacles,45.74999999999954,121.02828068342683,121.02828068342683,19.570017227749673,16.185094797714104,none,O3,True
static_obstacles,45.799999999999535,120.48781639412908,120.48781639412908,19.55620387511649,16.185094797714104,none,O3,True
static_obstacles,45.84999999999953,119.96086992050215,119.96086992050215,19.5427266145616,16.185094797714104,none,O3,True
static_obstacles,45.89999999999953,119.44731619082364,119.44731619082364,19.529582939781786,16.185094797714104,none,O3,True
static_obstacles,45.94999999999953,118.94703087213838,118.94703087213838,19.516770339457565,16.185094797714104,none,O3,True
static_obstacles,45.999999999999524,118.45989035278149,118.45989035278149,19.50428629721615,16.185094797714104,none,O3,True
static_obstacles,46.04999999999952,117.98577172567929,117.98577172567929,19.492128291612268,16.185094797714104,none,O3,True
static_obstacles,46.09999999999952,117.52455277240864,117.52455277240864,19.480293796126404,16.185094797714104,none,O3,True
static_obstacles,46.149999999999515,117.07611194799193,117.07611194799193,19.4687802791799,16.185094797714104,none,O3,True
static_obstacles,46.19999999999951,116.64032836640513,116.64032836640513,19.457585204166453,16.185094797714104,none,O3,True
static_obstacles,46.24999999999951,116.21708178677841,116.21708178677841,19.44670602949946,16.185094797714104,none,O3,True
static_obstacles,46.29999999999951,115.80625260026335,115.80625260026335,19.436140208674548,16.185094797714104,none,O3,True
static_obstacles,46.349999999999504,115.40772181754409,115.40772181754409,19.42588519034683,16.185094797714104,none,O3,True
static_obstacles,46.3999999999995,115.02137105696852,115.02137105696852,19.415938418422137,16.185094797714104,none,O3,True
static_obstacles,46.4499999999995,114.64708253327467,114.64708253327467,19.406297332161714,16.185094797714104,none,O3,True
static_obstacles,46.499999999999496,114.28473904688673,114.28473904688673,19.39695936629963,16.185094797714104,none,O3,True
static_obstacles,46.54999999999949,113.93422397375781,113.93422397375781,19.38792195117233,16.185094797714104,none,O3,True
static_obstacles,46.59999999999949,113.59542125573222,113.59542125573222,19.37918251285963,16.185094797714104,none,O3,True
static_obstacles,46.64999999999949,113.26821539140383,113.26821539140383,19.370738473336427,16.185094797714104,none,O3,True
static_obstacles,46.699999999999484,112.95249142744404,112.95249142744404,19.362587250634565,16.185094797714104,none,O3,True
static_obstacles,46.74999999999948,112.64813495037635,112.64813495037635,19.354726259014065,16.185094797714104,none,O3,True
static_obstacles,46.79999999999948,112.3550320787707,112.3550320787707,19.347152909143063,16.185094797714104,none,O3,True
static_obstacles,46.849999999999476,112.0730694558344,112.0730694558344,19.339864608285822,16.185094797714104,none,O3,True
static_obstacles,46.89999999999947,111.8021342423744,111.8021342423744,19.33285876049806,16.185094797714104,none,O3,True
static_obstacles,46.94999999999947,111.54211411010834,111.54211411010834,19.326132766828973,16.185094797714104,none,O3,True
static_obstacles,46.99999999999947,111.29289723529854,111.29289723529854,19.319684025529266,16.185094797714104,none,O3,True
static_obstacles,47.049999999999464,111.05437229268802,111.05437229268802,19.31350993226452,16.185094797714104,none,O3,True
static_obstacles,47.09999999999946,110.82642844971417,110.82642844971417,19.307607880333244,16.185094797714104,none,O3,True
static_obstacles,47.14999999999946,110.60895536097831,110.60895536097831,19.301975260888987,16.185094797714104,none,O3,True
static_obstacles,47.199999999999456,110.40184316295,110.40184316295,19.296609463165858,16.185094797714104,none,O3,True
static_obstacles,47.24999999999945,110.20498246888417,110.20498246888417,19.29150787470685,16.185094797714104,none,O3,True
static_obstacles,47.29999999999945,110.01826436393043,110.01826436393043,19.286667881594337,16.185094797714104,none,O3,True
static_obstacles,47.34999999999945,109.84158040041541,109.84158040041541,19.282086868682228,16.185094797714104,none,O3,True
static_obstacles,47.399999999999444,109.67482259327852,109.67482259327852,19.277762219829114,16.185094797714104,none,O3,True
static_obstacles,47.44999999999944,109.51788341564213,109.51788341564213,19.273691318131934,16.185094797714104,none,O3,True
static_obstacles,47.49999999999944,109.37065579449842,109.37065579449842,19.269871546159578,16.185094797714104,none,O3,True
static_obstacles,47.549999999999436,109.23303310649692,109.23303310649692,19.266300286185956,16.185094797714104,none,O3,True
static_obstacles,47.59999999999943,109.10490917381372,109.10490917381372,19.26297492042197,16.185094797714104,none,O3,True
static_obstacles,47.64999999999943,108.98617826008962,108.98617826008962,19.25989283124602,16.185094797714104,none,O3,True
static_obstacles,47.69999999999943,108.87673506641971,108.87673506641971,19.25705140143246,16.185094797714104,none,O3,True
static_obstacles,47.749999999999424,108.77647472738192,108.77647472738192,19.25444801437772,16.185094797714104,none,O3,True
static_obstacles,47.79999999999942,108.6852928070901,108.6852928070901,19.25208005432354,16.185094797714104,none,O3,True
static_obstacles,47.84999999999942,108.60308529525918,108.60308529525918,19.249944906577042,16.185094797714104,none,O3,True
static_obstacles,47.899999999999416,108.52974860327055,108.52974860327055,19.248039957727194,16.185094797714104,none,O3,True
static_obstacles,47.94999999999941,108.46517956022632,108.46517956022632,19.24636259585739,16.185094797714104,none,O3,True
static_obstacles,47.99999999999941,108.4092754089819,108.4092754089819,19.244910210753755,16.185094797714104,none,O3,True
static_obstacles,48.04999999999941,108.3619338021478,108.3619338021478,19.243680194108922,16.185094797714104,none,O3,True
static_obstacles,48.099999999999405,108.32305279805087,108.32305279805087,19.242669939721022,16.185094797714104,none,O3,True
static_obstacles,48.1499999999994,108.29253085664612,108.29253085664612,19.24187684368753,16.185094797714104,none,O3,True
static_obstacles,48.1999999999994,108.27026683537434,108.27026683537434,19.241298304593858,16.185094797714104,none,O3,True
static_obstacles,48.249999999999396,108.2561599849551,108.2561599849551,19.24093172369642,16.185094797714104,none,O3,True
static_obstacles,48.29999999999939,108.25010994511109,108.25010994511109,19.240774505099925,16.185094797714104,none,O3,True
static_obstacles,48.34999999999939,108.25201674021793,108.25201674021793,19.240824055928844,16.185094797714104,none,O3,True
static_obstacles,48.39999999999939,108.26178077487424,108.26178077487424,19.24107778649279,16.185094797714104,none,O3,True
static_obstacles,48.449999999999385,108.27930282938797,108.27930282938797,19.24153311044575,16.185094797714104,none,O3,True
static_obstacles,48.49999999999938,108.30448354562242,108.30448354562242,19.242187431698472,16.185094797714104,none,O3,True
static_obstacles,48.54999999999938,108.33770085751524,108.33770085751524,19.243050549964977,16.185094797714104,none,O3,True
static_obstacles,48.599999999999376,108.37973545026847,108.37973545026847,19.244142720871217,16.185094797714104,none,O3,True
static_obstacles,48.64999999999937,108.43158338870239,108.43158338870239,19.245489783315325,16.185094797714104,none,O3,True
static_obstacles,48.69999999999937,108.49432713498828,108.49432713498828,19.247119803907815,16.185094797714104,none,O3,True
static_obstacles,48.74999999999937,108.56904834844039,108.56904834844039,19.249060807203882,16.185094797714104,none,O3,True
static_obstacles,48.799999999999365,108.65677048155857,108.65677048155857,19.251339280490352,16.185094797714104,none,O3,True
static_obstacles,48.84999999999936,108.75842252834906,108.75842252834906,19.25397922870338,16.185094797714104,none,O3,True
static_obstacles,48.89999999999936,108.87481769719187,108.87481769719187,19.25700161780603,16.185094797714104,none,O3,True
static_obstacles,48.949999999999356,109.00664252724033,109.00664252724033,19.26042409030062,16.185094797714104,none,O3,True
static_obstacles,48.99999999999935,109.15445322973773,109.15445322973773,19.264260869307442,16.185094797714104,none,O3,True
static_obstacles,49.04999999999935,109.31867694771125,109.31867694771125,19.26852279129626,16.185094797714104,none,O3,True
static_obstacles,49.09999999999935,109.49961628617956,109.49961628617956,19.27321742463286,16.185094797714104,none,O3,True
static_obstacles,49.149999999999345,109.69745594039017,109.69745594039017,19.27834924342285,16.185094797714104,none,O3,True
static_obstacles,49.19999999999934,109.91227059239901,109.91227059239901,19.283919835017755,16.185094797714104,none,O3,True
static_obstacles,49.24999999999934,110.14403349318656,110.14403349318656,19.289928125946417,16.185094797714104,none,O3,True
static_obstacles,49.299999999999336,110.39262532500368,110.39262532500368,19.2963706156364,16.185094797714104,none,O3,True
static_obstacles,49.34999999999933,110.6578430659527,110.6578430659527,19.30324161059341,16.185094797714104,none,O3,True
static_obstacles,49.39999999999933,110.93940866981654,110.93940866981654,19.310533454071347,16.185094797714104,none,O3,True
static_obstacles,49.44999999999933,111.23697743892325,111.23697743892325,19.3182367479518,16.185094797714104,none,O3,True
static_obstacles,49.499999999999325,111.55014601365184,111.55014601365184,19.326340564748516,16.185094797714104,none,O3,True
static_obstacles,49.54999999999932,111.87845993433069,111.87845993433069,19.33483264849538,16.185094797714104,none,O3,True
static_obstacles,49.59999999999932,112.22142075359108,112.22142075359108,19.34369960386542,16.185094797714104,none,O3,True
static_obstacles,49.64999999999932,112.57849269247833,112.57849269247833,19.352927073274227,16.185094797714104,none,O3,True
static_obstacles,49.699999999999314,112.94910884383296,112.94910884383296,19.362499901996774,16.185094797714104,none,O3,True
static_obstacles,49.74999999999931,113.33267693306578,113.33267693306578,19.372402291508866,16.185094797714104,none,O3,True
static_obstacles,49.79999999999931,113.72858465055737,113.72858465055737,19.382617941381127,16.185094797714104,none,O3,True
static_obstacles,49.849999999999305,114.1362045722621,114.1362045722621,19.393130180124462,16.185094797714104,none,O3,True
static_obstacles,49.8999999999993,114.55489868624721,114.55489868624721,19.403922085424878,16.185094797714104,none,O3,True
static_obstacles,49.9499999999993,114.98402254326135,114.98402254326135,19.414976594223685,16.185094797714104,none,O3,True
static_obstacles,49.9999999999993,115.42292904926933,115.42292904926933,19.426276603102856,16.185094797714104,none,O3,True
static_obstacles,50.049999999999294,115.87097191743527,115.87097191743527,19.43780505943064,16.185094797714104,none,O3,True
static_obstacles,50.09999999999929,116.32750879640776,116.32750879640776,19.44954504371246,16.185094797714104,none,O3,True
static_obstacles,50.14999999999929,116.79190409106792,116.79190409106792,19.461479843579728,16.185094797714104,none,O3,True
static_obstacles,50.199999999999285,117.26353149120223,117.26353149120223,19.473593019835718,16.185094797714104,none,O3,True
static_obstacles,50.24999999999928,117.74177622290216,117.74177622290216,19.48586846496441,16.185094797714104,none,O3,True
static_obstacles,50.29999999999928,118.22603703688588,118.22603703688588,19.4982904544957,16.185094797714104,none,O3,True
static_obstacles,50.34999999999928,118.71572794741422,118.71572794741422,19.510843691609196,16.185094797714104,none,O3,True
static_obstacles,50.399999999999274,119.21027973501151,119.21027973501151,19.52351334534857,16.185094797714104,none,O3,True
static_obstacles,50.44999999999927,119.70914122581888,119.70914122581888,19.536285082809655,16.185094797714104,none,O3,True
static_obstacles,50.49999999999927,120.21178036008706,120.21178036008706,19.549145095657742,16.185094797714104,none,O3,True
static_obstacles,50.549999999999265,120.71768506204677,120.71768506204677,19.56208012132245,16.185094797714104,none,O3,True
static_obstacles,50.59999999999926,121.226363923171,121.226363923171,19.57507745921234,16.185094797714104,none,O3,True
static_obstacles,50.64999999999926,121.7373467106533,121.7373467106533,19.58812498228571,16.185094797714104,none,O3,True
static_obstacles,50.69999999999926,122.25018471275018,122.25018471275018,19.601211144307953,16.185094797714104,none,O3,True
static_obstacles,50.749999999999254,122.76445093247878,122.76445093247878,19.614324983120653,16.185094797714104,none,O3,True
static_obstacles,50.79999999999925,123.27974014099749,123.27974014099749,19.627456120241096,16.185094797714104,none,O3,True
static_obstacles,50.84999999999925,123.79566880183029,123.79566880183029,19.640594757105053,16.185094797714104,none,O3,True
static_obstacles,50.899999999999245,124.31187487691074,124.31187487691074,19.653731668258395,16.185094797714104,none,O3,True
static_obstacles,50.94999999999924,124.82801752521954,124.82801752521954,19.666858191795956,16.185094797714104,none,O3,True
static_obstacles,50.99999999999924,125.34377670456212,125.34377670456212,19.67996621733773,16.185094797714104,none,O3,True
static_obstacles,51.04999999999924,125.85885268677299,125.85885268677299,19.69304817182361,16.185094797714104,none,O3,True
static_obstacles,51.099999999999234,126.3729654963509,126.3729654963509,19.70609700339829,16.185094797714104,none,O3,True
static_obstacles,51.14999999999923,126.88585428221137,126.88585428221137,19.71910616364757,16.185094797714104,none,O3,True
static_obstacles,51.19999999999923,127.39727663189569,127.39727663189569,19.73206958843618,16.185094797714104,none,O3,True
static_obstacles,51.249999999999226,127.90700783720206,127.90700783720206,19.74498167758568,16.185094797714104,none,O3,True
static_obstacles,51.29999999999922,128.4148401197993,128.4148401197993,19.757837273618573,16.185094797714104,none,O3,True
static_obstacles,51.34999999999922,128.9205818249606,128.9205818249606,19.770631639782092,16.185094797714104,none,O3,True
static_obstacles,51.39999999999922,129.42405659110426,129.42405659110426,19.78336043755197,16.185094797714104,none,O3,True
static_obstacles,51.449999999999214,129.9251025023649,129.9251025023649,19.79601970380301,16.185094797714104,none,O3,True
static_obstacles,51.49999999999921,130.4235712309394,130.4235712309394,19.808605827819672,16.185094797714104,none,O3,True
static_obstacles,51.54999999999921,130.91932717546206,130.91932717546206,19.821115528306024,16.185094797714104,none,O3,True
static_obstacles,51.599999999999206,131.41224660117246,131.41224660117246,19.833545830540857,16.185094797714104,none,O3,True
static_obstacles,51.6499999999992,131.90221678713868,131.90221678713868,19.84589404380994,16.185094797714104,none,O3,True
static_obstacles,51.6999999999992,132.3891351853078,132.3891351853078,19.85815773923402,16.185094797714104,none,O3,True
static_obstacles,51.7499999999992,132.872908595667,132.872908595667,19.870334728098044,16.185094797714104,none,O3,True
static_obstacles,51.799999999999194,133.35345236131752,133.35345236131752,19.882423040774224,16.185094797714104,none,O3,True
static_obstacles,51.84999999999919,133.83068958679615,133.83068958679615,19.894420906319148,16.185094797714104,none,O3,True
static_obstacles,51.89999999999919,134.3045503825337,134.3045503825337,19.90632673281351,16.185094797714104,none,O3,True
static_obstacles,51.949999999999186,134.77497113789292,134.77497113789292,19.91813908850134,16.185094797714104,none,O3,True
static_obstacles,51.99999999999918,135.2418938248261,135.2418938248261,19.92985668377518,16.185094797714104,none,O3,True
static_obstacles,52.04999999999918,135.705265333794,135.705265333794,19.941478354043518,16.185094797714104,none,O3,True
static_obstacles,52.09999999999918,136.16503684321344,136.16503684321344,19.95300304350715,16.185094797714104,none,O3,True
static_obstacles,52.149999999999174,136.62116322336414,136.62116322336414,19.964429789862677,16.185094797714104,none,O3,True
static_obstacles,52.19999999999917,137.07360247535343,137.07360247535343,19.97575770994296,16.185094797714104,none,O3,True
static_obstacles,52.24999999999917,137.52231520544888,137.52231520544888,19.98698598629721,16.185094797714104,none,O3,True
static_obstacles,52.299999999999166,137.96726413481446,137.96726413481446,19.998113854706563,16.185094797714104,none,O3,True
static_obstacles,52.34999999999916,138.408413644439,138.408413644439,20.00914059262494,16.185094797714104,none,O3,True
static_obstacles,52.39999999999916,138.84572935482822,138.84572935482822,20.020065508529697,16.185094797714104,none,O3,True
static_obstacles,52.44999999999916,139.27917773983216,139.27917773983216,20.03088793216178,16.185094797714104,none,O3,True
static_obstacles,52.499999999999154,139.70872577380862,139.70872577380862,20.04160720563101,16.185094797714104,none,O3,True
static_obstacles,52.54999999999915,140.1343406111754,140.1343406111754,20.05222267535865,16.185094797714104,none,O3,True
static_obstacles,52.59999999999915,140.5559892972684,140.5559892972684,20.062733684826217,16.185094797714104,none,O3,True
static_obstacles,52.649999999999146,140.97363850932777,140.97363850932777,20.07313956809746,16.185094797714104,none,O3,True
static_obstacles,52.69999999999914,141.38725432633345,141.38725432633345,20.083439644078044,16.185094797714104,none,O3,True
static_obstacles,52.74999999999914,141.79680202635126,141.79680202635126,20.093633211476302,16.185094797714104,none,O3,True
static_obstacles,52.79999999999914,142.20224590999413,142.20224590999413,20.103719544427253,16.185094797714104,none,O3,True
static_obstacles,52.849999999999135,142.60354914856646,142.60354914856646,20.11369788874136,16.185094797714104,none,O3,True
static_obstacles,52.89999999999913,143.00067365543885,143.00067365543885,20.12356745873929,16.185094797714104,none,O3,True
static_obstacles,52.94999999999913,143.39357997918796,143.39357997918796,20.133327434633852,16.185094797714104,none,O3,True
static_obstacles,52.999999999999126,143.78222721704356,143.78222721704356,20.142976960420615,16.185094797714104,none,O3,True
static_obstacles,53.04999999999912,144.16657294719175,144.16657294719175,20.15251514223929,16.185094797714104,none,O3,True
static_obstacles,53.09999999999912,144.546573178512,144.546573178512,20.161941047168654,16.185094797714104,none,O3,True
static_obstacles,53.14999999999912,144.9221823163511,144.9221823163511,20.171253702418777,16.185094797714104,none,O3,True
static_obstacles,53.199999999999115,145.29335314297788,145.29335314297788,20.18045209488554,16.185094797714104,none,O3,True
static_obstacles,53.24999999999911,145.66003681140444,145.66003681140444,20.189535171033448,16.185094797714104,none,O3,True
static_obstacles,53.29999999999911,146.02218285131062,146.02218285131062,20.19850183707452,16.185094797714104,none,O3,True
static_obstacles,53.349999999999106,146.37973918585897,146.37973918585897,20.20735095941205,16.185094797714104,none,O3,True
static_obstacles,53.3999999999991,146.73265215824495,146.73265215824495,20.216081365319965,16.185094797714104,none,O3,True
static_obstacles,53.4499999999991,147.08086656688562,147.08086656688562,20.224691843829852,16.185094797714104,none,O3,True
static_obstacles,53.4999999999991,147.42432570821103,147.42432570821103,20.233181146799513,16.185094797714104,none,O3,True
static_obstacles,53.549999999999095,147.7629714260844,147.7629714260844,20.241547990138415,16.185094797714104,none,O3,True
static_obstacles,53.59999999999909,148.0967441669368,148.0967441669368,20.249791055167186,16.185094797714104,none,O3,True
static_obstacles,53.64999999999909,148.42558303976836,148.42558303976836,20.257908990089785,16.185094797714104,none,O3,True
static_obstacles,53.699999999999086,148.74942588022776,148.74942588022776,20.26590041155882,16.185094797714104,none,O3,True
static_obstacles,53.74999999999908,149.06820931804094,149.06820931804094,20.273763906315796,16.185094797714104,none,O3,True
static_obstacles,53.79999999999908,149.38186884712167,149.38186884712167,20.281498032889825,16.185094797714104,none,O3,True
static_obstacles,53.84999999999908,149.6903388977571,149.6903388977571,20.28910132333981,16.185094797714104,none,O3,True
static_obstacles,53.899999999999075,149.99355291030918,149.99355291030918,20.29657228502639,16.185094797714104,none,O3,True
static_obstacles,53.94999999999907,150.29144340993838,150.29144340993838,20.303909402401562,16.185094797714104,none,O3,True
static_obstacles,53.99999999999907,150.58394208189725,150.58394208189725,20.31111113880502,16.185094797714104,none,O3,True
static_obstacles,54.049999999999066,150.8709798469983,150.8709798469983,20.31817593825761,16.185094797714104,none,O3,True
static_obstacles,54.09999999999906,151.15248693690535,151.15248693690535,20.32510222724347,16.185094797714104,none,O3,True
static_obstacles,54.14999999999906,151.42839296893777,151.42839296893777,20.331888416473515,16.185094797714104,none,O3,True
static_obstacles,54.19999999999906,151.6986270201279,151.6986270201279,20.338532902624024,16.185094797714104,none,O3,True
static_obstacles,54.249999999999055,151.9631177002991,151.9631177002991,20.345034070044985,16.185094797714104,none,O3,True
static_obstacles,54.29999999999905,152.22179322398057,152.22179322398057,20.351390292433898,16.185094797714104,none,O3,True
static_obstacles,54.34999999999905,152.47458148099838,152.47458148099838,20.357599934471416,16.185094797714104,none,O3,True
static_obstacles,54.39999999999905,152.72141010561836,152.72141010561836,20.363661353416052,16.185094797714104,none,O3,True
static_obstacles,54.449999999999044,152.96219918870236,152.96219918870236,20.369572720106195,16.185094797714104,none,O3,True
static_obstacles,54.49999999999904,153.19776076406305,153.19776076406305,20.37535409201654,16.185094797714104,none,O3,True
static_obstacles,54.54999999999904,153.4307048861773,153.4307048861773,20.381069611214457,16.185094797714104,none,O3,True
static_obstacles,54.599999999999035,153.66468970504962,153.66468970504962,20.38680905183648,16.185094797714104,none,O3,True
static_obstacles,54.64999999999903,153.90389956948962,153.90389956948962,20.39267498835015,16.185094797714104,none,O3,True
static_obstacles,54.69999999999903,154.15269003186654,154.15269003186654,20.39877407205783,16.185094797714104,none,O3,True
static_obstacles,54.74999999999903,154.4153538863415,154.4153538863415,20.405211282839826,16.185094797714104,none,O3,True
static_obstacles,54.799999999999024,154.69597399640674,154.69597399640674,20.412086311972104,16.185094797714104,none,O3,True
static_obstacles,54.84999999999902,154.99833750351166,154.99833750351166,20.419491450927563,16.185094797714104,none,O3,True
static_obstacles,54.89999999999902,155.3245201819085,155.3245201819085,20.427476931645295,16.185094797714104,none,O3,True
static_obstacles,54.949999999999015,155.67461884298763,155.67461884298763,20.436044442454605,16.185094797714104,none,O3,True
static_obstacles,54.99999999999901,156.0479636137266,156.0479636137266,20.445176869489753,16.185094797714104,none,O3,True
static_obstacles,55.04999999999901,156.44370106425276,156.44370106425276,20.454852594806077,16.185094797714104,none,O3,True
static_obstacles,55.09999999999901,156.86102462183317,156.86102462183317,20.46505114171048,16.185094797714104,none,O3,True
static_obstacles,55.149999999999004,157.29923980801414,157.29923980801414,20.47575477043536,16.185094797714104,none,O3,True
static_obstacles,55.199999999999,157.75775990244176,157.75775990244176,20.486948369960665,16.185094797714104,none,O3,True
static_obstacles,55.249999999999,158.23607787219805,158.23607787219805,20.498618770131568,16.185094797714104,none,O3,True
static_obstacles,55.299999999998995,158.7337350022554,158.7337350022554,20.51075397476279,16.185094797714104,none,O3,True
static_obstacles,55.34999999999899,159.2502942353072,159.2502942353072,20.523342511547657,16.185094797714104,none,O3,True
static_obstacles,55.39999999999899,159.7853204400177,159.7853204400177,20.536372952666444,16.185094797714104,none,O3,True
static_obstacles,55.44999999999899,160.33836733688082,160.33836733688082,20.549833599031235,16.185094797714104,none,O3,True
static_obstacles,55.499999999998984,160.90896990894743,160.90896990894743,20.563712299094725,16.185094797714104,none,O3,True
static_obstacles,55.54999999999898,161.4966409496846,161.4966409496846,20.577996368953823,16.185094797714104,none,O3,True
static_obstacles,55.59999999999898,162.10087052777442,162.10087052777442,20.59267258368293,16.185094797714104,none,O3,True
static_obstacles,55.649999999998975,162.72112737603442,162.72112737603442,20.607727215465236,16.185094797714104,none,O3,True
static_obstacles,55.69999999999897,163.35686144719534,163.35686144719534,20.623146099908897,16.185094797714104,none,O3,True
static_obstacles,55.74999999999897,164.00750708615777,164.00750708615777,20.63891471703757,16.185094797714104,none,O3,True
static_obstacles,55.79999999999897,164.67248643567967,164.67248643567967,20.65501827756809,16.185094797714104,none,O3,True
static_obstacles,55.849999999998964,165.3512128210137,165.3512128210137,20.67144180825338,16.185094797714104,none,O3,True
static_obstacles,55.89999999999896,166.04309395413117,166.04309395413117,20.688170232408744,16.185094797714104,none,O3,True
static_obstacles,55.94999999999896,166.74753486630044,166.74753486630044,20.70518844341419,16.185094797714104,none,O3,True
static_obstacles,55.999999999998956,167.4639405250773,167.4639405250773,20.722481370146518,16.185094797714104,none,O3,True
static_obstacles,56.04999999999895,168.1917181234454,168.1917181234454,20.740034034071343,16.185094797714104,none,O3,True
static_obstacles,56.09999999999895,168.9302790491496,168.9302790491496,20.75783159822195,16.185094797714104,none,O3,True
static_obstacles,56.14999999999895,169.6790405544558,169.6790405544558,20.775859408588804,16.185094797714104,none,O3,True
static_obstacles,56.199999999998944,170.43742715313988,170.43742715313988,20.794103028602414,16.185094797714104,none,O3,True
static_obstacles,56.24999999999894,171.20487177426878,171.20487177426878,20.812548267457807,16.185094797714104,none,O3,True
static_obstacles,56.29999999999894,171.98081670261507,171.98081670261507,20.831181203033285,16.185094797714104,none,O3,True
static_obstacles,56.349999999998936,172.76471433429617,172.76471433429617,20.84998820012348,16.185094797714104,none,O3,True
static_obstacles,56.39999999999893,173.55602777408347,173.55602777408347,20.868955924652187,16.185094797714104,none,O3,True
static_obstacles,56.44999999999893,174.354231298255,174.354231298255,20.88807135446562,16.185094797714104,none,O3,True
static_obstacles,56.49999999999893,175.15881070414258,175.15881070414258,20.90732178723843,16.185094797714104,none,O3,True
static_obstacles,56.549999999998924,175.96926356485204,175.96926356485204,20.92669484595798,16.185094797714104,none,O3,True
static_obstacles,56.59999999999892,176.78509940511418,176.78509940511418,20.946178482389247,16.185094797714104,none,O3,True
static_obstacles,56.64999999999892,177.60583981192542,177.60583981192542,20.96576097886546,16.185094797714104,none,O3,True
static_obstacles,56.699999999998916,178.43101849158035,178.43101849158035,20.985430948698017,16.185094797714104,none,O3,True
static_obstacles,56.74999999999891,179.26018128288536,179.26018128288536,21.00517733545417,16.185094797714104,none,O3,True
static_obstacles,56.79999999999891,180.09288613477503,180.09288613477503,21.024989411311655,16.185094797714104,none,O3,True
static_obstacles,56.84999999999891,180.92870305520023,180.92870305520023,21.04485677466569,16.185094797714104,none,O3,True
static_obstacles,56.899999999998904,181.76721403700452,181.76721403700452,21.064769347134963,16.185094797714104,none,O3,True
static_obstacles,56.9499999999989,182.6080129655325,182.6080129655325,21.084717370088807,16.185094797714104,none,O3,True
static_obstacles,56.9999999999989,183.4507055118931,183.4507055118931,21.104691400797247,16.185094797714104,none,O3,True
static_obstacles,57.049999999998896,184.2949090151078,184.2949090151078,21.124682308288094,16.185094797714104,none,O3,True
static_obstacles,57.09999999999889,185.14025235581022,185.14025235581022,21.144681268981152,16.185094797714104,none,O3,True
static_obstacles,57.14999999999889,185.98637582367485,185.98637582367485,21.16467976215721,16.185094797714104,none,O3,True
static_obstacles,57.19999999999889,186.83293098036614,186.83293098036614,21.184669565309683,16.185094797714104,none,O3,True
static_obstacles,57.249999999998884,187.67958051946778,187.67958051946778,21.204642749418344,16.185094797714104,none,O3,True
static_obstacles,57.29999999999888,188.52599812458124,188.52599812458124,21.224591674177702,16.185094797714104,none,O3,True
static_obstacles,57.34999999999888,189.37186832656624,189.37186832656624,21.244508983206895,16.185094797714104,none,O3,True
static_obstacles,57.399999999998876,190.216886360704,190.216886360704,21.264387599263145,16.185094797714104,none,O3,True
static_obstacles,57.44999999999887,191.0607580244221,191.0607580244221,21.284220719477005,16.185094797714104,none,O3,True
static_obstacles,57.49999999999887,191.90319953609452,191.90319953609452,21.304001810624374,16.185094797714104,none,O3,True
static_obstacles,57.54999999999887,192.74393739532587,192.74393739532587,21.32372460444746,16.185094797714104,none,O3,True
static_obstacles,57.599999999998865,193.58270824505274,193.58270824505274,21.343383093034827,16.185094797714104,none,O3,True
static_obstacles,57.64999999999886,194.41925873572262,194.41925873572262,21.362971524268687,16.185094797714104,none,O3,True
static_obstacles,57.69999999999886,195.2533453917609,195.2533453917609,21.382484397346186,16.185094797714104,none,O3,True
static_obstacles,57.749999999998856,196.08473448048437,196.08473448048437,21.401916458379997,16.185094797714104,none,O3,True
static_obstacles,57.79999999999885,196.91320188359396,196.91320188359396,21.421262696082742,16.185094797714104,none,O3,True
static_obstacles,57.84999999999885,197.73853297133877,197.73853297133877,21.440518337538645,16.185094797714104,none,O3,True
static_obstacles,57.89999999999885,198.56052247942728,198.56052247942728,21.4596788440652,16.185094797714104,none,O3,True
static_obstacles,57.949999999998845,199.3789743887407,199.3789743887407,21.478739907167107,16.185094797714104,none,O3,True
static_obstacles,57.99999999999884,200.19370180788485,200.19370180788485,21.497697444584084,16.185094797714104,none,O3,True
static_obstacles,58.04999999999884,201.00452685860847,201.00452685860847,21.51654759643379,16.185094797714104,none,O3,True
static_obstacles,58.099999999998836,201.81128056410404,201.81128056410404,21.535286721450824,16.185094797714104,none,O3,True
static_obstacles,58.14999999999883,202.61380274019945,202.61380274019945,21.553911393322362,16.185094797714104,none,O3,True
static_obstacles,58.19999999999883,203.41194188944309,203.41194188944309,21.572418397120785,16.185094797714104,none,O3,True
static_obstacles,58.24999999999883,204.2055550980803,204.2055550980803,21.59080472583346,16.185094797714104,none,O3,True
static_obstacles,58.299999999998825,204.9945079359169,204.9945079359169,21.609067576989737,16.185094797714104,none,O3,True
static_obstacles,58.34999999999882,205.77867435905665,205.77867435905665,21.6272043493848,16.185094797714104,none,O3,True
static_obstacles,58.39999999999882,206.55793661550967,206.55793661550967,21.64521263990035,16.185094797714104,none,O3,True
static_obstacles,58.449999999998816,207.3321851536537,207.3321851536537,21.663090240421514,16.185094797714104,none,O3,True
static_obstacles,58.49999999999881,208.10131853353874,208.10131853353874,21.680835134849648,16.185094797714104,none,O3,True
static_obstacles,58.54999999999881,208.86524334102336,208.86524334102336,21.69844549621045,16.185094797714104,none,O3,True
static_obstacles,58.59999999999881,209.62387410472667,209.62387410472667,21.71591968385679,16.185094797714104,none,O3,True
static_obstacles,58.649999999998805,210.37713321578576,210.37713321578576,21.733256240765623,16.185094797714104,none,O3,True
static_obstacles,58.6999999999988,211.124950850405,211.124950850405,21.75045389092828,16.185094797714104,none,O3,True
static_obstacles,58.7499999999988,211.86726489518577,211.86726489518577,21.767511536833464,16.185094797714104,none,O3,True
static_obstacles,58.799999999998796,212.60402087522363,212.60402087522363,21.784428257042133,16.185094797714104,none,O3,True
static_obstacles,58.84999999999879,213.33517188496268,213.33517188496268,21.801203303853548,16.185094797714104,none,O3,True
static_obstacles,58.89999999999879,214.06067852179694,214.06067852179694,21.81783610106165,16.185094797714104,none,O3,True
static_obstacles,58.94999999999879,214.78050882240728,214.78050882240728,21.834326241800994,16.185094797714104,none,O3,True
static_obstacles,58.999999999998785,215.494638201825,215.494638201825,21.85067348648131,16.185094797714104,none,O3,True
static_obstacles,59.04999999999878,216.20304939521174,216.20304939521174,21.86687776080993,16.185094797714104,none,O3,True
static_obstacles,59.09999999999878,216.9057324023475,216.9057324023475,21.88293915390114,16.185094797714104,none,O3,True
static_obstacles,59.149999999998776,217.60268443481704,217.60268443481704,21.898857916471563,16.185094797714104,none,O3,True
static_obstacles,59.199999999998774,218.29390986588447,218.29390986588447,21.914634459120613,16.185094797714104,none,O3,True
static_obstacles,59.24999999999877,218.9794201830485,218.9794201830485,21.930269350695188,16.185094797714104,none,O3,True
static_obstacles,59.29999999999877,219.6592339432671,219.6592339432671,21.945763316737455,16.185094797714104,none,O3,True
static_obstacles,59.349999999998765,220.33337673084253,220.33337673084253,21.96111723801489,16.185094797714104,none,O3,True
static_obstacles,59.39999999999876,221.00188111795427,221.00188111795427,21.9763321491314,16.185094797714104,none,O3,True
static_obstacles,59.44999999999876,221.66478662782873,221.66478662782873,21.99140923721854,16.185094797714104,none,O3,True
static_obstacles,59.49999999999876,222.3221397005338,222.3221397005338,22.00634984070566,16.185094797714104,none,O3,True
static_obstacles,59.549999999998754,222.97399366138256,222.97399366138256,22.0211554481679,16.185094797714104,none,O3,True
static_obstacles,59.59999999999875,223.62040869193066,223.62040869193066,22.03582769725074,16.185094797714104,none,O3,True
static_obstacles,59.64999999999875,224.26145180355053,224.26145180355053,22.050368373669922,16.185094797714104,none,O3,True
static_obstacles,59.699999999998745,224.89719681356365,224.89719681356365,22.06477941028543,16.185094797714104,none,O3,True
static_obstacles,59.74999999999874,225.52772432390708,225.52772432390708,22.07906288624812,16.185094797714104,none,O3,True
static_obstacles,59.79999999999874,226.15312170231397,226.15312170231397,22.09322102621766,16.185094797714104,none,O3,True
static_obstacles,59.84999999999874,226.7734830659794,226.7734830659794,22.107256199650184,16.185094797714104,none,O3,True
static_obstacles,59.899999999998734,227.3889092676837,227.3889092676837,22.1211709201542,16.185094797714104,none,O3,True
static_obstacles,59.94999999999873,227.99950788434097,227.99950788434097,22.134967844913014,16.185094797714104,none,O3,True
static_obstacles,59.99999999999873,228.60539320793913,228.60539320793913,22.148649774172043,16.185094797714104,none,O3,True
static_obstacles,60.049999999998725,229.2066862388328,229.2066862388328,22.162219650789154,16.185094797714104,none,O3,True
static_obstacles,60.09999999999872,229.80351468134802,229.80351468134802,22.17568055984619,16.185094797714104,none,O3,True
static_obstacles,60.14999999999872,230.39601294165385,230.39601294165385,22.189035728319652,16.185094797714104,none,O3,True
static_obstacles,60.19999999999872,230.9843221278527,230.9843221278527,22.202288524808537,16.185094797714104,none,O3,True
static_obstacles,60.249999999998714,231.56859005223777,231.56859005223777,22.21544245931712,16.185094797714104,none,O3,True
static_obstacles,60.29999999999871,232.14897123566095,232.14897123566095,22.22850118309044,16.185094797714104,none,O3,True
static_obstacles,60.34999999999871,232.72562691395166,232.72562691395166,22.24146848850012,16.185094797714104,none,O3,True
static_obstacles,60.399999999998705,233.2987250463231,233.2987250463231,22.254348308978074,16.185094797714104,none,O3,True
static_obstacles,60.4499999999987,232.95600912358628,232.95600912358628,22.317355571990294,16.282148218311367,none,O4,True
static_obstacles,60.4999999999987,230.8221290163006,230.8221290163006,22.26949661800555,16.282148218311367,none,O4,True
static_obstacles,60.5499999999987,228.71894158566653,228.71894158566653,22.22222518535726,16.282148218311367,none,O4,True
static_obstacles,60.599999999998694,226.64611328603957,226.64611328603957,22.17553751071436,16.282148218311367,none,O4,True
static_obstacles,60.64999999999869,224.603315206179,224.603315206179,22.12942985730177,16.282148218311367,none,O4,True
static_obstacles,60.69999999999869,222.5902229807865,222.5902229807865,22.083898514162904,16.282148218311367,none,O4,True
static_obstacles,60.749999999998685,220.6065167031894,220.6065167031894,22.038939795422316,16.282148218311367,none,O4,True
static_obstacles,60.79999999999868,218.65188083915677,218.65188083915677,21.994550039548816,16.282148218311367,none,O4,True
static_obstacles,60.84999999999868,216.72600414183478,216.72600414183478,21.95072560861929,16.282148218311367,none,O4,True
static_obstacles,60.89999999999868,214.82857956778867,214.82857956778867,21.907462887583506,16.282148218311367,none,O4,True
static_obstacles,60.949999999998674,212.95930419414225,212.95930419414225,21.864758283530193,16.282148218311367,none,O4,True
static_obstacles,60.99999999999867,211.11787913680678,211.11787913680678,21.822608224954845,16.282148218311367,none,O4,True
static_obstacles,61.04999999999867,209.3040094697908,209.3040094697908,21.781009161029495,16.282148218311367,none,O4,True
static_obstacles,61.099999999998666,207.51740414558577,207.51740414558577,21.73995756087499,16.282148218311367,none,O4,True
static_obstacles,61.14999999999866,205.75777591662398,205.75777591662398,21.69944991283613,16.282148218311367,none,O4,True
static_obstacles,61.19999999999866,204.02484125780256,204.02484125780256,21.659482723760107,16.282148218311367,none,O4,True
static_obstacles,61.24999999999866,202.3183202900757,202.3183202900757,21.62005251827885,16.282148218311367,none,O4,True
static_obstacles,61.299999999998654,200.63793670511046,200.63793670511046,21.58115583809566,16.282148218311367,none,O4,True
static_obstacles,61.34999999999865,198.9834176910087,198.9834176910087,21.542789241276736,16.282148218311367,none,O4,True
static_obstacles,61.39999999999865,197.354493859096,197.354493859096,21.504949301548145,16.282148218311367,none,O4,True
static_obstacles,61.449999999998646,195.75089917178042,195.75089917178042,21.467632607598826,16.282148218311367,none,O4,True
static_obstacles,61.49999999999864,194.17237087148243,194.17237087148243,21.430835762390192,16.282148218311367,none,O4,True
static_obstacles,61.54999999999864,192.61864941064186,192.61864941064186,21.39455538247294,16.282148218311367,none,O4,True
static_obstacles,61.59999999999864,191.089478382807,191.089478382807,21.35878809731177,16.282148218311367,none,O4,True
static_obstacles,61.649999999998634,189.5846044548091,189.5846044548091,21.323530548618564,16.282148218311367,none,O4,True
static_obstacles,61.69999999999863,188.10377730003,188.10377730003,21.288779389694703,16.282148218311367,none,O4,True
static_obstacles,61.74999999999863,186.64674953276847,186.64674953276847,21.254531284783216,16.282148218311367,none,O4,True
static_obstacles,61.799999999998626,185.2132766437124,185.2132766437124,21.220782908431357,16.282148218311367,none,O4,True
static_obstacles,61.84999999999862,183.80311693652288,183.80311693652288,21.187530944864314,16.282148218311367,none,O4,True
static_obstacles,61.89999999999862,182.4160314655387,182.4160314655387,21.154772087370706,16.282148218311367,none,O4,True
static_obstacles,61.94999999999862,181.05178397460668,181.05178397460668,21.122503037700497,16.282148218311367,none,O4,True
static_obstacles,61.999999999998614,179.71014083704654,179.71014083704654,21.090720505476018,16.282148218311367,none,O4,True
static_obstacles,62.04999999999861,178.3908709967559,178.3908709967559,21.059421207616698,16.282148218311367,none,O4,True
static_obstacles,62.09999999999861,177.0937459104632,177.0937459104632,21.02860186777816,16.282148218311367,none,O4,True
static_obstacles,62.149999999998606,175.8185394911339,175.8185394911339,20.998259215806293,16.282148218311367,none,O4,True
static_obstacles,62.1999999999986,174.56502805253626,174.56502805253626,20.968389987206844,16.282148218311367,none,O4,True
static_obstacles,62.2499999999986,173.3329902549724,173.3329902549724,20.938990922631213,16.282148218311367,none,O4,True
static_obstacles,62.2999999999986,172.1222070521793,172.1222070521793,20.910058767378903,16.282148218311367,none,O4,True
static_obstacles,62.349999999998595,170.93246163940364,170.93246163940364,20.881590270917194,16.282148218311367,none,O4,True
static_obstacles,62.39999999999859,169.76353940265483,169.76353940265483,20.853582186418592,16.282148218311367,none,O4,True
static_obstacles,62.44999999999859,168.61522786913696,168.61522786913696,20.82603127031641,16.282148218311367,none,O4,True
static_obstacles,62.499999999998586,167.48731665886334,167.48731665886334,20.798934281879042,16.282148218311367,none,O4,True
static_obstacles,62.54999999999858,166.3795974374541,166.3795974374541,20.77228798280329,16.282148218311367,none,O4,True
static_obstacles,62.59999999999858,165.29186387011532,165.29186387011532,20.7460891368271,16.282148218311367,none,O4,True
static_obstacles,62.64999999999858,164.22391157680062,164.22391157680062,20.72033450936207,16.282148218311367,none,O4,True
static_obstacles,62.699999999998575,163.17553808855115,163.17553808855115,20.695020867146066,16.282148218311367,none,O4,True
static_obstacles,62.74999999999857,162.1465428050118,162.1465428050118,20.670144977916138,16.282148218311367,none,O4,True
static_obstacles,62.79999999999857,161.13672695311914,161.13672695311914,20.645703610102007,16.282148218311367,none,O4,True
static_obstacles,62.849999999998566,160.14589354695386,160.14589354695386,20.621693532540284,16.282148218311367,none,O4,True
static_obstacles,62.89999999999856,159.17384734875463,159.17384734875463,20.598111514209613,16.282148218311367,none,O4,True
static_obstacles,62.94999999999856,158.22039483108153,158.22039483108153,20.574954323986763,16.282148218311367,none,O4,True
static_obstacles,62.99999999999856,157.28534414012148,157.28534414012148,20.552218730423768,16.282148218311367,none,O4,True
static_obstacles,63.049999999998555,156.36850506012735,156.36850506012735,20.52990150154616,16.282148218311367,none,O4,True
static_obstacles,63.09999999999855,155.4696889789758,155.4696889789758,20.507999404672212,16.282148218311367,none,O4,True
static_obstacles,63.14999999999855,154.5887088548344,154.5887088548344,20.486509206253135,16.282148218311367,none,O4,True
static_obstacles,63.199999999998546,153.72537918392334,153.72537918392334,20.465427671734187,16.282148218311367,none,O4,True
static_obstacles,63.24999999999854,152.87951596935557,152.87951596935557,20.444751565436434,16.282148218311367,none,O4,True
static_obstacles,63.29999999999854,152.05093669104247,152.05093669104247,20.424477650459078,16.282148218311367,none,O4,True
static_obstacles,63.34999999999854,151.23946027664624,151.23946027664624,20.404602688602054,16.282148218311367,none,O4,True
static_obstacles,63.399999999998535,150.44490707356022,150.44490707356022,20.385123440308625,16.282148218311367,none,O4,True
static_obstacles,63.44999999999853,149.66709882190224,149.66709882190224,20.36603666462776,16.282148218311367,none,O4,True
static_obstacles,63.49999999999853,148.90585862849616,148.90585862849616,20.347339119195812,16.282148218311367,none,O4,True
static_obstacles,63.549999999998526,148.1610109418262,148.1610109418262,20.32902756023726,16.282148218311367,none,O4,True
static_obstacles,63.59999999999852,147.43238152793754,147.43238152793754,20.311098742584004,16.282148218311367,none,O4,True
static_obstacles,63.64999999999852,146.71979744726633,146.71979744726633,20.293549419712814,16.282148218311367,none,O4,True
static_obstacles,63.69999999999852,146.02308703237162,146.02308703237162,20.27637634380048,16.282148218311367,none,O4,True
static_obstacles,63.749999999998515,145.34207986654883,145.34207986654883,20.259576265796102,16.282148218311367,none,O4,True
static_obstacles,63.79999999999851,144.67660676329888,144.67660676329888,20.243145935510096,16.282148218311367,none,O4,True
static_obstacles,63.84999999999851,144.0264997466299,144.0264997466299,20.227082101719216,16.282148218311367,none,O4,True
static_obstacles,63.899999999998506,143.39159203216525,143.39159203216525,20.21138151228721,16.282148218311367,none,O4,True
static_obstacles,63.949999999998504,142.7717180090322,142.7717180090322,20.196040914300312,16.282148218311367,none,O4,True
static_obstacles,63.9999999999985,142.16671322250772,142.16671322250772,20.18105705421715,16.282148218311367,none,O4,True
static_obstacles,64.0499999999985,141.57641435739106,141.57641435739106,20.166426678032256,16.282148218311367,none,O4,True
static_obstacles,64.0999999999985,141.00065922208182,141.00065922208182,20.15214653145272,16.282148218311367,none,O4,True
static_obstacles,64.1499999999985,140.43928673333306,140.43928673333306,20.13821336008716,16.282148218311367,none,O4,True
static_obstacles,64.1999999999985,139.8921369016549,139.8921369016549,20.124623909646484,16.282148218311367,none,O4,True
static_obstacles,64.2499999999985,139.35905081734097,139.35905081734097,20.11137492615562,16.282148218311367,none,O4,True
static_obstacles,64.29999999999849,138.8398706370918,138.8398706370918,20.098463156175693,16.282148218311367,none,O4,True
static_obstacles,64.34999999999849,138.33443957120824,138.33443957120824,20.08588534703582,16.282148218311367,none,O4,True
static_obstacles,64.39999999999849,137.84260187132827,137.84260187132827,20.073638247073905,16.282148218311367,none,O4,True
static_obstacles,64.44999999999848,137.36420281868214,137.36420281868214,20.06171860588574,16.282148218311367,none,O4,True
static_obstacles,64.49999999999848,136.8990887128374,136.8990887128374,20.05012317458168,16.282148218311367,none,O4,True
static_obstacles,64.54999999999848,136.44710686091014,136.44710686091014,20.03884870605021,16.282148218311367,none,O4,True
static_obstacles,64.59999999999847,136.00810556721694,136.00810556721694,20.027891955227762,16.282148218311367,none,O4,True
static_obstacles,64.64999999999847,135.58193412334117,135.58193412334117,20.017249679374068,16.282148218311367,none,O4,True
static_obstacles,64.69999999999847,135.168442798589,135.168442798589,20.00691863835231,16.282148218311367,none,O4,True
static_obstacles,64.74999999999847,134.76748283081326,134.76748283081326,19.996895594913557,16.282148218311367,none,O4,True
static_obstacles,64.79999999999846,134.37890641757718,134.37890641757718,19.987177314984653,16.282148218311367,none,O4,True
static_obstacles,64.84999999999846,134.0025667076393,134.0025667076393,19.977760567959045,16.282148218311367,none,O4,True
static_obstacles,64.89999999999846,133.6383177927333,133.6383177927333,19.968642126989838,16.282148218311367,none,O4,True
static_obstacles,64.94999999999845,133.2860146996219,133.2860146996219,19.959818769284503,16.282148218311367,none,O4,True
static_obstacles,64.99999999999845,132.94551338240422,132.94551338240422,19.951287276400592,16.282148218311367,none,O4,True
static_obstacles,65.04999999999845,132.61667071505275,132.61667071505275,19.943044434541903,16.282148218311367,none,O4,True
static_obstacles,65.09999999999845,132.29934448416338,132.29934448416338,19.935087034854483,16.282148218311367,none,O4,True
static_obstacles,65.14999999999844,131.99339338189554,131.99339338189554,19.927411873721976,16.282148218311367,none,O4,True
static_obstacles,65.19999999999844,131.69867699908508,131.69867699908508,19.920015753059662,16.282148218311367,none,O4,True
static_obstacles,65.24999999999844,131.41505581851152,131.41505581851152,19.91289548060682,16.282148218311367,none,O4,True
static_obstacles,65.29999999999843,131.14239120830052,131.14239120830052,19.906047870216742,16.282148218311367,none,O4,True
static_obstacles,65.34999999999843,130.88054541544636,130.88054541544636,19.899469742144046,16.282148218311367,none,O4,True
static_obstacles,65.39999999999843,130.6293815594383,130.6293815594383,19.893157923328772,16.282148218311367,none,O4,True
static_obstacles,65.44999999999843,130.38876362597227,130.38876362597227,19.887109247676804,16.282148218311367,none,O4,True
static_obstacles,65.49999999999842,130.15855646073635,130.15855646073635,19.8813205563362,16.282148218311367,none,O4,True
static_obstacles,65.54999999999842,129.93862576325523,129.93862576325523,19.875788697969075,16.282148218311367,none,O4,True
static_obstacles,65.59999999999842,129.7288380807778,129.7288380807778,19.870510529018567,16.282148218311367,none,O4,True
static_obstacles,65.64999999999841,129.5290608021985,129.5290608021985,19.865482913970617,16.282148218311367,none,O4,True
static_obstacles,65.69999999999841,129.3391621519969,129.3391621519969,19.86070272561011,16.282148218311367,none,O4,True
static_obstacles,65.74999999999841,129.15901118418776,129.15901118418776,19.85616684527121,16.282148218311367,none,O4,True
static_obstacles,65.7999999999984,128.9884777762669,128.9884777762669,19.851872163081417,16.282148218311367,none,O4,True
static_obstacles,65.8499999999984,128.82743262314625,128.82743262314625,19.847815578199185,16.282148218311367,none,O4,True
static_obstacles,65.8999999999984,128.67574723106645,128.67574723106645,19.84399399904481,16.282148218311367,none,O4,True
static_obstacles,65.9499999999984,128.53329391147884,128.53329391147884,19.840404343524323,16.282148218311367,none,O4,True
static_obstacles,65.9999999999984,128.3999457748896,128.3999457748896,19.837043539246206,16.282148218311367,none,O4,True
static_obstacles,66.04999999999839,128.2755767246564,128.2755767246564,19.833908523730678,16.282148218311367,none,O4,True
static_obstacles,66.09999999999839,128.16006145073243,128.16006145073243,19.830996244611423,16.282148218311367,none,O4,True
static_obstacles,66.14999999999839,128.0532754233514,128.0532754233514,19.828303659829587,16.282148218311367,none,O4,True
static_obstacles,66.19999999999838,127.95509488664607,127.95509488664607,19.82582773781983,16.282148218311367,none,O4,True
static_obstacles,66.24999999999838,127.86539685219691,127.86539685219691,19.823565457688407,16.282148218311367,none,O4,True
static_obstacles,66.29999999999838,127.78405909250455,127.78405909250455,19.82151380938309,16.282148218311367,none,O4,True
static_obstacles,66.34999999999837,127.71096013438375,127.71096013438375,19.819669793854885,16.282148218311367,none,O4,True
static_obstacles,66.39999999999837,127.64597925227287,127.64597925227287,19.818030423211408,16.282148218311367,none,O4,True
static_obstacles,66.44999999999837,127.58899646145738,127.58899646145738,19.816592720861912,16.282148218311367,none,O4,True
static_obstacles,66.49999999999837,127.5398925112031,127.5398925112031,19.8153537216539,16.282148218311367,none,O4,True
static_obstacles,66.54999999999836,127.49854887779907,127.49854887779907,19.814310472001267,16.282148218311367,none,O4,True
static_obstacles,66.59999999999836,127.46484775750457,127.46484775750457,19.81346003000396,16.282148218311367,none,O4,True
static_obstacles,66.64999999999836,127.4386720594033,127.4386720594033,19.81279946555921,16.282148218311367,none,O4,True
static_obstacles,66.69999999999835,127.41990539815902,127.41990539815902,19.812325860464213,16.282148218311367,none,O4,True
static_obstacles,66.74999999999835,127.40843208667474,127.40843208667474,19.812036308510407,16.282148218311367,none,O4,True
static_obstacles,66.79999999999835,127.40413712865393,127.40413712865393,19.811927915569296,16.282148218311367,none,O4,True
static_obstacles,66.84999999999835,127.40690621106432,127.40690621106432,19.811997799669882,16.282148218311367,none,O4,True
static_obstacles,66.89999999999834,127.41662569650293,127.41662569650293,19.812243091067778,16.282148218311367,none,O4,True
static_obstacles,66.94999999999834,127.433182615465,127.433182615465,19.812660932306013,16.282148218311367,none,O4,True
static_obstacles,66.99999999999834,127.45646455359258,127.45646455359258,19.813248475619858,16.282148218311367,none,O4,True
static_obstacles,67.04999999999833,127.48643211299543,127.48643211299543,19.814004711719825,16.282148218311367,none,O4,True
static_obstacles,67.09999999999833,127.52354157705935,127.52354157705935,19.814941134914314,16.282148218311367,none,O4,True
static_obstacles,67.14999999999833,127.5685329868669,127.5685329868669,19.816076392412473,16.282148218311367,none,O4,True
static_obstacles,67.19999999999833,127.62228374776629,127.62228374776629,19.817432587265845,16.282148218311367,none,O4,True
static_obstacles,67.24999999999832,127.68570905491072,127.68570905491072,19.81903276292692,16.282148218311367,none,O4,True
static_obstacles,67.29999999999832,127.75969566878535,127.75969566878535,19.820899229647612,16.282148218311367,none,O4,True
static_obstacles,67.34999999999832,127.8450593516427,127.8450593516427,19.823052488320325,16.282148218311367,none,O4,True
static_obstacles,67.39999999999831,127.9425190009465,127.9425190009465,19.82551057612405,16.282148218311367,none,O4,True
static_obstacles,67.44999999999831,128.0526824803036,128.0526824803036,19.82828870788812,16.282148218311367,none,O4,True
static_obstacles,67.49999999999831,128.17604056397977,128.17604056397977,19.83139912278102,16.282148218311367,none,O4,True
static_obstacles,67.5499999999983,128.3129664308866,128.3129664308866,19.834851071635164,16.282148218311367,none,O4,True
static_obstacles,67.5999999999983,128.46371887824046,128.46371887824046,19.838650898720417,16.282148218311367,none,O4,True
static_obstacles,67.6499999999983,128.62844795354778,128.62844795354778,19.84280218508988,16.282148218311367,none,O4,True
static_obstacles,67.6999999999983,128.80720208356502,128.80720208356502,19.84730593019176,16.282148218311367,none,O4,True
static_obstacles,67.7499999999983,128.99993605183988,128.99993605183988,19.852160755315776,16.282148218311367,none,O4,True
static_obstacles,67.79999999999829,129.2065193722579,129.2065193722579,19.85736311737583,16.282148218311367,none,O4,True
static_obstacles,67.84999999999829,129.42674474620264,129.42674474620264,19.862907525064468,16.282148218311367,none,O4,True
static_obstacles,67.89999999999829,129.66033639107968,129.66033639107968,19.868786751941844,16.282148218311367,none,O4,True
static_obstacles,67.94999999999828,129.90695809923272,129.90695809923272,19.874992042823383,16.282148218311367,none,O4,True
static_obstacles,67.99999999999828,130.16622093681633,130.16622093681633,19.881513311110808,16.282148218311367,none,O4,True
static_obstacles,68.04999999999828,130.43769052780215,130.43769052780215,19.88833932561646,16.282148218311367,none,O4,True
static_obstacles,68.09999999999827,130.72089389321536,130.72089389321536,19.895457886067245,16.282148218311367,none,O4,True
static_obstacles,68.14999999999827,131.01532583296415,131.01532583296415,19.902855986918667,16.282148218311367,none,O4,True
static_obstacles,68.19999999999827,131.32045484942108,131.32045484942108,19.91051996941519,16.282148218311367,none,O4,True
static_obstacles,68.24999999999827,131.63572861984835,131.63572861984835,19.918435662042047,16.282148218311367,none,O4,True
static_obstacles,68.29999999999826,131.96057902993732,131.96057902993732,19.926588509652056,16.282148218311367,none,O4,True
static_obstacles,68.34999999999826,132.29442678400778,132.29442678400778,19.93496369164157,16.282148218311367,none,O4,True
static_obstacles,68.39999999999826,132.63668560934917,132.63668560934917,19.943546229605435,16.282148218311367,none,O4,True
static_obstacles,68.44999999999825,132.9867660732171,132.9867660732171,19.952321084933377,16.282148218311367,none,O4,True
static_obstacles,68.49999999999825,133.34407903141488,133.34407903141488,19.961273246826586,16.282148218311367,none,O4,True
static_obstacles,68.54999999999825,133.70803872741573,133.70803872741573,19.97038781121878,16.282148218311367,none,O4,True
static_obstacles,68.59999999999825,134.07806556074365,134.07806556074365,19.97965005108457,16.282148218311367,none,O4,True
static_obstacles,68.64999999999824,134.45358854294955,134.45358854294955,19.989045478611768,16.282148218311367,none,O4,True
static_obstacles,68.69999999999824,134.8340474590559,134.8340474590559,19.998559899705675,16.282148218311367,none,O4,True
static_obstacles,68.74999999999824,135.21889475183735,135.21889475183735,20.00817946128276,16.282148218311367,none,O4,True
static_obstacles,68.79999999999824,135.60759714579393,135.60759714579393,20.01789069180002,16.282148218311367,none,O4,True
static_obstacles,68.84999999999823,135.99963702716803,135.99963702716803,20.027680535454625,16.282148218311367,none,O4,True
static_obstacles,68.89999999999823,136.39451359586485,136.39451359586485,20.037536380476638,16.282148218311367,none,O4,True
static_obstacles,68.94999999999823,136.7917438046601,136.7917438046601,20.04744608192575,16.282148218311367,none,O4,True
static_obstacles,68.99999999999822,137.19086310062704,137.19086310062704,20.057397979391222,16.282148218311367,none,O4,True
static_obstacles,69.04999999999822,137.59142598326468,137.59142598326468,20.067380909982365,16.282148218311367,none,O4,True
static_obstacles,69.09999999999822,137.99300639337974,137.99300639337974,20.077384216985035,16.282148218311367,none,O4,True
static_obstacles,69.14999999999822,138.39519794634072,138.39519794634072,20.08739775454752,16.282148218311367,none,O4,True
static_obstacles,69.19999999999821,138.79761402289563,138.79761402289563,20.097411888747157,16.282148218311367,none,O4,True
static_obstacles,69.24999999999821,139.19988773031196,139.19988773031196,20.107417495376474,16.282148218311367,none,O4,True
static_obstacles,69.2999999999982,139.60167174615293,139.60167174615293,20.11740595477491,16.282148218311367,none,O4,True
static_obstacles,69.3499999999982,140.00263805655806,140.00263805655806,20.127369144019248,16.282148218311367,none,O4,True
static_obstacles,69.3999999999982,140.40247760043098,140.40247760043098,20.137299426772472,16.282148218311367,none,O4,True
static_obstacles,69.4499999999982,140.80089983046707,140.80089983046707,20.147189641077166,16.282148218311367,none,O4,True
static_obstacles,69.4999999999982,141.19763220145757,141.19763220145757,20.157033085365455,16.282148218311367,none,O4,True
static_obstacles,69.54999999999819,141.5924195958176,141.5924195958176,20.16682350294358,16.282148218311367,none,O4,True
static_obstacles,69.59999999999819,141.98502369576642,141.98502369576642,20.176555065194513,16.282148218311367,none,O4,True
static_obstacles,69.64999999999819,142.37522231107,142.37522231107,20.186222353727555,16.282148218311367,none,O4,True
static_obstacles,69.69999999999818,142.76280867072643,142.76280867072643,20.195820341689178,16.282148218311367,none,O4,True
static_obstacles,69.74999999999818,143.14759068644491,143.14759068644491,20.205344374434823,16.282148218311367,none,O4,True
static_obstacles,69.79999999999818,143.52939019522313,143.52939019522313,20.214790149746378,16.282148218311367,none,O4,True
static_obstacles,69.84999999999818,143.9080421878021,143.9080421878021,20.224153697766,16.282148218311367,none,O4,True
static_obstacles,69.89999999999817,144.28339402923666,144.28339402923666,20.233431360802268,16.282148218311367,none,O4,True
static_obstacles,69.94999999999817,144.65530467729434,144.65530467729434,20.242619773150764,16.282148218311367,none,O4,True
static_obstacles,69.99999999999817,145.02364390387652,145.02364390387652,20.251715841057432,16.282148218311367,none,O4,True
static_obstacles,70.04999999999816,145.38829152414672,145.38829152414672,20.26071672293966,16.282148218311367,none,O4,True
static_obstacles,70.09999999999816,145.74913663755882,145.74913663755882,20.2696198099673,16.282148218311367,none,O4,True
static_obstacles,70.14999999999816,146.10607688449585,146.10607688449585,20.278422707093267,16.282148218311367,none,O4,True
static_obstacles,70.19999999999816,146.45901772177592,146.45901772177592,20.287123214611675,16.282148218311367,none,O4,True
static_obstacles,70.24999999999815,146.80787171983485,146.80787171983485,20.295719310310115,16.282148218311367,none,O4,True
static_obstacles,70.29999999999815,147.15255788398127,147.15255788398127,20.30420913227209,16.282148218311367,none,O4,True
static_obstacles,70.34999999999815,147.49300100172172,147.49300100172172,20.31259096237557,16.282148218311367,none,O4,True
static_obstacles,70.39999999999814,147.82913101778166,147.82913101778166,20.32086321052434,16.282148218311367,none,O4,True
static_obstacles,70.44999999999814,148.1608824380968,148.1608824380968,20.32902439963996,16.282148218311367,none,O4,True
static_obstacles,70.49999999999814,148.48819376372995,148.48819376372995,20.337073151434303,16.282148218311367,none,O4,True
static_obstacles,70.54999999999814,148.81100695536765,148.81100695536765,20.3450081729752,16.282148218311367,none,O4,True
static_obstacles,70.59999999999813,149.1292669287754,149.1292669287754,20.352828244050883,16.282148218311367,none,O4,True
static_obstacles,70.64999999999813,149.44292108134368,149.44292108134368,20.360532205333033,16.282148218311367,none,O4,True
static_obstacles,70.69999999999813,149.75191884963067,149.75191884963067,20.368118947332633,16.282148218311367,none,O4,True
static_obstacles,70.74999999999812,150.0562112976046,150.0562112976046,20.375587400138052,16.282148218311367,none,O4,True
static_obstacles,70.79999999999812,150.35575073511376,150.35575073511376,20.382936523920534,16.282148218311367,none,O4,True
static_obstacles,70.84999999999812,150.6504903659502,150.6504903659502,20.390165300188475,16.282148218311367,none,O4,True
static_obstacles,70.89999999999812,150.94038396474178,150.94038396474178,20.39727272376878,16.282148218311367,none,O4,True
static_obstacles,70.94999999999811,151.2253855817881,151.2253855817881,20.404257795490825,16.282148218311367,none,O4,True
static_obstacles,70.99999999999811,151.50494631928422,151.50494631928422,20.411107194915818,16.282148218311367,none,O4,True
static_obstacles,71.04999999999811,151.77770237294254,151.77770237294254,20.417787661154733,16.282148218311367,none,O4,True
static_obstacles,71.0999999999981,152.04218917798408,152.04218917798408,20.4242635064534,16.282148218311367,none,O4,True
static_obstacles,71.1499999999981,152.2959791709469,152.2959791709469,20.43047551512218,16.282148218311367,none,O4,True
static_obstacles,71.1999999999981,152.5357416923548,152.5357416923548,20.436342439277503,16.282148218311367,none,O4,True
static_obstacles,71.2499999999981,152.75757871197703,152.75757871197703,20.441769231527807,16.282148218311367,none,O4,True
static_obstacles,71.2999999999981,152.95738186746576,152.95738186746576,20.446655777180915,16.282148218311367,none,O4,True
static_obstacles,71.34999999999809,153.1311260815757,153.1311260815757,20.450904055435682,16.282148218311367,none,O4,True
static_obstacles,71.39999999999809,153.2750079587624,153.2750079587624,20.45442149174164,16.282148218311367,none,O4,True
static_obstacles,71.44999999999808,153.38835363548287,153.38835363548287,20.457191993001945,16.282148218311367,none,O4,True
static_obstacles,71.49999999999808,153.47298397049485,153.47298397049485,20.459260362328713,16.282148218311367,none,O4,True
static_obstacles,71.54999999999808,153.53222452277186,153.53222452277186,20.460708079776513,16.282148218311367,none,O4,True
static_obstacles,71.59999999999808,153.57019609041208,153.57019609041208,20.461635973046537,16.282148218311367,none,O4,True
static_obstacles,71.64999999999807,153.59132242577778,153.59132242577778,20.462152209111284,16.282148218311367,none,O4,True
static_obstacles,71.69999999999807,153.60000101018068,153.60000101018068,20.462364272322997,16.282148218311367,none,O4,True
static_obstacles,71.74999999999807,153.60039354990647,153.60039354990647,20.46237386406979,16.282148218311367,none,O4,True
static_obstacles,71.79999999999806,153.59630261348207,153.59630261348207,20.46227390141531,16.282148218311367,none,O4,True
static_obstacles,71.84999999999806,153.59110891082787,153.59110891082787,20.462146991796534,16.282148218311367,none,O4,True
static_obstacles,71.89999999999806,153.58775013991647,153.58775013991647,20.462064918843758,16.282148218311367,none,O4,True
static_obstacles,71.94999999999806,153.58872732730146,153.58872732730146,20.462088796854573,16.282148218311367,none,O4,True
static_obstacles,71.99999999999805,153.59612843046318,153.59612843046318,20.46226964521588,16.282148218311367,none,O4,True
static_obstacles,72.04999999999805,153.6116618912215,153.6116618912215,20.46264920518068,16.282148218311367,none,O4,True
static_obstacles,72.09999999999805,153.63669502912234,153.63669502912234,20.46326087485038,16.282148218311367,none,O4,True
static_obstacles,72.14999999999804,153.6722938017345,153.6722938017345,20.464130677964175,16.282148218311367,none,O4,True
static_obstacles,72.19999999999804,153.71926166262398,153.71926166262398,20.465278211294464,16.282148218311367,none,O4,True
static_obstacles,72.24999999999804,153.77817611855244,153.77817611855244,20.466717536566836,16.282148218311367,none,O4,True
static_obstacles,72.29999999999804,153.8494222050805,153.8494222050805,20.46845799781069,16.282148218311367,none,O4,True
static_obstacles,72.34999999999803,153.9332225272367,153.9332225272367,20.470504955430304,16.282148218311367,none,O4,True
static_obstacles,72.39999999999803,154.02966379842564,154.02966379842564,20.47286043525637,16.282148218311367,none,O4,True
static_obstacles,72.44999999999803,154.1387199944245,154.1387199944245,20.475523695316916,16.282148218311367,none,O4,True
static_obstacles,72.49999999999802,154.26027234934753,154.26027234934753,20.47849171575894,16.282148218311367,none,O4,True
static_obstacles,72.54999999999802,154.39412647890555,154.39412647890555,20.48175961879168,16.282148218311367,none,O4,True
static_obstacles,72.59999999999802,154.54002693959507,154.54002693959507,20.485321026106842,16.282148218311367,none,O4,True
static_obstacles,72.64999999999802,154.69766953266293,154.69766953266293,20.489168361251828,16.282148218311367,none,O4,True
static_obstacles,72.69999999999801,154.8667116474967,154.8667116474967,20.4932931041001,16.282148218311367,none,O4,True
static_obstacles,72.74999999999801,155.04678091659838,155.04678091659838,20.497686004026367,16.282148218311367,none,O4,True
static_obstacles,72.79999999999801,155.23748242773308,155.23748242773308,20.50233725775657,16.282148218311367,none,O4,True
static_obstacles,72.849999999998,155.43840471101714,155.43840471101714,20.507236657191946,16.282148218311367,none,O4,True
static_obstacles,72.899999999998,155.64912469141188,155.64912469141188,20.512373711847,16.282148218311367,none,O4,True
static_obstacles,72.949999999998,155.86921177143233,155.86921177143233,20.517737749920002,16.282148218311367,none,O4,True
static_obstacles,72.999999999998,156.09823118542647,156.09823118542647,20.52331800144622,16.282148218311367,none,O4,True
static_obstacles,73.049999999998,156.33574674580143,156.33574674580143,20.529103666474615,16.282148218311367,none,O4,True
static_obstacles,73.09999999999799,156.58132308311065,156.58132308311065,20.535083970760155,16.282148218311367,none,O4,True
static_obstacles,73.14999999999799,156.83452746584652,156.83452746584652,20.541248211072922,16.282148218311367,none,O4,True
static_obstacles,73.19999999999798,157.09493127196686,157.09493127196686,20.54758579188871,16.282148218311367,none,O4,True
static_obstacles,73.24999999999798,157.36211117237224,157.36211117237224,20.554086254938024,16.282148218311367,none,O4,True
static_obstacles,73.29999999999798,157.635650076532,157.635650076532,20.560739302845896,16.282148218311367,none,O4,True
static_obstacles,73.34999999999798,157.91513788200803,157.91513788200803,20.5675348178888,16.282148218311367,none,O4,True
static_obstacles,73.39999999999797,158.20017206252282,158.20017206252282,20.5744628767213,16.282148218311367,none,O4,True
static_obstacles,73.44999999999797,158.49035812327583,158.49035812327583,20.58151376177991,16.282148218311367,none,O4,True
static_obstacles,73.49999999999797,158.7853099472572,158.7853099472572,20.588677969950307,16.282148218311367,none,O4,True
static_obstacles,73.54999999999797,159.08465005218085,159.08465005218085,20.595946218983016,16.282148218311367,none,O4,True
static_obstacles,73.59999999999796,159.38800977423796,159.38800977423796,20.60330945205886,16.282148218311367,none,O4,True
static_obstacles,73.64999999999796,159.69502939203085,159.69502939203085,20.610758840835793,16.282148218311367,none,O4,True
static_obstacles,73.69999999999796,160.00535820170398,160.00535820170398,20.618285787251178,16.282148218311367,none,O4,True
static_obstacles,73.74999999999795,160.31865455234254,160.31865455234254,20.625881924305748,16.282148218311367,none,O4,True
static_obstacles,73.79999999999795,160.6345858491129,160.6345858491129,20.633539116016255,16.282148218311367,none,O4,True
static_obstacles,73.84999999999795,160.9528285302943,160.9528285302943,20.641249456691188,16.282148218311367,none,O4,True
static_obstacles,73.89999999999795,161.27306802326183,161.27306802326183,20.649005269656982,16.282148218311367,none,O4,True
static_obstacles,73.94999999999794,161.59499868358472,161.59499868358472,20.65679910554016,16.282148218311367,none,O4,True
static_obstacles,73.99999999999794,161.91832372066204,161.91832372066204,20.66462374019237,16.282148218311367,none,O4,True
static_obstacles,74.04999999999794,162.2427551127126,162.2427551127126,20.672472172330348,16.282148218311367,none,O4,True
static_obstacles,74.09999999999793,162.56801351342926,162.56801351342926,20.680337620950226,16.282148218311367,none,O4,True
static_obstacles,74.14999999999793,162.89382815219875,162.89382815219875,20.68821352256542,16.282148218311367,none,O4,True
static_obstacles,74.19999999999793,163.21993672944836,163.21993672944836,20.69609352830887,16.282148218311367,none,O4,True
static_obstacles,74.24999999999793,163.546085308398,163.546085308398,20.703971500933292,16.282148218311367,none,O4,True
static_obstacles,74.29999999999792,163.87202820426785,163.87202820426785,20.711841511737383,16.282148218311367,none,O4,True
static_obstacles,74.34999999999792,164.19752787180266,164.19752787180266,20.71969783744113,16.282148218311367,none,O4,True
static_obstacles,74.39999999999792,164.52235479181468,164.52235479181468,20.727534957029373,16.282148218311367,none,O4,True
static_obstacles,74.44999999999791,164.8462873573224,164.8462873573224,20.73534754857951,16.282148218311367,none,O4,True
static_obstacles,74.49999999999791,165.16911175975224,165.16911175975224,20.743130486086525,16.282148218311367,none,O4,True
static_obstacles,74.54999999999791,165.49062187558633,165.49062187558633,20.75087883629622,16.282148218311367,none,O4,True
static_obstacles,74.5999999999979,165.8106191537667,165.8106191537667,20.75858785555575,16.282148218311367,none,O4,True
static_obstacles,74.6499999999979,166.12891250410598,166.12891250410598,20.766252986688908,16.282148218311367,none,O4,True
static_obstacles,74.6999999999979,166.44531818690655,166.44531818690655,20.77386985590231,16.282148218311367,none,O4,True
static_obstacles,74.7499999999979,166.75965970395305,166.75965970395305,20.781434269727704,16.282148218311367,none,O4,True
static_obstacles,74.7999999999979,167.07176769100386,167.07176769100386,20.78894221200453,16.282148218311367,none,O4,True
static_obstacles,74.84999999999789,167.38147981188916,167.38147981188916,20.79638984090626,16.282148218311367,none,O4,True
static_obstacles,74.89999999999789,167.68864065428915,167.68864065428915,20.80377348601328,16.282148218311367,none,O4,True
static_obstacles,74.94999999999789,167.9931016272634,167.9931016272634,20.811089645434794,16.282148218311367,none,O4,True
static_obstacles,74.99999999999788,168.29472086057177,168.29472086057177,20.81833498298151,16.282148218311367,none,O4,True
static_obstacles,75.04999999999788,168.59336310582552,168.59336310582552,20.825506325390638,16.282148218311367,none,O4,True
static_obstacles,75.09999999999788,168.8888996394951,168.8888996394951,20.83260065960453,16.282148218311367,none,O4,True
static_obstacles,75.14999999999787,169.18120816779174,169.18120816779174,20.839615130103812,16.282148218311367,none,O4,True
static_obstacles,75.19999999999787,169.4701727334339,169.4701727334339,20.846547036295817,16.282148218311367,none,O4,True
static_obstacles,75.24999999999787,169.75568362430715,169.75568362430715,20.853393829958883,16.282148218311367,none,O4,True
static_obstacles,75.29999999999787,170.037637284018,170.037637284018,20.860153112742918,16.282148218311367,none,O4,True
static_obstacles,75.34999999999786,170.31593622434218,170.31593622434218,20.86682263372654,16.282148218311367,none,O4,True
static_obstacles,75.39999999999786,170.59048893956435,170.59048893956435,20.873400287030965,16.282148218311367,none,O4,True
static_obstacles,75.44999999999786,170.86120982270523,170.86120982270523,20.87988410949077,16.282148218311367,none,O4,True
static_obstacles,75.49999999999785,171.12801908362633,171.12801908362633,20.886272278381472,16.282148218311367,none,O4,True
static_obstacles,75.54999999999785,171.39084266900937,171.39084266900937,20.892563109203937,16.282148218311367,none,O4,True
static_obstacles,75.59999999999785,171.6496121842,171.6496121842,20.898755053525555,16.282148218311367,none,O4,True
static_obstacles,75.64999999999785,171.9042648169061,171.9042648169061,20.904846696877883,16.282148218311367,none,O4,True
static_obstacles,75.69999999999784,172.15474326274432,172.15474326274432,20.910836756710726,16.282148218311367,none,O4,True
static_obstacles,75.74999999999784,172.400995652622,172.400995652622,20.916724080402314,16.282148218311367,none,O4,True
static_obstacles,75.79999999999784,172.64297548194867,172.64297548194867,20.922507643325375,16.282148218311367,none,O4,True
static_obstacles,75.84999999999783,172.8806415416658,172.8806415416658,20.9281865469688,16.282148218311367,none,O4,True
static_obstacles,75.89999999999783,173.11395785108436,173.11395785108436,20.933760017114565,16.282148218311367,none,O4,True
static_obstacles,75.94999999999783,173.34289359252114,173.34289359252114,20.93922740206957,16.282148218311367,none,O4,True
static_obstacles,75.99999999999783,173.5674230477274,173.5674230477274,20.94458817095212,16.282148218311367,none,O4,True
static_obstacles,76.04999999999782,173.7875255360924,173.7875255360924,20.949841912032472,16.282148218311367,none,O4,True
static_obstacles,76.09999999999782,174.0031853546211,174.0031853546211,20.954988331127296,16.282148218311367,none,O4,True
static_obstacles,76.14999999999782,174.2143917196671,174.2143917196671,20.96002725004734,16.282148218311367,none,O4,True
static_obstacles,76.19999999999781,174.4211387104184,174.4211387104184,20.964958605098136,16.282148218311367,none,O4,True
static_obstacles,76.24999999999781,174.6234252141188,174.6234252141188,20.969782445633022,16.282148218311367,none,O4,True
static_obstacles,76.29999999999781,174.82125487301664,174.82125487301664,20.974498932658122,16.282148218311367,none,O4,True
static_obstacles,76.3499999999978,175.01463603302915,175.01463603302915,20.97910833748873,16.282148218311367,none,O4,True
static_obstacles,76.3999999999978,175.20358169411134,175.20358169411134,20.98361104045658,16.282148218311367,none,O4,True
static_obstacles,76.4499999999978,175.388109462312,175.388109462312,20.988007529667318,16.282148218311367,none,O4,True
static_obstacles,76.4999999999978,175.56824150350747,175.56824150350747,20.992298399807666,16.282148218311367,none,O4,True
static_obstacles,76.5499999999978,175.7440044987976,175.7440044987976,20.99648435100166,16.282148218311367,none,O4,True
static_obstacles,76.59999999999779,175.91542960154675,175.91542960154675,21.000566187715194,16.282148218311367,none,O4,True
static_obstacles,76.64999999999779,176.08255239605495,176.08255239605495,21.00454481770826,16.282148218311367,none,O4,True
static_obstacles,76.69999999999779,176.2454128578387,176.2454128578387,21.00842125103404,16.282148218311367,none,O4,True
static_obstacles,76.74999999999778,176.40405531550755,176.40405531550755,21.012196599084245,16.282148218311367,none,O4,True
static_obstacles,76.79999999999778,176.55852841421097,176.55852841421097,21.015872073679716,16.282148218311367,none,O4,True
static_obstacles,76.84999999999778,176.70888508063524,176.70888508063524,21.019448986205497,16.282148218311367,none,O4,True
static_obstacles,76.89999999999777,176.85518248952974,176.85518248952974,21.022928746789532,16.282148218311367,none,O4,True
static_obstacles,76.94999999999777,176.99748203173442,176.99748203173442,21.02631286352399,16.282148218311367,none,O4,True
static_obstacles,76.99999999999777,177.1358492836854,177.1358492836854,21.029602941728246,16.282148218311367,none,O4,True
static_obstacles,77.04999999999777,177.27035397836767,177.27035397836767,21.03280068325252,16.282148218311367,none,O4,True
static_obstacles,77.09999999999776,177.40106997768896,177.40106997768896,21.035907885821068,16.282148218311367,none,O4,True
static_obstacles,77.14999999999776,177.52807524624143,177.52807524624143,21.038926442413867,16.282148218311367,none,O4,True
static_obstacles,77.19999999999776,177.65145182641845,177.65145182641845,21.04185834068556,16.282148218311367,none,O4,True
static_obstacles,77.24999999999775,177.77128581485266,177.77128581485266,21.04470566242048,16.282148218311367,none,O4,True
static_obstacles,77.29999999999775,177.88766734013814,177.88766734013814,21.047470583022516,16.282148218311367,none,O4,True
static_obstacles,77.34999999999775,178.00069054180074,178.00069054180074,21.050155371038493,16.282148218311367,none,O4,True
static_obstacles,77.39999999999775,178.11045355047253,178.11045355047253,21.052762387713695,16.282148218311367,none,O4,True
static_obstacles,77.44999999999774,178.2170584692343,178.2170584692343,21.055294086578186,16.282148218311367,none,O4,True
static_obstacles,77.49999999999774,178.32061135607876,178.32061135607876,21.057753013062403,16.282148218311367,none,O4,True
static_obstacles,77.54999999999774,178.42122220745068,178.42122220745068,21.060141804140603,16.282148218311367,none,O4,True
static_obstacles,77.59999999999773,178.51900494282,178.51900494282,21.062463188000592,16.282148218311367,none,O4,True
static_obstacles,77.64999999999773,178.61407739023468,178.61407739023468,21.064719983738087,16.282148218311367,none,O4,True
static_obstacles,77.69999999999773,178.70656127280938,178.70656127280938,21.06691510107423,16.282148218311367,none,O4,True
static_obstacles,77.74999999999773,178.7965821960952,178.7965821960952,21.069051540094424,16.282148218311367,none,O4,True
static_obstacles,77.79999999999772,177.7269982126799,177.7269982126799,20.41379174408354,15.459492073096497,none,O5,True
static_obstacles,77.84999999999772,176.17164993019585,176.17164993019585,20.375660604955346,15.459492073096497,none,O5,True
static_obstacles,77.89999999999772,174.6384678578618,174.6384678578618,20.338002925951095,15.459492073096497,none,O5,True
static_obstacles,77.94999999999771,173.12720505343023,173.12720505343023,20.300815259776236,15.459492073096497,none,O5,True
static_obstacles,77.99999999999771,171.63761772083708,171.63761772083708,20.26409417859507,15.459492073096497,none,O5,True
static_obstacles,78.04999999999771,170.16946515298102,170.16946515298102,20.227836273588792,15.459492073096497,none,O5,True
static_obstacles,78.0999999999977,168.72250967539398,168.72250967539398,20.192038154518414,15.459492073096497,none,O5,True
static_obstacles,78.1499999999977,167.2965165908004,167.2965165908004,20.15669644929282,15.459492073096497,none,O5,True
static_obstacles,78.1999999999977,165.89125412455482,165.89125412455482,20.12180780354211,15.459492073096497,none,O5,True
static_obstacles,78.2499999999977,164.5064933709538,164.5064933709538,20.08736888019651,15.459492073096497,none,O5,True
static_obstacles,78.2999999999977,163.14200824041436,163.14200824041436,20.053376359071002,15.459492073096497,none,O5,True
static_obstacles,78.34999999999769,161.79757540751794,161.79757540751794,20.019826936456052,15.459492073096497,none,O5,True
static_obstacles,78.39999999999769,160.47297425990953,160.47297425990953,19.986717324714505,15.459492073096497,none,O5,True
static_obstacles,78.44999999999769,159.16798684805607,159.16798684805607,19.95404425188512,15.459492073096497,none,O5,True
static_obstacles,78.49999999999768,157.88239783585087,157.88239783585087,19.921804461292766,15.459492073096497,none,O5,True
static_obstacles,78.54999999999768,156.61599445206988,156.61599445206988,19.889994711165794,15.459492073096497,none,O5,True
static_obstacles,78.59999999999768,155.36856644266916,155.36856644266916,19.858611774260623,15.459492073096497,none,O5,True
static_obstacles,78.64999999999768,154.13990602392894,154.13990602392894,19.827652437494017,15.459492073096497,none,O5,True
static_obstacles,78.69999999999767,152.92980783643307,152.92980783643307,19.797113501583166,15.459492073096497,none,O5,True
static_obstacles,78.74999999999767,151.73806889988967,151.73806889988967,19.766991780693974,15.459492073096497,none,O5,True
static_obstacles,78.79999999999767,150.56448856878617,150.56448856878617,19.737284102097725,15.459492073096497,none,O5,True
static_obstacles,78.84999999999766,149.4088684888773,149.4088684888773,19.70798730583645,15.459492073096497,none,O5,True
static_obstacles,78.89999999999766,148.2710125545074,148.2710125545074,19.6790982443973,15.459492073096497,none,O5,True
static_obstacles,78.94999999999766,147.15072686676066,147.15072686676066,19.650613782396064,15.459492073096497,none,O5,True
static_obstacles,78.99999999999766,146.04781969244235,146.04781969244235,19.622530796270286,15.459492073096497,none,O5,True
static_obstacles,79.04999999999765,144.9621014238833,144.9621014238833,19.594846173981992,15.459492073096497,none,O5,True
static_obstacles,79.09999999999765,143.89338453957228,143.89338453957228,19.56755681473049,15.459492073096497,none,O5,True
static_obstacles,79.14999999999765,142.84148356560817,142.84148356560817,19.54065962867532,15.459492073096497,none,O5,True
static_obstacles,79.19999999999764,141.80621503797406,141.80621503797406,19.514151536669676,15.459492073096497,none,O5,True
static_obstacles,79.24999999999764,140.78739746562852,140.78739746562852,19.488029470004452,15.459492073096497,none,O5,True
static_obstacles,79.29999999999764,139.7848512944109,139.7848512944109,19.462290370163124,15.459492073096497,none,O5,True
static_obstacles,79.34999999999764,138.7983988717585,138.7983988717585,19.436931188587668,15.459492073096497,none,O5,True
static_obstacles,79.39999999999763,137.82786441223382,137.82786441223382,19.41194888645566,15.459492073096497,none,O5,True
static_obstacles,79.44999999999763,136.8730739638534,136.8730739638534,19.387340434468747,15.459492073096497,none,O5,True
static_obstacles,79.49999999999763,135.93385537522144,135.93385537522144,19.363102812652595,15.459492073096497,none,O5,True
static_obstacles,79.54999999999762,135.01003826345502,135.01003826345502,19.339233010168435,15.459492073096497,none,O5,True
static_obstacles,79.59999999999762,134.1014539829042,134.1014539829042,19.315728025136345,15.459492073096497,none,O5,True
static_obstacles,79.64999999999762,133.20793559465588,133.20793559465588,19.29258486447032,15.459492073096497,none,O5,True
static_obstacles,79.69999999999762,132.32931783681906,132.32931783681906,19.269800543725214,15.459492073096497,none,O5,True
static_obstacles,79.74999999999761,131.46543709558304,131.46543709558304,19.247372086955572,15.459492073096497,none,O5,True
static_obstacles,79.79999999999761,130.61613137704418,130.61613137704418,19.225296526586465,15.459492073096497,none,O5,True
static_obstacles,79.8499999999976,129.78124027979229,129.78124027979229,19.203570903296235,15.459492073096497,none,O5,True
static_obstacles,79.8999999999976,128.96060496824893,128.96060496824893,19.182192265911173,15.459492073096497,none,O5,True
static_obstacles,79.9499999999976,128.15406814675143,128.15406814675143,19.16115767131216,15.459492073096497,none,O5,True
static_obstacles,79.9999999999976,127.36147403437221,127.36147403437221,19.14046418435315,15.459492073096497,none,O5,True
static_obstacles,80.0499999999976,126.58266834046415,126.58266834046415,19.120108877791402,15.459492073096497,none,O5,True
static_obstacles,80.09999999999759,125.81749824092518,125.81749824092518,19.100088832229513,15.459492073096497,none,O5,True
static_obstacles,80.14999999999759,125.06581235516765,125.06581235516765,19.080401136068946,15.459492073096497,none,O5,True
static_obstacles,80.19999999999759,124.32746072378697,124.32746072378697,19.061042885475086,15.459492073096497,none,O5,True
static_obstacles,80.24999999999758,123.60229478691437,123.60229478691437,19.042011184353605,15.459492073096497,none,O5,True
static_obstacles,80.29999999999758,122.89016736324433,122.89016736324433,19.02330314433794,15.459492073096497,none,O5,True
static_obstacles,80.34999999999758,122.190932629726,122.190932629726,19.004915884787795,15.459492073096497,none,O5,True
static_obstacles,80.39999999999758,121.50444610190439,121.50444610190439,18.986846532798378,15.459492073096497,none,O5,True
static_obstacles,80.44999999999757,120.8305646148984,120.8305646148984,18.96909222322017,15.459492073096497,none,O5,True
static_obstacles,80.49999999999757,120.16914630500648,120.16914630500648,18.95165009868903,15.459492073096497,none,O5,True
static_obstacles,80.54999999999757,119.5200505919216,119.5200505919216,18.93451730966636,15.459492073096497,none,O5,True
static_obstacles,80.59999999999756,118.88313816154559,118.88313816154559,18.91769101448903,15.459492073096497,none,O5,True
static_obstacles,80.64999999999756,118.2582709493876,118.2582709493876,18.90116837942885,15.459492073096497,none,O5,True
static_obstacles,80.69999999999756,117.64531212453264,117.64531212453264,18.884946578761244,15.459492073096497,none,O5,True
static_obstacles,80.74999999999756,117.04412607416575,117.04412607416575,18.869022794842852,15.459492073096497,none,O5,True
static_obstacles,80.79999999999755,116.45457838863555,116.45457838863555,18.85339421819766,15.459492073096497,none,O5,True
static_obstacles,80.84999999999755,115.87653584704677,115.87653584704677,18.838058047611494,15.459492073096497,none,O5,True
static_obstacles,80.89999999999755,115.30986640336161,115.30986640336161,18.823011490234368,15.459492073096497,none,O5,True
static_obstacles,80.94999999999754,114.75443917299762,114.75443917299762,18.80825176169043,15.459492073096497,none,O5,True
static_obstacles,80.99999999999754,114.2101244199059,114.2101244199059,18.793776086195113,15.459492073096497,none,O5,True
static_obstacles,81.04999999999754,113.67679354411368,113.67679354411368,18.779581696679166,15.459492073096497,none,O5,True
static_obstacles,81.09999999999754,113.1543190697187,113.1543190697187,18.765665834919158,15.459492073096497,none,O5,True
static_obstacles,81.14999999999753,112.64257463331498,112.64257463331498,18.752025751674097,15.459492073096497,none,O5,True
static_obstacles,81.19999999999753,112.14143497283825,112.14143497283825,18.738658706827756,15.459492073096497,none,O5,True
static_obstacles,81.24999999999753,111.65077591681532,111.65077591681532,18.72556196953642,15.459492073096497,none,O5,True
static_obstacles,81.29999999999752,111.17047437399961,111.17047437399961,18.71273281838153,15.459492073096497,none,O5,True
static_obstacles,81.34999999999752,110.70040832337796,110.70040832337796,18.700168541526875,15.459492073096497,none,O5,True
static_obstacles,81.39999999999752,110.24045680453796,110.24045680453796,18.687866436880146,15.459492073096497,none,O5,True
static_obstacles,81.44999999999752,109.79049990837191,109.79049990837191,18.675823812258063,15.459492073096497,none,O5,True
static_obstacles,81.49999999999751,109.35041876811093,109.35041876811093,18.66403798555512,15.459492073096497,none,O5,True
static_obstacles,81.54999999999751,108.92009555066872,108.92009555066872,18.65250628491523,15.459492073096497,none,O5,True
static_obstacles,81.59999999999751,108.49941344828179,108.49941344828179,18.6412260489061,15.459492073096497,none,O5,True
static_obstacles,81.6499999999975,108.08825667043405,108.08825667043405,18.630194626695864,15.459492073096497,none,O5,True
static_obstacles,81.6999999999975,107.68651043604618,107.68651043604618,18.61940937823162,15.459492073096497,none,O5,True
static_obstacles,81.7499999999975,107.2940609659203,107.2940609659203,18.608867674419464,15.459492073096497,none,O5,True
static_obstacles,81.7999999999975,106.91079547542577,106.91079547542577,18.598566897305805,15.459492073096497,none,O5,True
static_obstacles,81.8499999999975,106.53660216740778,106.53660216740778,18.58850444025934,15.459492073096497,none,O5,True
static_obstacles,81.89999999999749,106.1713702253115,106.1713702253115,18.578677708153638,15.459492073096497,none,O5,True
static_obstacles,81.94999999999749,105.81498980650642,105.81498980650642,18.56908411754979,15.459492073096497,none,O5,True
static_obstacles,81.99999999999748,105.46735203579502,105.46735203579502,18.55972109687881,15.459492073096497,none,O5,True
static_obstacles,82.04999999999748,105.12834899909925,105.12834899909925,18.55058608662359,15.459492073096497,none,O5,True
static_obstacles,82.09999999999748,104.7978737373077,104.7978737373077,18.541676539499903,15.459492073096497,none,O5,True
static_obstacles,82.14999999999748,104.47582024027449,104.47582024027449,18.532989920636332,15.459492073096497,none,O5,True
static_obstacles,82.19999999999747,104.1620834409583,104.1620834409583,18.524523707752696,15.459492073096497,none,O5,True
static_obstacles,82.24999999999747,103.85655920968853,103.85655920968853,18.516275391336723,15.459492073096497,none,O5,True
static_obstacles,82.29999999999747,103.5591443485516,103.5591443485516,18.508242474818754,15.459492073096497,none,O5,True
static_obstacles,82.34999999999746,103.26973658588153,103.26973658588153,18.500422474744056,15.459492073096497,none,O5,True
static_obstacles,82.39999999999746,102.98823457085209,102.98823457085209,18.492812920942708,15.459492073096497,none,O5,True
static_obstacles,82.44999999999746,102.71453786815428,102.71453786815428,18.485411356696602,15.459492073096497,none,O5,True
static_obstacles,82.49999999999746,102.44854695275305,102.44854695275305,18.478215338903443,15.459492073096497,none,O5,True
static_obstacles,82.54999999999745,102.1901632047159,102.1901632047159,18.471222438237522,15.459492073096497,none,O5,True
static_obstacles,82.59999999999745,101.93928890410129,101.93928890410129,18.464430239307,15.459492073096497,none,O5,True
static_obstacles,82.64999999999745,101.6958272259022,101.6958272259022,18.457836340807546,15.459492073096497,none,O5,True
static_obstacles,82.69999999999744,101.45968223503425,101.45968223503425,18.451438355672103,15.459492073096497,none,O5,True
static_obstacles,82.74999999999744,101.23075888136353,101.23075888136353,18.445233911216658,15.459492073096497,none,O5,True
static_obstacles,82.79999999999744,101.00896299476548,101.00896299476548,18.43922064928176,15.459492073096497,none,O5,True
static_obstacles,82.84999999999744,100.79420128021022,100.79420128021022,18.43339622636978,15.459492073096497,none,O5,True
static_obstacles,82.89999999999743,100.58638131286463,100.58638131286463,18.427758313777563,15.459492073096497,none,O5,True
static_obstacles,82.94999999999743,100.38541153321003,100.38541153321003,18.422304597724562,15.459492073096497,none,O5,True
static_obstacles,82.99999999999743,100.19120124216502,100.19120124216502,18.417032779476134,15.459492073096497,none,O5,True
static_obstacles,83.04999999999742,100.0036605962122,100.0036605962122,18.411940575462044,15.459492073096497,none,O5,True
static_obstacles,83.09999999999742,99.82270060252196,99.82270060252196,18.40702571738996,15.459492073096497,none,O5,True
static_obstacles,83.14999999999742,99.64823311407005,99.64823311407005,18.40228595235395,15.459492073096497,none,O5,True
static_obstacles,83.19999999999742,99.48017082474186,99.48017082474186,18.397719042937776,15.459492073096497,none,O5,True
static_obstacles,83.24999999999741,99.31842726442417,99.31842726442417,18.393322767313077,15.459492073096497,none,O5,True
static_obstacles,83.29999999999741,99.16291679407735,99.16291679407735,18.38909491933224,15.459492073096497,none,O5,True
static_obstacles,83.34999999999741,99.01355460078409,99.01355460078409,18.385033308615938,15.459492073096497,none,O5,True
static_obstacles,83.3999999999974,98.8702566927769,98.8702566927769,18.381135760635424,15.459492073096497,none,O5,True
static_obstacles,83.4499999999974,98.73293989443405,98.73293989443405,18.377400116789303,15.459492073096497,none,O5,True
static_obstacles,83.4999999999974,98.60152184124766,98.60152184124766,18.37382423447501,15.459492073096497,none,O5,True
static_obstacles,83.5499999999974,98.47592097475953,98.47592097475953,18.3704059871548,15.459492073096497,none,O5,True
static_obstacles,83.5999999999974,98.35605653746242,98.35605653746242,18.367143264416377,15.459492073096497,none,O5,True
static_obstacles,83.64999999999739,98.24184856766587,98.24184856766587,18.36403397202802,15.459492073096497,none,O5,True
static_obstacles,83.69999999999739,98.13321789432317,98.13321789432317,18.361076031988336,15.459492073096497,none,O5,True
static_obstacles,83.74999999999739,98.03008613182314,98.03008613182314,18.358267382570627,15.459492073096497,none,O5,True
static_obstacles,83.79999999999738,97.93237567473861,97.93237567473861,18.355605978361815,15.459492073096497,none,O5,True
static_obstacles,83.84999999999738,97.84000969253768,97.84000969253768,18.353089790296103,15.459492073096497,none,O5,True
static_obstacles,83.89999999999738,97.75291212425142,97.75291212425142,18.350716805683227,15.459492073096497,none,O5,True
static_obstacles,83.94999999999737,97.67100767310248,97.67100767310248,18.34848502823151,15.459492073096497,none,O5,True
static_obstacles,83.99999999999737,97.59422180109064,97.59422180109064,18.346392478065656,15.459492073096497,none,O5,True
static_obstacles,84.04999999999737,97.52248072353675,97.52248072353675,18.34443719173936,15.459492073096497,none,O5,True
static_obstacles,84.09999999999737,97.45571140358467,97.45571140358467,18.342617222242797,15.459492073096497,none,O5,True
static_obstacles,84.14999999999736,97.39384154666308,97.39384154666308,18.340930639005112,15.459492073096497,none,O5,True
static_obstacles,84.19999999999736,97.33679959490448,97.33679959490448,18.339375527891836,15.459492073096497,none,O5,True
static_obstacles,84.24999999999736,97.2845147215248,97.2845147215248,18.33794999119744,15.459492073096497,none,O5,True
static_obstacles,84.29999999999735,97.23691682516167,97.23691682516167,18.336652147633032,15.459492073096497,none,O5,True
static_obstacles,84.34999999999735,97.19393652417372,97.19393652417372,18.335480132309247,15.459492073096497,none,O5,True
static_obstacles,84.39999999999735,97.15550515090214,97.15550515090214,18.33443209671452,15.459492073096497,none,O5,True
static_obstacles,84.44999999999735,97.12155474589358,97.12155474589358,18.333506208688696,15.459492073096497,none,O5,True
static_obstacles,84.49999999999734,97.0920180520861,97.0920180520861,18.33270065239215,15.459492073096497,none,O5,True
static_obstacles,84.54999999999734,97.06682850896064,97.06682850896064,18.332013628270467,15.459492073096497,none,O5,True
static_obstacles,84.59999999999734,97.04592024665672,97.04592024665672,18.33144335301479,15.459492073096497,none,O5,True
static_obstacles,84.64999999999733,97.02922808005556,97.02922808005556,18.33098805951793,15.459492073096497,none,O5,True
static_obstacles,84.69999999999733,97.01668750283179,97.01668750283179,18.33064599682633,15.459492073096497,none,O5,True
static_obstacles,84.74999999999733,97.00823468147266,97.00823468147266,18.330415430087942,15.459492073096497,none,O5,True
static_obstacles,84.79999999999733,97.00380644927017,97.00380644927017,18.3302946404962,15.459492073096497,none,O5,True
static_obstacles,84.84999999999732,97.00334030028338,97.00334030028338,18.330281925230086,15.459492073096497,none,O5,True
static_obstacles,84.89999999999732,97.00677438327583,97.00677438327583,18.330375597390503,15.459492073096497,none,O5,True
static_obstacles,84.94999999999732,97.01404749562684,97.01404749562684,18.330573985932908,15.459492073096497,none,O5,True
static_obstacles,84.99999999999731,97.02509907721966,97.02509907721966,18.330875435596443,15.459492073096497,none,O5,True
static_obstacles,85.04999999999731,97.03986911706826,97.03986911706826,18.331278304450066,15.459492073096497,none,O5,True
static_obstacles,85.09999999999731,97.0583912407117,97.0583912407117,18.331783502944965,15.459492073096497,none,O5,True
static_obstacles,85.1499999999973,97.08095307172383,97.08095307172383,18.332398867302043,15.459492073096497,none,O5,True
static_obstacles,85.1999999999973,97.10798527032316,97.10798527032316,18.333136131836707,15.459492073096497,none,O5,True
static_obstacles,85.2499999999973,97.13998501646111,97.13998501646111,18.33400884080169,15.459492073096497,none,O5,True
static_obstacles,85.2999999999973,97.17746410305537,97.17746410305537,18.335030931558006,15.459492073096497,none,O5,True
static_obstacles,85.3499999999973,97.22091455766733,97.22091455766733,18.336215795954214,15.459492073096497,none,O5,True
static_obstacles,85.39999999999729,97.27078669643484,97.27078669643484,18.337575680949985,15.459492073096497,none,O5,True
static_obstacles,85.44999999999729,97.3274759461718,97.3274759461718,18.33912132857802,15.459492073096497,none,O5,True
static_obstacles,85.49999999999729,97.3913158032934,97.3913158032934,18.340861783499346,15.459492073096497,none,O5,True
static_obstacles,85.54999999999728,97.46257504279336,97.46257504279336,18.34280431670487,15.459492073096497,none,O5,True
static_obstacles,85.59999999999728,97.54145782710438,97.54145782710438,18.344954428540774,15.459492073096497,none,O5,True
static_obstacles,85.64999999999728,97.62810575123589,97.62810575123589,18.34731590476845,15.459492073096497,none,O5,True
static_obstacles,85.69999999999727,97.7226011388627,97.7226011388627,18.34989090695081,15.459492073096497,none,O5,True
static_obstacles,85.74999999999727,97.82497110423438,97.82497110423438,18.352680083910574,15.459492073096497,none,O5,True
static_obstacles,85.79999999999727,97.93519203862465,97.93519203862465,18.3556826949247,15.459492073096497,none,O5,True
static_obstacles,85.84999999999727,98.0531942832786,98.0531942832786,18.358896738132497,15.459492073096497,none,O5,True
static_obstacles,85.89999999999726,98.1788668247593,98.1788668247593,18.36231907965039,15.459492073096497,none,O5,True
static_obstacles,85.94999999999726,98.31206190144823,98.31206190144823,18.36594558032833,15.459492073096497,none,O5,True
static_obstacles,85.99999999999726,98.45259944759832,98.45259944759832,18.369771218110795,15.459492073096497,none,O5,True
static_obstacles,86.04999999999725,98.60027132804939,98.60027132804939,18.373790204696004,15.459492073096497,none,O5,True
static_obstacles,86.09999999999725,98.75484533557002,98.75484533557002,18.377996095703782,15.459492073096497,none,O5,True
static_obstacles,86.14999999999725,98.91606893599325,98.91606893599325,18.38238189392568,15.459492073096497,none,O5,True
static_obstacles,86.19999999999725,99.08367275547968,99.08367275547968,18.386940145484054,15.459492073096497,none,O5,True
static_obstacles,86.24999999999724,99.25737381052167,99.25737381052167,18.391663028901306,15.459492073096497,none,O5,True
static_obstacles,86.29999999999724,99.43687848552153,99.43687848552153,18.39654243719876,15.459492073096497,none,O5,True
static_obstacles,86.34999999999724,99.62188526554829,99.62188526554829,18.401570053223224,15.459492073096497,none,O5,True
static_obstacles,86.39999999999723,99.81208723361496,99.81208723361496,18.406737418449485,15.459492073096497,none,O5,True
static_obstacles,86.44999999999723,100.00717434285374,100.00717434285374,18.412035995538005,15.459492073096497,none,O5,True
static_obstacles,86.49999999999723,100.20683547448917,100.20683547448917,18.417457224943476,15.459492073096497,none,O5,True
static_obstacles,86.54999999999723,100.41076029272179,100.41076029272179,18.42299257587798,15.459492073096497,none,O5,True
static_obstacles,86.59999999999722,100.61864090759312,100.61864090759312,18.42863359193314,15.459492073096497,none,O5,True
static_obstacles,86.64999999999722,100.83017335674933,100.83017335674933,18.434371931662948,15.459492073096497,none,O5,True
static_obstacles,86.69999999999722,101.04505891674458,101.04505891674458,18.44019940442288,15.459492073096497,none,O5,True
static_obstacles,86.74999999999721,101.26300525422559,101.26300525422559,18.446108001753622,15.459492073096497,none,O5,True
static_obstacles,86.79999999999721,101.48372742699061,101.48372742699061,18.45208992458914,15.459492073096497,none,O5,True
static_obstacles,86.84999999999721,101.70694874457061,101.70694874457061,18.458137606559987,15.459492073096497,none,O5,True
static_obstacles,86.8999999999972,101.9324014976307,101.9324014976307,18.464243733653543,15.459492073096497,none,O5,True
static_obstacles,86.9499999999972,102.15982756514515,102.15982756514515,18.47040126048372,15.459492073096497,none,O5,True
static_obstacles,86.9999999999972,102.3889789079661,102.3889789079661,18.47660342341361,15.459492073096497,none,O5,True
static_obstacles,87.0499999999972,102.6196179570837,102.6196179570837,18.482843750765657,15.459492073096497,none,O5,True
static_obstacles,87.0999999999972,102.85151790455896,102.85151790455896,18.489116070345073,15.459492073096497,none,O5,True
static_obstacles,87.14999999999719,103.08446290481189,103.08446290481189,18.495414514493728,15.459492073096497,none,O5,True
static_obstacles,87.19999999999719,103.31824819364343,103.31824819364343,18.501733522883114,15.459492073096497,none,O5,True
static_obstacles,87.24999999999719,103.5526801320859,103.5526801320859,18.508067843246614,15.459492073096497,none,O5,True
static_obstacles,87.29999999999718,103.78757618188948,103.78757618188948,18.514412530243106,15.459492073096497,none,O5,True
static_obstacles,87.34999999999718,104.02276481916644,104.02276481916644,18.520762942635486,15.459492073096497,none,O5,True
static_obstacles,87.39999999999718,104.25808539244062,104.25808539244062,18.5271147389596,15.459492073096497,none,O5,True
static_obstacles,87.44999999999717,104.49338793106503,104.49338793106503,18.53346387185079,15.459492073096497,none,O5,True
static_obstacles,87.49999999999717,104.72853290969587,104.72853290969587,18.539806581187122,15.459492073096497,none,O5,True
static_obstacles,87.54999999999717,104.96339097423103,104.96339097423103,18.54613938620015,15.459492073096497,none,O5,True
static_obstacles,87.59999999999717,105.1978426343434,105.1978426343434,18.55245907669592,15.459492073096497,none,O5,True
static_obstacles,87.64999999999716,105.43177792746016,105.43177792746016,18.55876270352077,15.459492073096497,none,O5,True
static_obstacles,87.69999999999716,105.66509605876487,105.66509605876487,18.56504756839848,15.459492073096497,none,O5,True
static_obstacles,87.74999999999716,105.89770502151416,105.89770502151416,18.571311213257065,15.459492073096497,none,O5,True
static_obstacles,87.79999999999715,106.12952120169675,106.12952120169675,18.577551409155895,15.459492073096497,none,O5,True
static_obstacles,87.84999999999715,106.36046897077878,106.36046897077878,18.583766144915625,15.459492073096497,none,O5,True
static_obstacles,87.89999999999715,106.59048027001498,106.59048027001498,18.58995361554591,15.459492073096497,none,O5,True
static_obstacles,87.94999999999715,106.81949418953704,106.81949418953704,18.596112210558164,15.459492073096497,none,O5,True
static_obstacles,87.99999999999714,107.04745654517072,107.04745654517072,18.602240502243383,15.459492073096497,none,O5,True
static_obstacles,88.04999999999714,107.27431945567301,107.27431945567301,18.608337233987523,15.459492073096497,none,O5,True
static_obstacles,88.09999999999714,107.50004092283618,107.50004092283618,18.614401308690258,15.459492073096497,none,O5,True
static_obstacles,88.14999999999714,107.7245844166608,107.7245844166608,18.620431777345935,15.459492073096497,none,O5,True
static_obstacles,88.19999999999713,107.94791846756581,107.94791846756581,18.626427827839112,15.459492073096497,none,O5,True
static_obstacles,88.24999999999713,108.17001626737985,108.17001626737985,18.63238877400086,15.459492073096497,none,O5,True
static_obstacles,88.29999999999713,108.3908552806399,108.3908552806399,18.638314044965906,15.459492073096497,none,O5,True
static_obstacles,88.34999999999712,108.61041686752012,108.61041686752012,18.644203174865197,15.459492073096497,none,O5,True
static_obstacles,88.39999999999712,108.8286859195168,108.8286859195168,18.65005579288304,15.459492073096497,none,O5,True
static_obstacles,88.44999999999712,109.04565050882886,109.04565050882886,18.65587161370281,15.459492073096497,none,O5,True
static_obstacles,88.49999999999712,109.26130155220372,109.26130155220372,18.661650428360755,15.459492073096497,none,O5,True
static_obstacles,88.54999999999711,109.47563248985213,109.47563248985213,18.667392095522757,15.459492073096497,none,O5,True
static_obstacles,88.59999999999711,109.68863897988271,109.68863897988271,18.67309653319492,15.459492073096497,none,O5,True
static_obstacles,88.6499999999971,109.90031860857275,109.90031860857275,18.678763710875145,15.459492073096497,none,O5,True
static_obstacles,88.6999999999971,110.11067061665594,110.11067061665594,18.684393642149306,15.459492073096497,none,O5,True
static_obstacles,88.7499999999971,110.31969564169347,110.31969564169347,18.689986377732513,15.459492073096497,none,O5,True
static_obstacles,88.7999999999971,110.527395476485,110.527395476485,18.69554199895308,15.459492073096497,none,O5,True
static_obstacles,88.8499999999971,110.73377284338156,110.73377284338156,18.701060611674276,15.459492073096497,none,O5,True
static_obstacles,88.89999999999709,110.93883118427365,110.93883118427365,18.706542340646685,15.459492073096497,none,O5,True
static_obstacles,88.94999999999709,111.14257446595016,111.14257446595016,18.71198732428182,15.459492073096497,none,O5,True
static_obstacles,88.99999999999709,111.34500700045808,111.34500700045808,18.71739570983612,15.459492073096497,none,O5,True
static_obstacles,89.04999999999708,111.54613328003282,111.54613328003282,18.72276764899266,15.459492073096497,none,O5,True
static_obstacles,89.09999999999708,111.74595782611769,111.74595782611769,18.72810329382693,15.459492073096497,none,O5,True
static_obstacles,89.14999999999708,111.94448505195075,111.94448505195075,18.733402793141565,15.459492073096497,none,O5,True
static_obstacles,89.19999999999708,112.14171913815963,112.14171913815963,18.73866628915444,15.459492073096497,none,O5,True
static_obstacles,89.24999999999707,112.33766392078039,112.33766392078039,18.74389391452357,15.459492073096497,none,O5,True
static_obstacles,89.29999999999707,112.53232279109002,112.53232279109002,18.74908578969181,15.459492073096497,none,O5,True
static_obstacles,89.34999999999707,112.72569860663154,112.72569860663154,18.754242020534047,15.459492073096497,none,O5,True
static_obstacles,89.39999999999706,112.91779361279836,112.91779361279836,18.759362696289333,15.459492073096497,none,O5,True
static_obstacles,89.44999999999706,113.1086093743373,113.1086093743373,18.764447887760266,15.459492073096497,none,O5,True
static_obstacles,89.49999999999706,113.29814671613357,113.29814671613357,18.769497645762048,15.459492073096497,none,O5,True
static_obstacles,89.54999999999706,113.48640567264144,113.48640567264144,18.774511999803746,15.459492073096497,none,O5,True
static_obstacles,89.59999999999705,113.6733854453303,113.6733854453303,18.779490956984528,15.459492073096497,none,O5,True
static_obstacles,89.64999999999705,113.85908436753115,113.85908436753115,18.784434501087983,15.459492073096497,none,O5,True
static_obstacles,89.69999999999705,114.04349987607449,114.04349987607449,18.78934259185797,15.459492073096497,none,O5,True
static_obstacles,89.74999999999704,114.2266284891335,114.2266284891335,18.79421516444001,15.459492073096497,none,O5,True
static_obstacles,89.79999999999704,114.40846578969669,114.40846578969669,18.799052128972622,15.459492073096497,none,O5,True
static_obstacles,89.84999999999704,114.58900641412234,114.58900641412234,18.803853370313643,15.459492073096497,none,O5,True
static_obstacles,89.89999999999704,114.76824404523629,114.76824404523629,18.80861874788709,15.459492073096497,none,O5,True
static_obstacles,89.94999999999703,114.94617140946858,114.94617140946858,18.813348095636833,15.459492073096497,none,O5,True
static_obstacles,89.99999999999703,115.1227802775397,115.1227802775397,18.818041222073916,15.459492073096497,none,O5,True
static_obstacles,90.04999999999703,115.29806146823015,115.29806146823015,18.82269791040497,15.459492073096497,none,O5,True
static_obstacles,90.09999999999702,115.47200485479752,115.47200485479752,18.827317918729978,15.459492073096497,none,O5,True
static_obstacles,90.14999999999702,115.64459937362201,115.64459937362201,18.831900980298176,15.459492073096497,none,O5,True
static_obstacles,90.19999999999702,115.8158330346889,115.8158330346889,18.836446803811548,15.459492073096497,none,O5,True
static_obstacles,90.24999999999702,115.98569293354021,115.98569293354021,18.84095507376613,15.459492073096497,none,O5,True
static_obstacles,90.29999999999701,116.15416526435203,116.15416526435203,18.845425450821892,15.459492073096497,none,O5,True
static_obstacles,90.34999999999701,116.32123533381159,116.32123533381159,18.849857572192555,15.459492073096497,none,O5,True
static_obstacles,90.39999999999701,116.4868875755021,116.4868875755021,18.854251052047534,15.459492073096497,none,O5,True
static_obstacles,90.449999999997,116.65110556451285,116.65110556451285,18.858605481918495,15.459492073096497,none,O5,True
static_obstacles,90.499999999997,116.81387203202016,116.81387203202016,18.862920431103813,15.459492073096497,none,O5,True
static_obstacles,90.549999999997,116.97516887960691,116.97516887960691,18.867195447064738,15.459492073096497,none,O5,True
static_obstacles,90.599999999997,117.1349771930995,117.1349771930995,18.871430055807455,15.459492073096497,none,O5,True
static_obstacles,90.649999999997,117.29327725573168,117.29327725573168,18.87562376224598,15.459492073096497,none,O5,True
static_obstacles,90.69999999999699,117.45004856044997,117.45004856044997,18.87977605054105,15.459492073096497,none,O5,True
static_obstacles,90.74999999999699,117.60526982120243,117.60526982120243,18.883886384410808,15.459492073096497,none,O5,True
static_obstacles,90.79999999999698,117.75891898306142,117.75891898306142,18.88795420740941,15.459492073096497,none,O5,True
static_obstacles,90.84999999999698,117.91097323104955,117.91097323104955,18.891978943170113,15.459492073096497,none,O5,True
static_obstacles,90.89999999999698,118.06140899754948,118.06140899754948,18.895959995609722,15.459492073096497,none,O5,True
static_obstacles,90.94999999999698,118.21020196819367,118.21020196819367,18.899896749091702,15.459492073096497,none,O5,True
static_obstacles,90.99999999999697,118.35732708613713,118.35732708613713,18.903788568545476,15.459492073096497,none,O5,True
static_obstacles,91.04999999999697,118.50275855463357,118.50275855463357,18.90763479953976,15.459492073096497,none,O5,True
static_obstacles,91.09999999999697,118.64646983783754,118.64646983783754,18.911434768308062,15.459492073096497,none,O5,True
static_obstacles,91.14999999999696,118.78843365977164,118.78843365977164,18.91518778172464,15.459492073096497,none,O5,True
static_obstacles,91.19999999999696,118.92862200139885,118.92862200139885,18.918893127229516,15.459492073096497,none,O5,True
static_obstacles,91.24999999999696,119.06700609575208,119.06700609575208,18.922550072701235,15.459492073096497,none,O5,True
static_obstacles,91.29999999999696,119.20355642107475,119.20355642107475,18.926157866276192,15.459492073096497,none,O5,True
static_obstacles,91.34999999999695,119.3382426919375,119.3382426919375,18.929715736113707,15.459492073096497,none,O5,True
static_obstacles,91.39999999999695,119.47103384829214,119.47103384829214,18.93322289010578,15.459492073096497,none,O5,True
static_obstacles,91.44999999999695,119.60189804243643,119.60189804243643,18.936678515530907,15.459492073096497,none,O5,True
static_obstacles,91.49999999999694,119.73080262385835,119.73080262385835,18.94008177865111,15.459492073096497,none,O5,True
static_obstacles,91.54999999999694,119.85771412193682,119.85771412193682,18.94343182425165,15.459492073096497,none,O5,True
static_obstacles,91.59999999999694,119.98259822647461,119.98259822647461,18.946727775122753,15.459492073096497,none,O5,True
static_obstacles,91.64999999999694,120.10541976603801,120.10541976603801,18.949968731482684,15.459492073096497,none,O5,True
static_obstacles,91.69999999999693,120.2261426840827,120.2261426840827,18.953153770341657,15.459492073096497,none,O5,True
static_obstacles,91.74999999999693,120.34473001284184,120.34473001284184,18.95628194480593,15.459492073096497,none,O5,True
static_obstacles,91.79999999999693,120.46114384495135,120.46114384495135,18.95935228332141,15.459492073096497,none,O5,True
static_obstacles,91.84999999999692,120.57534530278829,120.57534530278829,18.962363788856116,15.459492073096497,none,O5,True
static_obstacles,91.89999999999692,120.6872945054939,120.6872945054939,18.965315438020728,15.459492073096497,none,O5,True
static_obstacles,91.94999999999692,120.79695053365182,120.79695053365182,18.968206180126398,15.459492073096497,none,O5,True
static_obstacles,91.99999999999692,120.90427139159115,120.90427139159115,18.971034936179013,15.459492073096497,none,O5,True
static_obstacles,92.04999999999691,121.00921396727583,121.00921396727583,18.973800597808793,15.459492073096497,none,O5,True
static_obstacles,92.09999999999691,121.11173398974458,121.11173398974458,18.97650202613427,15.459492073096497,none,O5,True
static_obstacles,92.14999999999691,121.21178598405831,121.21178598405831,18.979138050559403,15.459492073096497,none,O5,True
static_obstacles,92.1999999999969,121.30932322370839,121.30932322370839,18.981707467502545,15.459492073096497,none,O5,True
static_obstacles,92.2499999999969,121.40429768043586,121.40429768043586,18.984209039055834,15.459492073096497,none,O5,True
static_obstacles,92.2999999999969,121.49665997140661,121.49665997140661,18.98664149157349,15.459492073096497,none,O5,True
static_obstacles,92.3499999999969,121.58635930368447,121.58635930368447,18.989003514187306,15.459492073096497,none,O5,True
static_obstacles,92.3999999999969,121.67334341593673,121.67334341593673,18.99129375724756,15.459492073096497,none,O5,True
static_obstacles,92.44999999999689,121.7575585173025,121.7575585173025,18.993510830687303,15.459492073096497,none,O5,True
static_obstacles,92.49999999999689,121.83894922335472,121.83894922335472,18.99565330230809,15.459492073096497,none,O5,True
static_obstacles,92.54999999999688,121.9174584890711,121.9174584890711,18.99771969598469,15.459492073096497,none,O5,True
static_obstacles,92.59999999999688,121.99302753873488,121.99302753873488,18.99970848978658,15.459492073096497,none,O5,True
static_obstacles,92.64999999999688,122.06559579267511,122.06559579267511,19.001618114013567,15.459492073096497,none,O5,True
static_obstacles,92.69999999999688,122.13510079075448,122.13510079075448,19.003446949142884,15.459492073096497,none,O5,True
static_obstacles,92.74999999999687,122.20147811250294,122.20147811250294,19.005193323684882,15.459492073096497,none,O5,True
static_obstacles,92.79999999999687,122.26466129380017,122.26466129380017,19.00685551194446,15.459492073096497,none,O5,True
